Experiment,Trial,Stage,Stage_Name,Duration,Avg_Distance,Avg_Gaze_Percent,Avg_Idle_Percent,Idle_Lever_Percent,Idle_Mag_Percent,Idle_Other_Percent,Is_Successful
0,-1,0,Begin to First Press,1.1999999999999933,477.7710600010746,0.0,81.60794941282745,40.27379400260756,0.0,59.72620599739244,False
0,-1,1,First Press to Coop/Last Press,1.0166666666666753,478.8593789820291,2.5641025641025643,84.82905982905983,65.55555555555556,0.0,34.44444444444445,False
0,-1,2,Coop/Last Press to First Mag,5.9066666666666565,219.25159078177282,4.021427271118951,46.170701106191096,61.17511885536964,27.523103855392254,11.301777289238105,False
0,-1,3,First Mag to Next Begin,4.845000000000001,304.95639946646315,0.1773049645390071,58.18458755771336,73.42105263157895,3.0821917808219177,23.496755587599132,False
1,-1,0,Begin to First Press,0.6812499999999972,15963.722398100152,3.6184210526315788,80.83152854963495,84.79166666666666,10.208333333333332,5.0,False
1,-1,1,First Press to Coop/Last Press,0.4612499999999997,16202.465408411386,6.25,82.72569444444446,92.3828125,7.6171875,0.0,False
1,-1,2,Coop/Last Press to First Mag,14.38249999999999,15925.687481200192,1.117858771415543,50.62373920433144,63.282664325948915,29.57538747461406,7.141948199437023,False
1,-1,3,First Mag to Next Begin,4.987500000000022,451.0972526667938,0.0,72.25506264568764,76.77564609591279,15.576951183864368,7.6474027202228445,False
