SessionID,Date,RatPair,Familiarity,BarrierTransparency,FPS,EventType,AbsTime,TrialTime,Length_frames,RatID,Location_Rat0,Location_Rat1,X_Coord_Rat0,Y_Coord_Rat0,X_Coord_Rat1,Y_Coord_Rat1,Avg_InterRat_Distance,Avg_Gazing_±5s,Avg_Interactions_±5s,coopSucc,Hit
043024_KL004_TimeOut_Opaque_TrNum7,2024-04-30,KL004G-KL004R,Training Partner,opaque,30.004011785838085,gaze,1.3664839319704583,,10,0.0,mid,mid,808.4768676757812,384.713623046875,701.2270202637858,206.77789636122617,207.75864025605827,,,,
043024_KL004_TimeOut_Opaque_TrNum7,2024-04-30,KL004G-KL004R,Training Partner,opaque,30.004011785838085,gaze,2.0663903361504494,,4,0.0,mid,mid,812.4481201171875,384.2979736328125,701.2270202637858,206.77789636122617,209.4839155809112,,,,
043024_KL004_TimeOut_Opaque_TrNum7,2024-04-30,KL004G-KL004R,Training Partner,opaque,30.004011785838085,interaction,4.066122919521852,,3,,mid,mid,660.4616088867188,330.5776062011719,701.2270202637858,206.77789636122617,130.33873914226828,,,,
043024_KL004_TimeOut_Opaque_TrNum7,2024-04-30,KL004G-KL004R,Training Partner,opaque,30.004011785838085,interaction,6.2324998848408715,,14,,mid,mid,612.5576782226562,280.64288330078125,701.2270202637858,206.77789636122617,115.40488947001971,,,,
043024_KL004_TimeOut_Opaque_TrNum7,2024-04-30,KL004G-KL004R,Training Partner,opaque,30.004011785838085,interaction,8.19890359182275,,4,,mid,mid,704.5990600585938,214.37701416015625,698.2993869086898,203.27014921020495,12.769037975199117,,,,
043024_KL004_TimeOut_Opaque_TrNum7,2024-04-30,KL004G-KL004R,Training Partner,opaque,30.004011785838085,interaction,10.56525381547891,,2,,lev_top,lev_top,346.71049828024707,106.0181427355405,332.5030822753906,116.57465362548828,17.700016714812367,,,,
043024_KL004_TimeOut_Opaque_TrNum7,2024-04-30,KL004G-KL004R,Training Partner,opaque,30.004011785838085,levPress,10.67,0.66,1,1.0,lev_top,lev_top,293.0790868976459,71.32072306659103,208.3137664794922,236.4037628173828,185.57362301510892,0.0,0.08,0.0,1.0
043024_KL004_TimeOut_Opaque_TrNum7,2024-04-30,KL004G-KL004R,Training Partner,opaque,30.004011785838085,levPress,11.15,1.14,1,0.0,lev_top,mid,184.2518768310547,186.57652282714844,496.314208984375,258.4600830078125,320.2345162115045,0.0,0.08,0.0,-1.0
043024_KL004_TimeOut_Opaque_TrNum7,2024-04-30,KL004G-KL004R,Training Partner,opaque,30.004011785838085,interaction,13.064919544693163,,4,,mid,mid,548.3939893094268,201.62664765350902,684.5025634765625,170.63998413085938,139.59125072180052,,,,
043024_KL004_TimeOut_Opaque_TrNum7,2024-04-30,KL004G-KL004R,Training Partner,opaque,30.004011785838085,magEntry,13.89,,0,1.0,mag_top,mag_top,1273.0364194495244,245.25168260426042,1236.3912353515625,222.4981231689453,43.13460309948308,0.0,0.02,,0.0
043024_KL004_TimeOut_Opaque_TrNum7,2024-04-30,KL004G-KL004R,Training Partner,opaque,30.004011785838085,magEntry,19.72,,0,1.0,lev_top,mag_top,172.08886559837083,203.79407052497487,1234.511962890625,218.55633544921875,1062.5256524553938,0.0,0.0,,0.0
043024_KL004_TimeOut_Opaque_TrNum7,2024-04-30,KL004G-KL004R,Training Partner,opaque,30.004011785838085,levPress,19.76,0.640000000000001,1,0.0,lev_top,mag_top,171.43015265658704,205.272047130807,1234.4515380859375,218.55760192871094,1063.1044030792195,0.0,0.0,0.0,1.0
043024_KL004_TimeOut_Opaque_TrNum7,2024-04-30,KL004G-KL004R,Training Partner,opaque,30.004011785838085,levPress,27.54,0.629999999999999,1,0.0,lev_top,lev_bottom,190.4545135498047,196.3142547607422,260.327880859375,484.5619812011719,296.5957505718093,0.0,0.0,1.0,1.0
043024_KL004_TimeOut_Opaque_TrNum7,2024-04-30,KL004G-KL004R,Training Partner,opaque,30.004011785838085,levPress,28.13,1.22,1,0.0,lev_top,lev_bottom,188.4092254638672,198.57672119140625,168.53219604492188,498.428955078125,300.5103300476992,0.0,0.0,1.0,-1.0
043024_KL004_TimeOut_Opaque_TrNum7,2024-04-30,KL004G-KL004R,Training Partner,opaque,30.004011785838085,levPress,28.15,1.24,1,1.0,lev_top,lev_bottom,188.4092254638672,198.57672119140625,168.53219604492188,498.428955078125,300.5103300476992,0.0,0.0,1.0,1.0
043024_KL004_TimeOut_Opaque_TrNum7,2024-04-30,KL004G-KL004R,Training Partner,opaque,30.004011785838085,magEntry,30.32,0.990000000000002,0,1.0,mid,mag_top,904.3549194335938,400.3750305175781,1232.5650634765625,220.6319580078125,374.2051185753038,0.0,0.0,,1.0
043024_KL004_TimeOut_Opaque_TrNum7,2024-04-30,KL004G-KL004R,Training Partner,opaque,30.004011785838085,magEntry,30.98,1.65,0,0.0,mag_bottom,mag_top,1220.4453125,436.59014892578125,1234.6888427734375,224.65032958984375,212.4179021994148,0.0,0.0,,1.0
043024_KL004_TimeOut_Opaque_TrNum7,2024-04-30,KL004G-KL004R,Training Partner,opaque,30.004011785838085,levPress,38.84,0.650000000000006,1,,other,lev_top,184.9560735914894,325.7678411303733,190.23029775846754,266.3341305735425,59.66727236196304,0.018333333333333333,0.0,1.0,1.0
043024_KL004_TimeOut_Opaque_TrNum7,2024-04-30,KL004G-KL004R,Training Partner,opaque,30.004011785838085,levPress,39.04,0.850000000000001,1,1.0,lev_top,lev_bottom,192.4479522705078,208.5640869140625,173.90650168858758,525.951329052773,317.9283675013889,0.018333333333333333,0.0,1.0,1.0
043024_KL004_TimeOut_Opaque_TrNum7,2024-04-30,KL004G-KL004R,Training Partner,opaque,30.004011785838085,levPress,39.86,1.67,1,,lev_top,other,184.35842895507812,216.3993377685547,109.77980027330636,1488.5685200749235,1274.353326305585,0.018333333333333333,0.0,1.0,-2.0
043024_KL004_TimeOut_Opaque_TrNum7,2024-04-30,KL004G-KL004R,Training Partner,opaque,30.004011785838085,magEntry,41.72,0.839999999999996,0,0.0,mag_top,mag_bottom,1232.365234375,220.38665771484375,1216.630126953125,436.52825927734375,216.71360255318643,0.018333333333333333,0.0,,1.0
043024_KL004_TimeOut_Opaque_TrNum7,2024-04-30,KL004G-KL004R,Training Partner,opaque,30.004011785838085,magEntry,41.79,0.909999999999997,0,1.0,mag_top,mag_bottom,1232.394287109375,218.62509155273438,1220.5531005859375,436.588623046875,218.28493937896877,0.018333333333333333,0.0,,1.0
043024_KL004_TimeOut_Opaque_TrNum7,2024-04-30,KL004G-KL004R,Training Partner,opaque,30.004011785838085,gaze,42.794277284148016,,11,1.0,mag_top,mag_bottom,1228.6282958984375,220.55262756347656,1224.6634521484375,434.5938415527344,214.07793270665982,,,,
043024_KL004_TimeOut_Opaque_TrNum7,2024-04-30,KL004G-KL004R,Training Partner,opaque,30.004011785838085,levPress,48.17,0.670000000000002,1,1.0,mag_top,lev_top,1234.4156494140625,212.50196838378906,187.0566938688735,254.5405166285696,1048.2022807164835,0.0,0.0,0.0,1.0
043024_KL004_TimeOut_Opaque_TrNum7,2024-04-30,KL004G-KL004R,Training Partner,opaque,30.004011785838085,magEntry,49.76,8.88,0,0.0,mag_top,lev_top,1224.3837890625,220.6126251220703,184.52102661132812,236.38320922851562,1039.9823441076492,0.0,0.0,,-1.0
043024_KL004_TimeOut_Opaque_TrNum7,2024-04-30,KL004G-KL004R,Training Partner,opaque,30.004011785838085,magEntry,54.56,13.68,0,0.0,mag_top,lev_bottom,1228.5714111328125,220.50216674804688,174.57676696777344,468.47674560546875,1082.7724145396867,0.0,0.0,,-1.0
043024_KL004_TimeOut_Opaque_TrNum7,2024-04-30,KL004G-KL004R,Training Partner,opaque,30.004011785838085,levPress,58.7,0.68,1,0.0,lev_top,lev_bottom,192.48240661621094,216.4248504638672,188.82443424291714,468.9956632624074,252.59730053901808,0.0,0.0,1.0,1.0
043024_KL004_TimeOut_Opaque_TrNum7,2024-04-30,KL004G-KL004R,Training Partner,opaque,30.004011785838085,levPress,58.72,0.699999999999996,1,1.0,lev_top,lev_bottom,192.48240661621094,216.4248504638672,188.82443424291714,468.9956632624074,252.59730053901808,0.0,0.0,1.0,1.0
043024_KL004_TimeOut_Opaque_TrNum7,2024-04-30,KL004G-KL004R,Training Partner,opaque,30.004011785838085,levPress,58.94,0.919999999999995,1,1.0,lev_top,lev_bottom,188.58316040039062,210.52706909179688,185.12534761211057,472.9484354038416,262.44414637472704,0.0,0.0,1.0,-2.0
043024_KL004_TimeOut_Opaque_TrNum7,2024-04-30,KL004G-KL004R,Training Partner,opaque,30.004011785838085,magEntry,61.18,0.82,0,0.0,mag_top,mid,1232.3515625,224.48951721191406,812.40771484375,290.50445556640625,425.10093774335894,0.0,0.0,,1.0
043024_KL004_TimeOut_Opaque_TrNum7,2024-04-30,KL004G-KL004R,Training Partner,opaque,30.004011785838085,magEntry,62.16,1.8,0,1.0,mag_top,mag_bottom,1230.3153076171875,224.45155334472656,1220.3497314453125,440.4376220703125,216.215851851734,0.0,0.0033333333333333335,,1.0
043024_KL004_TimeOut_Opaque_TrNum7,2024-04-30,KL004G-KL004R,Training Partner,opaque,30.004011785838085,magEntry,63.28,2.92,0,1.0,mag_top,mag_bottom,1232.67578125,216.52830505371094,1228.5206298828125,448.41375732421875,231.9226773249701,0.0,0.0033333333333333335,,-1.0
043024_KL004_TimeOut_Opaque_TrNum7,2024-04-30,KL004G-KL004R,Training Partner,opaque,30.004011785838085,magEntry,66.18,5.82000000000001,0,0.0,mag_top,mag_bottom,1228.6558837890625,220.6590576171875,1172.35546875,394.5355224609375,182.764224508328,0.0,0.0033333333333333335,,-1.0
043024_KL004_TimeOut_Opaque_TrNum7,2024-04-30,KL004G-KL004R,Training Partner,opaque,30.004011785838085,interaction,67.0243704193315,,1,,mid,mid,790.2667270114365,167.8222347745531,788.5372314453125,158.29241943359375,9.685480646102528,,,,
043024_KL004_TimeOut_Opaque_TrNum7,2024-04-30,KL004G-KL004R,Training Partner,opaque,30.004011785838085,levPress,68.5,0.629999999999995,1,0.0,lev_top,mag_top,196.39825439453125,204.50930786132812,1232.5555419921875,224.46485900878906,1036.3494336676847,0.0,0.0033333333333333335,0.0,1.0
043024_KL004_TimeOut_Opaque_TrNum7,2024-04-30,KL004G-KL004R,Training Partner,opaque,30.004011785838085,levPress,69.09,1.22,1,0.0,lev_top,mid,180.5594940185547,198.25050354003906,916.3549194335938,252.48985290527344,737.7918507826325,0.0,0.0033333333333333335,0.0,-1.0
043024_KL004_TimeOut_Opaque_TrNum7,2024-04-30,KL004G-KL004R,Training Partner,opaque,30.004011785838085,levPress,69.27,1.39999999999999,1,0.0,lev_top,mid,188.695068359375,196.36705017089844,716.6061401367188,312.54913330078125,540.5445181902253,0.0,0.0033333333333333335,0.0,-1.0
043024_KL004_TimeOut_Opaque_TrNum7,2024-04-30,KL004G-KL004R,Training Partner,opaque,30.004011785838085,levPress,70.29,2.42,1,1.0,lev_top,lev_bottom,184.5229949951172,206.46072387695312,168.51779174804688,472.4510498046875,266.47142439316525,0.0,0.0033222591362126247,0.0,1.0
043024_KL004_TimeOut_Opaque_TrNum7,2024-04-30,KL004G-KL004R,Training Partner,opaque,30.004011785838085,magEntry,72.0,11.64,0,0.0,mag_top,lev_bottom,1232.3599853515625,216.5688934326172,181.50956983476868,453.89024777549946,1077.315191120481,0.0,0.0033333333333333335,,-1.0
043024_KL004_TimeOut_Opaque_TrNum7,2024-04-30,KL004G-KL004R,Training Partner,opaque,30.004011785838085,levPress,73.5,5.63,1,1.0,mag_top,lev_bottom,1228.7066650390625,214.51710510253906,170.71156311035156,442.66595458984375,1082.3148955953272,0.0,0.0,0.0,-2.0
043024_KL004_TimeOut_Opaque_TrNum7,2024-04-30,KL004G-KL004R,Training Partner,opaque,30.004011785838085,levPress,76.3,0.649999999999991,1,0.0,lev_top,lev_bottom,192.34268188476562,198.38658142089844,178.64096662837983,472.7611988973316,274.71652246689877,0.0,0.0,1.0,1.0
043024_KL004_TimeOut_Opaque_TrNum7,2024-04-30,KL004G-KL004R,Training Partner,opaque,30.004011785838085,levPress,76.32,0.669999999999987,1,1.0,lev_top,lev_bottom,192.34268188476562,198.38658142089844,178.64096662837983,472.7611988973316,274.71652246689877,0.0,0.0,1.0,1.0
043024_KL004_TimeOut_Opaque_TrNum7,2024-04-30,KL004G-KL004R,Training Partner,opaque,30.004011785838085,levPress,76.75,1.09999999999999,1,1.0,lev_top,lev_bottom,178.51661682128906,212.50949096679688,188.38059997558594,464.65911865234375,252.34249128045826,0.0,0.0,1.0,-2.0
043024_KL004_TimeOut_Opaque_TrNum7,2024-04-30,KL004G-KL004R,Training Partner,opaque,30.004011785838085,levPress,76.88,1.22999999999999,1,1.0,lev_top,lev_bottom,178.59210205078125,212.56851196289062,180.52284240722656,470.3482666015625,257.7869850475347,0.0,0.0,1.0,-2.0
043024_KL004_TimeOut_Opaque_TrNum7,2024-04-30,KL004G-KL004R,Training Partner,opaque,30.004011785838085,levPress,77.32,1.66999999999999,1,1.0,lev_top,lev_bottom,192.50921630859375,204.39022827148438,172.42308044433594,466.37255859375,262.75120219523666,0.0,0.0,1.0,-2.0
043024_KL004_TimeOut_Opaque_TrNum7,2024-04-30,KL004G-KL004R,Training Partner,opaque,30.004011785838085,magEntry,80.86,2.95,0,0.0,mag_top,mid,1224.3714599609375,224.4569549560547,880.3804931640625,338.3631286621094,362.3594922810808,0.0,0.0,,1.0
043024_KL004_TimeOut_Opaque_TrNum7,2024-04-30,KL004G-KL004R,Training Partner,opaque,30.004011785838085,levPress,86.7,0.730000000000004,1,1.0,lev_bottom,lev_top,96.44044793364496,400.1761765417504,193.37909919050915,205.52254690802064,217.45605909490124,0.0,0.0,0.0,1.0
043024_KL004_TimeOut_Opaque_TrNum7,2024-04-30,KL004G-KL004R,Training Partner,opaque,30.004011785838085,levPress,87.06,1.09,1,1.0,lev_bottom,lev_top,56.182729148313875,449.365033914989,173.32977301066705,167.28082956209914,305.44218476021126,0.0,0.0,0.0,-1.0
043024_KL004_TimeOut_Opaque_TrNum7,2024-04-30,KL004G-KL004R,Training Partner,opaque,30.004011785838085,levPress,87.57,1.59999999999999,1,1.0,other,lev_top,1.2858398950710104,516.4407485113007,184.4774932861328,200.41087341308594,365.28627653765506,0.0,0.0,0.0,-1.0
043024_KL004_TimeOut_Opaque_TrNum7,2024-04-30,KL004G-KL004R,Training Partner,opaque,30.004011785838085,magEntry,89.74,11.83,0,0.0,mag_top,lev_bottom,1230.5516357421875,216.3989715576172,172.42050170898438,452.4989013671875,1084.1515916450414,0.0,0.0,,-2.0
043024_KL004_TimeOut_Opaque_TrNum7,2024-04-30,KL004G-KL004R,Training Partner,opaque,30.004011785838085,levPress,93.31,0.159999999999997,1,1.0,mag_bottom,lev_bottom,1158.5311279296875,448.4189758300781,182.34677124023438,424.49267578125,976.4775297359525,0.0,0.0,0.0,1.0
043024_KL004_TimeOut_Opaque_TrNum7,2024-04-30,KL004G-KL004R,Training Partner,opaque,30.004011785838085,magEntry,93.71,15.8,0,0.0,mag_bottom,lev_bottom,1218.393310546875,444.63555908203125,188.4903564453125,434.6629333496094,1029.951235802513,0.0,0.0,,1.0
043024_KL004_TimeOut_Opaque_TrNum7,2024-04-30,KL004G-KL004R,Training Partner,opaque,30.004011785838085,levPress,94.21,1.05999999999999,1,1.0,mag_bottom,lev_bottom,1192.50146484375,476.43267822265625,153.24007945587357,494.93603633517307,1039.4260923316137,0.0,0.0,0.0,-1.0
043024_KL004_TimeOut_Opaque_TrNum7,2024-04-30,KL004G-KL004R,Training Partner,opaque,30.004011785838085,levPress,95.1,1.94999999999999,1,1.0,mid,lev_bottom,424.54833984375,430.6036376953125,185.40484311357588,464.22831117501613,241.4958192080175,0.0,0.0,0.0,-1.0
043024_KL004_TimeOut_Opaque_TrNum7,2024-04-30,KL004G-KL004R,Training Partner,opaque,30.004011785838085,magEntry,100.57,22.66,0,0.0,mag_top,lev_bottom,1218.3231201171875,216.43771362304688,176.6037139892578,436.469970703125,1064.7034870137695,0.0,0.07333333333333333,,-1.0
043024_KL004_TimeOut_Opaque_TrNum7,2024-04-30,KL004G-KL004R,Training Partner,opaque,30.004011785838085,levPress,101.42,8.27,1,1.0,mid,lev_bottom,560.4533081054688,260.5450439453125,168.41148376464844,436.657958984375,429.78198063208123,0.0,0.07308970099667775,0.0,-1.0
043024_KL004_TimeOut_Opaque_TrNum7,2024-04-30,KL004G-KL004R,Training Partner,opaque,30.004011785838085,interaction,102.15300613388915,,22,,lev_bottom,lev_bottom,176.46759033203125,414.30780029296875,172.29225500386423,413.5202081067363,4.248967704567083,,,,
043024_KL004_TimeOut_Opaque_TrNum7,2024-04-30,KL004G-KL004R,Training Partner,opaque,30.004011785838085,levPress,103.35,1.19,1,0.0,lev_bottom,mid,174.6017303466797,426.5230712890625,842.5030517578125,226.37767028808594,697.2448326696864,0.0,0.07333333333333333,0.0,1.0
043024_KL004_TimeOut_Opaque_TrNum7,2024-04-30,KL004G-KL004R,Training Partner,opaque,30.004011785838085,levPress,103.82,1.66,1,0.0,lev_bottom,mag_top,176.64694213867188,420.5028076171875,1230.4842529296875,220.55267333984375,1072.6383984422557,0.0,0.07308970099667775,0.0,-1.0
043024_KL004_TimeOut_Opaque_TrNum7,2024-04-30,KL004G-KL004R,Training Partner,opaque,30.004011785838085,magEntry,108.6,30.69,0,0.0,mag_top,lev_bottom,1228.587890625,216.42001342773438,164.5826873779297,432.7099304199219,1085.766273527285,0.0,0.0,,-1.0
043024_KL004_TimeOut_Opaque_TrNum7,2024-04-30,KL004G-KL004R,Training Partner,opaque,30.004011785838085,levPress,115.04,0.640000000000001,1,1.0,lev_top,lev_bottom,192.4348907470703,204.42987060546875,192.61859130859375,436.6793212890625,232.24952333369245,0.0,0.0,1.0,1.0
043024_KL004_TimeOut_Opaque_TrNum7,2024-04-30,KL004G-KL004R,Training Partner,opaque,30.004011785838085,levPress,115.06,0.659999999999997,1,0.0,lev_top,lev_bottom,192.43966674804688,198.59146118164062,192.6392364501953,442.6033935546875,244.01201398393158,0.0,0.0,1.0,1.0
043024_KL004_TimeOut_Opaque_TrNum7,2024-04-30,KL004G-KL004R,Training Partner,opaque,30.004011785838085,levPress,115.55,1.14999999999999,1,1.0,lev_top,lev_bottom,180.3854522705078,216.5660858154297,180.40316772460938,466.5181884765625,249.95210328892773,0.0,0.0,1.0,-2.0
043024_KL004_TimeOut_Opaque_TrNum7,2024-04-30,KL004G-KL004R,Training Partner,opaque,30.004011785838085,levPress,116.03,1.63,1,1.0,lev_top,lev_bottom,204.61508178710938,202.67041015625,172.5487060546875,460.53271484375,259.8484570501852,0.0,0.0,1.0,-2.0
043024_KL004_TimeOut_Opaque_TrNum7,2024-04-30,KL004G-KL004R,Training Partner,opaque,30.004011785838085,magEntry,117.35,0.799999999999997,0,0.0,mag_top,mag_bottom,1232.485595703125,220.50015258789062,1060.459716796875,440.44940185546875,279.23211718360585,0.0,0.0,,1.0
043024_KL004_TimeOut_Opaque_TrNum7,2024-04-30,KL004G-KL004R,Training Partner,opaque,30.004011785838085,magEntry,117.87,1.32000000000001,0,1.0,mag_top,mag_bottom,1228.5767822265625,220.45028686523438,1220.6512451171875,436.462890625,216.15794947571462,0.0,0.0,,1.0
043024_KL004_TimeOut_Opaque_TrNum7,2024-04-30,KL004G-KL004R,Training Partner,opaque,30.004011785838085,levPress,128.52,0.640000000000015,1,0.0,lev_top,lev_bottom,196.37574768066406,212.60888671875,192.48582458496094,448.579833984375,236.0030073010233,0.0,0.0,1.0,1.0
043024_KL004_TimeOut_Opaque_TrNum7,2024-04-30,KL004G-KL004R,Training Partner,opaque,30.004011785838085,levPress,128.61,0.730000000000018,1,1.0,lev_top,lev_bottom,192.49620056152344,212.47743225097656,184.40658569335938,464.56622314453125,252.2185567377816,0.0,0.0,1.0,1.0
043024_KL004_TimeOut_Opaque_TrNum7,2024-04-30,KL004G-KL004R,Training Partner,opaque,30.004011785838085,levPress,129.03,1.15000000000001,1,1.0,lev_top,lev_bottom,184.5286102294922,218.3795166015625,180.38250732421875,470.50933837890625,252.16390938985745,0.0,0.0,1.0,-2.0
043024_KL004_TimeOut_Opaque_TrNum7,2024-04-30,KL004G-KL004R,Training Partner,opaque,30.004011785838085,levPress,129.51,1.63,1,1.0,lev_top,lev_bottom,184.3479766845703,216.4435577392578,172.4801483154297,464.5162353515625,248.35639457831127,0.0,0.0,1.0,-2.0
043024_KL004_TimeOut_Opaque_TrNum7,2024-04-30,KL004G-KL004R,Training Partner,opaque,30.004011785838085,interaction,135.1485937595173,,2,,mag_top,mag_top,1212.4599609375,210.60325622558594,1305.5328392796469,169.78497353597965,101.63017703723969,,,,
043024_KL004_TimeOut_Opaque_TrNum7,2024-04-30,KL004G-KL004R,Training Partner,opaque,30.004011785838085,levPress,138.97,0.740000000000009,1,1.0,lev_bottom,lev_top,180.6359405517578,432.501953125,209.80239137511342,260.2169009708344,174.73643309108374,0.023333333333333334,0.013333333333333334,1.0,1.0
043024_KL004_TimeOut_Opaque_TrNum7,2024-04-30,KL004G-KL004R,Training Partner,opaque,30.004011785838085,levPress,139.52,1.29000000000002,1,0.0,lev_bottom,lev_bottom,196.38172912597656,432.50799560546875,240.7766873612731,338.4040044954056,104.0503409872191,0.023333333333333334,0.013333333333333334,1.0,1.0
043024_KL004_TimeOut_Opaque_TrNum7,2024-04-30,KL004G-KL004R,Training Partner,opaque,30.004011785838085,interaction,140.14792521794578,,2,,lev_bottom,lev_bottom,180.42138671875,440.4271240234375,275.39445963783857,425.7894477909555,96.0944646958475,,,,
043024_KL004_TimeOut_Opaque_TrNum7,2024-04-30,KL004G-KL004R,Training Partner,opaque,30.004011785838085,magEntry,141.98,0.72999999999999,0,0.0,mag_bottom,mag_top,1220.534912109375,440.4395751953125,1232.635498046875,224.33624267578125,216.44185017246068,0.023333333333333334,0.006666666666666667,,1.0
043024_KL004_TimeOut_Opaque_TrNum7,2024-04-30,KL004G-KL004R,Training Partner,opaque,30.004011785838085,magEntry,142.1,0.849999999999994,2,1.0,mag_bottom,mag_top,1218.4942626953125,440.44818115234375,1234.60009765625,216.44046020507812,224.58596786927046,0.023333333333333334,0.006666666666666667,,1.0
043024_KL004_TimeOut_Opaque_TrNum7,2024-04-30,KL004G-KL004R,Training Partner,opaque,30.004011785838085,gaze,143.48081285689813,,14,1.0,mid,mag_top,776.4632568359375,286.48651123046875,1104.4852294921875,236.7398223876953,331.7727348594476,,,,
043024_KL004_TimeOut_Opaque_TrNum7,2024-04-30,KL004G-KL004R,Training Partner,opaque,30.004011785838085,levPress,148.56,0.670000000000016,1,1.0,lev_top,lev_bottom,184.4746856689453,202.45103454589844,201.9040460149672,457.60847904176717,255.75203632372862,0.02,0.0,1.0,1.0
043024_KL004_TimeOut_Opaque_TrNum7,2024-04-30,KL004G-KL004R,Training Partner,opaque,30.004011785838085,levPress,148.58,0.690000000000026,1,0.0,lev_top,lev_bottom,184.4746856689453,202.45103454589844,201.9040460149672,457.60847904176717,255.75203632372862,0.019933554817275746,0.0,1.0,1.0
043024_KL004_TimeOut_Opaque_TrNum7,2024-04-30,KL004G-KL004R,Training Partner,opaque,30.004011785838085,levPress,148.93,1.04000000000002,1,1.0,lev_top,lev_bottom,180.60107421875,204.37828063964844,229.0189987627473,482.14240522958755,281.9524859375484,0.0016666666666666668,0.0,1.0,-2.0
043024_KL004_TimeOut_Opaque_TrNum7,2024-04-30,KL004G-KL004R,Training Partner,opaque,30.004011785838085,levPress,149.24,1.35000000000002,1,1.0,lev_top,lev_bottom,176.54486083984375,212.45809936523438,251.216545628825,502.2124400073281,299.22138698655795,0.0,0.0,1.0,-2.0
043024_KL004_TimeOut_Opaque_TrNum7,2024-04-30,KL004G-KL004R,Training Partner,opaque,30.004011785838085,levPress,149.48,1.59,1,1.0,lev_top,lev_bottom,174.59512329101562,208.6671600341797,268.48131913313523,517.8224668091159,323.0969227287839,0.0,0.0,1.0,-2.0
043024_KL004_TimeOut_Opaque_TrNum7,2024-04-30,KL004G-KL004R,Training Partner,opaque,30.004011785838085,magEntry,151.56,1.59,1,1.0,mag_top,mag_bottom,1232.479736328125,224.3643035888672,1224.5079345703125,434.3990783691406,210.1860039114547,0.0,0.0,,1.0
043024_KL004_TimeOut_Opaque_TrNum7,2024-04-30,KL004G-KL004R,Training Partner,opaque,30.004011785838085,magEntry,153.38,3.41,0,0.0,mag_top,mag_bottom,1200.53955078125,190.5399627685547,1052.6314697265625,388.6568603515625,247.23896446392914,0.0,0.0,,1.0
043024_KL004_TimeOut_Opaque_TrNum7,2024-04-30,KL004G-KL004R,Training Partner,opaque,30.004011785838085,levPress,161.66,0.650000000000006,1,0.0,lev_top,lev_bottom,196.3120880126953,204.5219268798828,194.4226837158203,440.38104248046875,235.86668323544046,0.0,0.0,1.0,1.0
043024_KL004_TimeOut_Opaque_TrNum7,2024-04-30,KL004G-KL004R,Training Partner,opaque,30.004011785838085,levPress,161.72,0.710000000000008,1,1.0,lev_top,lev_bottom,196.3801727294922,200.51611328125,188.61224365234375,456.368408203125,255.9701887699771,0.0,0.0,1.0,1.0
043024_KL004_TimeOut_Opaque_TrNum7,2024-04-30,KL004G-KL004R,Training Partner,opaque,30.004011785838085,levPress,162.25,1.24000000000001,1,1.0,lev_top,lev_bottom,180.5608367919922,208.39395141601562,172.45347595214844,466.74407958984375,258.4773066000589,0.0,0.0,1.0,-2.0
043024_KL004_TimeOut_Opaque_TrNum7,2024-04-30,KL004G-KL004R,Training Partner,opaque,30.004011785838085,levPress,162.67,1.66,1,1.0,lev_top,lev_bottom,188.441650390625,200.57044982910156,172.40435791015625,464.34759521484375,264.26421849723636,0.0,0.0,1.0,-2.0
043024_KL004_TimeOut_Opaque_TrNum7,2024-04-30,KL004G-KL004R,Training Partner,opaque,30.004011785838085,levPress,171.71,0.620000000000005,1,0.0,lev_top,lev_bottom,188.42657470703125,198.56544494628906,196.4422149658203,430.63983154296875,232.21277183433185,0.0,0.0,1.0,1.0
043024_KL004_TimeOut_Opaque_TrNum7,2024-04-30,KL004G-KL004R,Training Partner,opaque,30.004011785838085,levPress,171.8,0.710000000000008,1,1.0,lev_top,lev_bottom,188.6299591064453,202.56483459472656,188.54861450195312,454.30401611328125,251.7391946610152,0.0,0.0,1.0,1.0
043024_KL004_TimeOut_Opaque_TrNum7,2024-04-30,KL004G-KL004R,Training Partner,opaque,30.004011785838085,levPress,172.31,1.22,1,1.0,lev_top,lev_bottom,178.4502716064453,208.60726928710938,180.5397186279297,466.4332275390625,257.8344246554239,0.0,0.0,1.0,-2.0
043024_KL004_TimeOut_Opaque_TrNum7,2024-04-30,KL004G-KL004R,Training Partner,opaque,30.004011785838085,magEntry,175.92,2.08999999999997,0,0.0,mag_top,mid,1232.4337158203125,216.4963836669922,956.553466796875,460.443359375,368.266260684192,0.0,0.0,,1.0
043024_KL004_TimeOut_Opaque_TrNum7,2024-04-30,KL004G-KL004R,Training Partner,opaque,30.004011785838085,magEntry,176.7,2.86999999999998,1,1.0,mag_top,mag_bottom,1230.4527587890625,212.5002899169922,1218.530517578125,446.6322021484375,234.43526219544063,0.0,0.0,,1.0
043024_KL004_TimeOut_Opaque_TrNum7,2024-04-30,KL004G-KL004R,Training Partner,opaque,30.004011785838085,magEntry,184.77,10.94,0,1.0,lev_top,mag_top,190.44091796875,196.44065856933594,1228.482421875,214.65196228027344,1038.2012403261717,0.0,0.02666666666666667,,-1.0
043024_KL004_TimeOut_Opaque_TrNum7,2024-04-30,KL004G-KL004R,Training Partner,opaque,30.004011785838085,levPress,184.82,0.780000000000001,1,0.0,lev_top,mag_top,190.63232421875,192.53736877441406,1220.5679931640625,212.55532836914062,1030.1301863707151,0.0,0.02666666666666667,0.0,1.0
043024_KL004_TimeOut_Opaque_TrNum7,2024-04-30,KL004G-KL004R,Training Partner,opaque,30.004011785838085,interaction,186.40840564660422,,8,,lev_top,lev_top,200.5844268798828,198.5110626220703,178.78045058779173,200.05459490117755,21.858542358600122,,,,
043024_KL004_TimeOut_Opaque_TrNum7,2024-04-30,KL004G-KL004R,Training Partner,opaque,30.004011785838085,interaction,192.4742611494975,,5,,lev_bottom,lev_bottom,160.6328125,424.74041748046875,160.3298976616071,460.94693536346716,36.20778500006873,,,,
043024_KL004_TimeOut_Opaque_TrNum7,2024-04-30,KL004G-KL004R,Training Partner,opaque,30.004011785838085,magEntry,194.54,20.71,1,1.0,lev_bottom,mag_bottom,172.5457763671875,432.37567138671875,1216.627685546875,444.5599365234375,1044.1530009501591,0.0,0.016611295681063124,,-1.0
043024_KL004_TimeOut_Opaque_TrNum7,2024-04-30,KL004G-KL004R,Training Partner,opaque,30.004011785838085,levPress,194.94,0.669999999999987,1,0.0,lev_bottom,mag_bottom,180.65318298339844,432.3323974609375,1112.444091796875,412.40545654296875,932.0039596062845,0.0,0.016611295681063124,0.0,1.0
043024_KL004_TimeOut_Opaque_TrNum7,2024-04-30,KL004G-KL004R,Training Partner,opaque,30.004011785838085,magEntry,197.09,23.26,0,1.0,lev_bottom,mag_top,250.4685821533203,496.6055908203125,1226.3935546875,224.6757049560547,1013.1018778197914,0.0,0.016666666666666666,,-1.0
043024_KL004_TimeOut_Opaque_TrNum7,2024-04-30,KL004G-KL004R,Training Partner,opaque,30.004011785838085,levPress,203.8,0.610000000000014,1,,other,mid,1923.9079544905003,1037.7383558601168,506.3995361328125,268.5491638183594,1612.7560662632045,0.0,0.0,0.0,1.0
043024_KL004_TimeOut_Opaque_TrNum7,2024-04-30,KL004G-KL004R,Training Partner,opaque,30.004011785838085,levPress,205.08,1.89000000000001,1,,lev_top,other,182.44888305664062,196.51585388183594,156.0103799265897,1147.4550826583263,951.3066862341418,0.0,0.0,0.0,1.0
043024_KL004_TimeOut_Opaque_TrNum7,2024-04-30,KL004G-KL004R,Training Partner,opaque,30.004011785838085,levPress,205.75,2.56,1,,lev_top,other,188.63197326660156,214.53018188476562,97.17367629529548,2371.4605082108374,2158.8684658195334,0.0,0.0,0.0,-2.0
043024_KL004_TimeOut_Opaque_TrNum7,2024-04-30,KL004G-KL004R,Training Partner,opaque,30.004011785838085,magEntry,207.77,33.94,0,0.0,mag_bottom,mag_top,1216.382568359375,444.6527099609375,1140.3883056640625,220.61239624023438,236.57808464579986,0.0,0.0,,-1.0
043024_KL004_TimeOut_Opaque_TrNum7,2024-04-30,KL004G-KL004R,Training Partner,opaque,30.004011785838085,magEntry,208.36,34.53,0,1.0,mid,mag_top,808.4903564453125,488.5098876953125,1224.6123046875,224.6463165283203,492.7285865442273,0.0,0.0,,-1.0
043024_KL004_TimeOut_Opaque_TrNum7,2024-04-30,KL004G-KL004R,Training Partner,opaque,30.004011785838085,levPress,213.85,0.599999999999994,1,0.0,lev_bottom,lev_top,166.56167602539062,450.53448486328125,206.57102578821932,269.6362892700003,185.26981739438642,0.0,0.0,1.0,1.0
043024_KL004_TimeOut_Opaque_TrNum7,2024-04-30,KL004G-KL004R,Training Partner,opaque,30.004011785838085,levPress,213.93,0.680000000000007,1,1.0,lev_bottom,lev_top,172.58168029785156,442.68621826171875,213.69991421607926,281.4205460591489,166.42513689794822,0.0,0.0,1.0,1.0
043024_KL004_TimeOut_Opaque_TrNum7,2024-04-30,KL004G-KL004R,Training Partner,opaque,30.004011785838085,magEntry,216.49,0.52000000000001,0,1.0,mag_bottom,mag_top,1158.4822998046875,462.5595703125,1230.6551513671875,214.35743713378906,258.4825321315257,0.0,0.0,,1.0
043024_KL004_TimeOut_Opaque_TrNum7,2024-04-30,KL004G-KL004R,Training Partner,opaque,30.004011785838085,magEntry,216.89,0.919999999999987,0,0.0,mag_bottom,mag_top,1214.6207275390625,440.5821533203125,1234.4346923828125,214.63607788085938,226.813187908729,0.0,0.0,,1.0
043024_KL004_TimeOut_Opaque_TrNum7,2024-04-30,KL004G-KL004R,Training Partner,opaque,30.004011785838085,magEntry,219.97,4.0,1,0.0,mag_bottom,lev_top,1210.5792236328125,440.35443115234375,188.31390380859375,212.46446228027344,1047.3586883335745,0.0,0.0,,-1.0
043024_KL004_TimeOut_Opaque_TrNum7,2024-04-30,KL004G-KL004R,Training Partner,opaque,30.004011785838085,levPress,223.88,0.680000000000007,1,1.0,other,lev_top,-106.25614961533505,157.80535512326875,192.60418701171875,186.33265686035156,300.2187664907617,0.0,0.0,0.0,1.0
043024_KL004_TimeOut_Opaque_TrNum7,2024-04-30,KL004G-KL004R,Training Partner,opaque,30.004011785838085,levPress,224.13,0.930000000000007,1,1.0,other,lev_top,-322.18773731274155,164.97381410755304,196.56942749023438,192.50218200683594,519.4870615074259,0.0,0.0,0.0,-1.0
043024_KL004_TimeOut_Opaque_TrNum7,2024-04-30,KL004G-KL004R,Training Partner,opaque,30.004011785838085,levPress,225.74,2.54000000000002,1,1.0,lev_top,lev_bottom,188.51068115234375,208.57046508789062,172.5440216064453,450.55010986328125,242.50584055374597,0.0,0.0,0.0,1.0
043024_KL004_TimeOut_Opaque_TrNum7,2024-04-30,KL004G-KL004R,Training Partner,opaque,30.004011785838085,magEntry,227.6,11.63,0,0.0,mag_top,mag_bottom,1228.6025390625,212.65151977539062,1212.6617431640625,448.5400085449219,236.4264962051608,0.0,0.0,,-1.0
043024_KL004_TimeOut_Opaque_TrNum7,2024-04-30,KL004G-KL004R,Training Partner,opaque,30.004011785838085,magEntry,227.89,11.92,0,1.0,mag_top,mag_bottom,1228.5601806640625,220.50137329101562,1216.5177001953125,448.5474853515625,228.3638556378214,0.0,0.0,,-1.0
043024_KL004_TimeOut_Opaque_TrNum7,2024-04-30,KL004G-KL004R,Training Partner,opaque,30.004011785838085,levPress,234.78,0.650000000000006,1,0.0,lev_top,lev_bottom,188.6346435546875,196.52854919433594,194.40379597994075,480.0148889882771,283.5450369332387,0.0,0.0,1.0,1.0
043024_KL004_TimeOut_Opaque_TrNum7,2024-04-30,KL004G-KL004R,Training Partner,opaque,30.004011785838085,levPress,234.94,0.810000000000002,1,1.0,lev_top,lev_bottom,188.5270538330078,204.5269317626953,211.34105653109225,515.1298346623605,311.43962819269973,0.0,0.0,1.0,1.0
043024_KL004_TimeOut_Opaque_TrNum7,2024-04-30,KL004G-KL004R,Training Partner,opaque,30.004011785838085,levPress,235.08,0.950000000000017,1,1.0,lev_top,lev_bottom,184.4934539794922,208.3522491455078,225.13301010459594,543.2744652917695,337.3788143769088,0.0,0.0,1.0,-2.0
043024_KL004_TimeOut_Opaque_TrNum7,2024-04-30,KL004G-KL004R,Training Partner,opaque,30.004011785838085,magEntry,237.51,0.97999999999999,1,1.0,lev_top,mag_bottom,208.37693786621094,170.54258728027344,1220.65283203125,436.572998046875,1046.6492561313346,0.0,0.0,,1.0
043024_KL004_TimeOut_Opaque_TrNum7,2024-04-30,KL004G-KL004R,Training Partner,opaque,30.004011785838085,magEntry,238.98,2.44999999999999,1,1.0,mag_top,mag_bottom,1204.55859375,220.3914031982422,1210.5360107421875,444.5845947265625,224.27286202648907,0.0,0.0,,-2.0
043024_KL004_TimeOut_Opaque_TrNum7,2024-04-30,KL004G-KL004R,Training Partner,opaque,30.004011785838085,magEntry,243.35,6.81999999999999,0,0.0,mag_top,mid,1228.518798828125,212.5625,872.384765625,276.55877685546875,361.8383244722515,0.0,0.0,,1.0
043024_KL004_TimeOut_Opaque_TrNum7,2024-04-30,KL004G-KL004R,Training Partner,opaque,30.004011785838085,magEntry,249.56,13.03,0,0.0,mag_top,lev_top,1228.3984375,220.4246063232422,188.31724548339844,224.48056030273438,1040.0891003896534,0.0,0.0,,-1.0
043024_KL004_TimeOut_Opaque_TrNum7,2024-04-30,KL004G-KL004R,Training Partner,opaque,30.004011785838085,levPress,249.98,0.649999999999977,1,1.0,mag_top,lev_top,1228.5048828125,212.59658813476562,192.55360412597656,246.51602172851562,1036.5064301718362,0.0,0.0,0.0,1.0
043024_KL004_TimeOut_Opaque_TrNum7,2024-04-30,KL004G-KL004R,Training Partner,opaque,30.004011785838085,magEntry,253.62,17.09,0,0.0,mag_top,mag_bottom,1228.38134765625,220.39768981933594,1086.6331787109375,448.446533203125,268.5122313192321,0.0,0.0,,-1.0
043024_KL004_TimeOut_Opaque_TrNum7,2024-04-30,KL004G-KL004R,Training Partner,opaque,30.004011785838085,levPress,257.79,0.660000000000025,1,0.0,lev_top,lev_bottom,188.51324462890625,198.54861450195312,180.357421875,482.4418640136719,284.01037756236326,0.0,0.0,1.0,1.0
043024_KL004_TimeOut_Opaque_TrNum7,2024-04-30,KL004G-KL004R,Training Partner,opaque,30.004011785838085,levPress,257.9,0.769999999999982,1,1.0,lev_top,lev_bottom,188.57388305664062,202.58255004882812,180.45751953125,482.647216796875,280.18224946911045,0.0,0.0,1.0,1.0
043024_KL004_TimeOut_Opaque_TrNum7,2024-04-30,KL004G-KL004R,Training Partner,opaque,30.004011785838085,magEntry,260.14,0.909999999999968,0,0.0,mag_top,mag_bottom,1232.3568115234375,216.63914489746094,1064.6380615234375,436.5165100097656,276.5422839102408,0.0,0.0,,1.0
043024_KL004_TimeOut_Opaque_TrNum7,2024-04-30,KL004G-KL004R,Training Partner,opaque,30.004011785838085,magEntry,260.75,1.51999999999998,0,1.0,mag_top,mag_bottom,1228.5667724609375,220.40187072753906,1220.1877484319334,442.16755728096757,221.9239233976187,0.0,0.0,,1.0
043024_KL004_TimeOut_Opaque_TrNum7,2024-04-30,KL004G-KL004R,Training Partner,opaque,30.004011785838085,magEntry,263.12,3.88999999999999,0,0.0,mag_top,mid,1226.55322265625,224.63510131835938,896.5045166015625,356.62750244140625,355.46327844462473,0.0,0.0,,-1.0
043024_KL004_TimeOut_Opaque_TrNum7,2024-04-30,KL004G-KL004R,Training Partner,opaque,30.004011785838085,levPress,268.67,0.710000000000036,1,0.0,lev_top,mid,196.54844665527344,196.6446075439453,528.3572998046875,300.62103271484375,347.71858164275443,0.0,0.0,0.0,1.0
043024_KL004_TimeOut_Opaque_TrNum7,2024-04-30,KL004G-KL004R,Training Partner,opaque,30.004011785838085,levPress,270.02,2.06,1,0.0,lev_top,mid,188.3914337158203,204.6739044189453,524.3446044921875,280.5079345703125,344.40576807552657,0.0,0.0,0.0,-1.0
043024_KL004_TimeOut_Opaque_TrNum7,2024-04-30,KL004G-KL004R,Training Partner,opaque,30.004011785838085,magEntry,272.36,13.13,0,0.0,mag_top,lev_bottom,1228.61279296875,220.5237579345703,172.57684326171875,474.371337890625,1086.11717642397,0.0,0.02,,-1.0
043024_KL004_TimeOut_Opaque_TrNum7,2024-04-30,KL004G-KL004R,Training Partner,opaque,30.004011785838085,magEntry,273.59,14.36,0,,mag_top,lev_bottom,1182.4173583984375,240.4320526123047,170.81172516240733,406.0185070305134,1025.0682080143072,0.0,0.043333333333333335,,-1.0
043024_KL004_TimeOut_Opaque_TrNum7,2024-04-30,KL004G-KL004R,Training Partner,opaque,30.004011785838085,interaction,276.5296874038754,,5,,lev_bottom,lev_bottom,172.65801440642923,337.08653524599737,180.32797241210938,404.41583251953125,67.76475874048984,,,,
043024_KL004_TimeOut_Opaque_TrNum7,2024-04-30,KL004G-KL004R,Training Partner,opaque,30.004011785838085,interaction,277.2962515608345,,8,,lev_bottom,lev_bottom,176.39991760253906,424.3191833496094,161.5159887866662,506.8259417371106,83.83851451814658,,,,
043024_KL004_TimeOut_Opaque_TrNum7,2024-04-30,KL004G-KL004R,Training Partner,opaque,30.004011785838085,levPress,277.54,1.12,1,0.0,lev_bottom,lev_bottom,172.5059051513672,426.3074645996094,238.2837551658993,536.6542672392748,128.46455700048767,0.0,0.043333333333333335,0.0,1.0
043024_KL004_TimeOut_Opaque_TrNum7,2024-04-30,KL004G-KL004R,Training Partner,opaque,30.004011785838085,levPress,277.89,1.46999999999997,1,0.0,lev_bottom,mid,184.41738891601562,426.50274658203125,512.4154052734375,528.5716552734375,343.51238821308647,0.0,0.043333333333333335,0.0,-1.0
043024_KL004_TimeOut_Opaque_TrNum7,2024-04-30,KL004G-KL004R,Training Partner,opaque,30.004011785838085,magEntry,278.94,19.71,0,1.0,lev_bottom,mag_bottom,176.486083984375,428.5303955078125,1220.3665771484375,448.58746337890625,1044.0731631356261,0.0,0.043333333333333335,,-1.0
043024_KL004_TimeOut_Opaque_TrNum7,2024-04-30,KL004G-KL004R,Training Partner,opaque,30.004011785838085,magEntry,282.51,23.28,0,0.0,mag_top,mid,1226.430419921875,212.5601806640625,880.5399169921875,228.5477752685547,346.25979148348966,0.02666666666666667,0.15666666666666668,,-1.0
043024_KL004_TimeOut_Opaque_TrNum7,2024-04-30,KL004G-KL004R,Training Partner,opaque,30.004011785838085,interaction,285.26185301793055,,15,,mid,mid,440.34521484375,242.63751220703125,465.39699485383903,268.4991292769085,36.00576230470426,,,,
043024_KL004_TimeOut_Opaque_TrNum7,2024-04-30,KL004G-KL004R,Training Partner,opaque,30.004011785838085,interaction,286.12840380405817,,30,,mid,mid,430.50384521484375,240.52310180664062,480.84574794049564,271.2439060392305,58.97520650863471,,,,
043024_KL004_TimeOut_Opaque_TrNum7,2024-04-30,KL004G-KL004R,Training Partner,opaque,30.004011785838085,gaze,286.4616925679534,,16,0.0,mid,mid,434.41070556640625,240.4098663330078,486.7875764939635,272.29958940142205,61.32121203582122,,,,
043024_KL004_TimeOut_Opaque_TrNum7,2024-04-30,KL004G-KL004R,Training Partner,opaque,30.004011785838085,levPress,286.84,0.649999999999977,1,,mid,mid,434.53997802734375,240.5021209716797,493.32358790572977,273.46084110100753,67.39280394001754,0.02666666666666667,0.15,0.0,1.0
043024_KL004_TimeOut_Opaque_TrNum7,2024-04-30,KL004G-KL004R,Training Partner,opaque,30.004011785838085,levPress,288.13,1.94,1,0.0,lev_top,lev_bottom,200.43905639648438,198.4136505126953,140.84506691750636,483.3452951232199,291.0970382578271,0.02666666666666667,0.15,0.0,-1.0
043024_KL004_TimeOut_Opaque_TrNum7,2024-04-30,KL004G-KL004R,Training Partner,opaque,30.004011785838085,levPress,288.45,2.25999999999999,1,,lev_top,other,188.37144470214844,200.5916748046875,-42.47158242089972,522.8550248416514,396.41161681814907,0.02666666666666667,0.15,0.0,1.0
043024_KL004_TimeOut_Opaque_TrNum7,2024-04-30,KL004G-KL004R,Training Partner,opaque,30.004011785838085,levPress,288.61,2.42000000000002,1,,lev_top,other,188.5005645751953,200.5255126953125,-144.31418640496406,544.8037306902097,478.8456430372187,0.02666666666666667,0.15,0.0,-2.0
043024_KL004_TimeOut_Opaque_TrNum7,2024-04-30,KL004G-KL004R,Training Partner,opaque,30.004011785838085,levPress,295.56,0.569999999999993,1,0.0,lev_top,mag_top,192.40403747558594,200.50894165039062,1216.4136962890625,202.64581298828125,1024.011888389196,0.0,0.0,0.0,1.0
043024_KL004_TimeOut_Opaque_TrNum7,2024-04-30,KL004G-KL004R,Training Partner,opaque,30.004011785838085,magEntry,296.4,37.17,0,1.0,lev_top,mag_top,188.4464111328125,184.38157653808594,1224.473388671875,210.448974609375,1036.3548655894524,0.0,0.0,,-1.0
043024_KL004_TimeOut_Opaque_TrNum7,2024-04-30,KL004G-KL004R,Training Partner,opaque,30.004011785838085,magEntry,300.05,40.82,0,0.0,mag_top,lev_bottom,1196.4134521484375,228.5002899169922,176.45716857910156,462.4208679199219,1046.4366474879387,0.0,0.11666666666666667,,-1.0
043024_KL004_TimeOut_Opaque_TrNum7,2024-04-30,KL004G-KL004R,Training Partner,opaque,30.004011785838085,interaction,303.49274840299984,,35,,lev_bottom,lev_bottom,180.37753295898438,416.56475830078125,176.2049509211134,451.5582133646117,35.241344159482374,,,,
043024_KL004_TimeOut_Opaque_TrNum7,2024-04-30,KL004G-KL004R,Training Partner,opaque,30.004011785838085,levPress,304.19,0.680000000000007,1,1.0,lev_bottom,lev_bottom,180.28086853027344,412.4609680175781,175.16614191509785,480.15113128340585,67.88312479035123,0.0,0.11666666666666667,0.0,1.0
043024_KL004_TimeOut_Opaque_TrNum7,2024-04-30,KL004G-KL004R,Training Partner,opaque,30.004011785838085,levPress,314.38,0.639999999999986,1,,lev_bottom,other,184.52603149414062,466.48162841796875,-38.946373907178874,476.2620599773296,223.68632684484547,0.02,0.013333333333333334,1.0,1.0
043024_KL004_TimeOut_Opaque_TrNum7,2024-04-30,KL004G-KL004R,Training Partner,opaque,30.004011785838085,levPress,314.68,0.939999999999998,1,,lev_top,other,192.3765411376953,206.37193298339844,-257.4162828030857,504.0316791751899,539.3652834319096,0.03,0.013333333333333334,1.0,1.0
043024_KL004_TimeOut_Opaque_TrNum7,2024-04-30,KL004G-KL004R,Training Partner,opaque,30.004011785838085,levPress,315.2,1.45999999999998,1,,lev_top,other,174.5961151123047,216.39105224609375,-645.8072342969126,553.3998242567873,886.9253452991509,0.041666666666666664,0.013333333333333334,1.0,-2.0
043024_KL004_TimeOut_Opaque_TrNum7,2024-04-30,KL004G-KL004R,Training Partner,opaque,30.004011785838085,magEntry,317.35,1.28000000000003,0,1.0,mag_top,mag_top,1226.5106201171875,218.66671752929688,1225.8478593354503,215.36619173004254,3.3664109085719747,0.07333333333333333,0.013333333333333334,,1.0
043024_KL004_TimeOut_Opaque_TrNum7,2024-04-30,KL004G-KL004R,Training Partner,opaque,30.004011785838085,interaction,317.6908497449368,,4,,mag_top,mag_top,1224.6586719320633,224.32604338106023,1222.3916015625,214.62615966796875,9.961292692620226,,,,
043024_KL004_TimeOut_Opaque_TrNum7,2024-04-30,KL004G-KL004R,Training Partner,opaque,30.004011785838085,magEntry,317.81,1.74000000000001,0,1.0,mag_top,mag_top,1223.1010989025422,224.22078366837275,1222.6712646484375,216.67153930664062,7.561471280058262,0.07333333333333333,0.013333333333333334,,-2.0
043024_KL004_TimeOut_Opaque_TrNum7,2024-04-30,KL004G-KL004R,Training Partner,opaque,30.004011785838085,magEntry,318.0,1.93000000000001,0,1.0,mag_top,mag_top,1219.9855971803267,224.00902590848017,1164.3428955078125,274.52288818359375,75.15158369166656,0.07333333333333333,0.013333333333333334,,-2.0
043024_KL004_TimeOut_Opaque_TrNum7,2024-04-30,KL004G-KL004R,Training Partner,opaque,30.004011785838085,gaze,318.9573470477387,,18,0.0,mag_top,mid,1232.465576171875,220.37322998046875,852.500732421875,300.6036071777344,388.3428844605981,,,,
043024_KL004_TimeOut_Opaque_TrNum7,2024-04-30,KL004G-KL004R,Training Partner,opaque,30.004011785838085,gaze,319.9572133394244,,24,0.0,mag_top,mid,1236.3736572265625,216.373291015625,924.6162719726562,200.46139526367188,312.1631875906792,,,,
043024_KL004_TimeOut_Opaque_TrNum7,2024-04-30,KL004G-KL004R,Training Partner,opaque,30.004011785838085,gaze,321.1903817658368,,2,0.0,mag_top,mid,1232.306640625,220.4749755859375,844.4451293945312,222.40679931640625,387.866322122595,,,,
043024_KL004_TimeOut_Opaque_TrNum7,2024-04-30,KL004G-KL004R,Training Partner,opaque,30.004011785838085,magEntry,322.17,6.10000000000002,2,0.0,mag_top,mid,1228.4620361328125,222.62136840820312,916.6185302734375,448.64312744140625,385.13920561678657,0.07333333333333333,0.013333333333333334,,-2.0
043024_KL004_TimeOut_Opaque_TrNum7,2024-04-30,KL004G-KL004R,Training Partner,opaque,30.004011785838085,magEntry,323.69,7.62,0,1.0,mag_top,mag_bottom,1230.432861328125,216.47665405273438,1228.70068359375,436.51788330078125,220.04804704585538,0.07308970099667775,0.0,,1.0
043024_KL004_TimeOut_Opaque_TrNum7,2024-04-30,KL004G-KL004R,Training Partner,opaque,30.004011785838085,magEntry,324.52,8.44999999999999,0,0.0,mag_top,mag_bottom,1232.44189453125,220.34825134277344,1230.3685302734375,434.49365234375,214.1554379632108,0.04666666666666667,0.0,,-1.0
043024_KL004_TimeOut_Opaque_TrNum7,2024-04-30,KL004G-KL004R,Training Partner,opaque,30.004011785838085,levPress,329.83,0.629999999999995,1,0.0,lev_top,lev_bottom,196.5010986328125,204.5191192626953,168.538330078125,486.4038391113281,283.2682680947254,0.0,0.016666666666666666,1.0,1.0
043024_KL004_TimeOut_Opaque_TrNum7,2024-04-30,KL004G-KL004R,Training Partner,opaque,30.004011785838085,levPress,330.21,1.00999999999999,1,1.0,lev_top,lev_bottom,188.51168823242188,198.53904724121094,172.33726501464844,484.5384216308594,286.4563738472194,0.0,0.016666666666666666,1.0,1.0
043024_KL004_TimeOut_Opaque_TrNum7,2024-04-30,KL004G-KL004R,Training Partner,opaque,30.004011785838085,magEntry,333.57,2.12,0,1.0,mid,mag_top,853.3098820923988,208.15379625070952,1224.3455810546875,218.35679626464844,371.17595707927876,0.0,0.016666666666666666,,1.0
043024_KL004_TimeOut_Opaque_TrNum7,2024-04-30,KL004G-KL004R,Training Partner,opaque,30.004011785838085,interaction,334.1219858049718,,5,,mag_top,mag_top,1220.6162109375,228.4437255859375,1177.603164885626,249.46382929869637,47.874491023464365,,,,
043024_KL004_TimeOut_Opaque_TrNum7,2024-04-30,KL004G-KL004R,Training Partner,opaque,30.004011785838085,magEntry,336.0,4.55000000000001,0,1.0,mid,mag_bottom,380.46820068359375,394.57147216796875,1220.465576171875,442.5509033203125,841.3665174232351,0.0,0.016666666666666666,,1.0
043024_KL004_TimeOut_Opaque_TrNum7,2024-04-30,KL004G-KL004R,Training Partner,opaque,30.004011785838085,magEntry,342.68,11.23,0,0.0,mag_top,lev_top,1228.49951171875,212.5720672607422,184.53892980596459,253.17017974838504,1044.7496845298595,0.0,0.0,,-1.0
043024_KL004_TimeOut_Opaque_TrNum7,2024-04-30,KL004G-KL004R,Training Partner,opaque,30.004011785838085,levPress,342.76,0.670000000000016,1,1.0,mag_top,lev_top,1228.65087890625,212.5229949951172,184.46658325195312,260.4356384277344,1045.2829591511388,0.0,0.0,0.0,1.0
043024_KL004_TimeOut_Opaque_TrNum7,2024-04-30,KL004G-KL004R,Training Partner,opaque,30.004011785838085,levPress,343.7,1.61000000000001,1,1.0,mid,lev_top,850.5360098692521,179.7350338247141,199.89086914123777,239.09255282547016,653.3470855639464,0.0,0.0,0.0,-1.0
043024_KL004_TimeOut_Opaque_TrNum7,2024-04-30,KL004G-KL004R,Training Partner,opaque,30.004011785838085,levPress,352.07,0.759999999999991,1,0.0,lev_bottom,mag_top,184.46395874023438,424.6278076171875,1232.404296875,216.3734893798828,1068.43287732758,0.0,0.0,0.0,1.0
043024_KL004_TimeOut_Opaque_TrNum7,2024-04-30,KL004G-KL004R,Training Partner,opaque,30.004011785838085,magEntry,352.13,20.68,0,1.0,lev_bottom,mag_top,188.37681579589844,424.5213623046875,1232.5400390625,216.4574432373047,1064.6912375145093,0.0,0.0,,-1.0
043024_KL004_TimeOut_Opaque_TrNum7,2024-04-30,KL004G-KL004R,Training Partner,opaque,30.004011785838085,magEntry,355.57,24.12,0,0.0,mag_bottom,lev_top,1218.5709228515625,444.4105529785156,188.5572509765625,216.3825225830078,1054.9525804013538,0.0,0.0,,-1.0
043024_KL004_TimeOut_Opaque_TrNum7,2024-04-30,KL004G-KL004R,Training Partner,opaque,30.004011785838085,levPress,363.57,0.75,1,1.0,mag_top,lev_bottom,1220.376708984375,210.4104461669922,163.53506351889604,423.7734626272138,1078.1641991752397,0.0016666666666666668,0.0,0.0,1.0
043024_KL004_TimeOut_Opaque_TrNum7,2024-04-30,KL004G-KL004R,Training Partner,opaque,30.004011785838085,levPress,364.02,1.19999999999999,1,,mid,lev_bottom,884.653564453125,158.30197143554688,91.62956754517812,427.4253273622006,837.4451864910799,0.0016666666666666668,0.0,0.0,-1.0
043024_KL004_TimeOut_Opaque_TrNum7,2024-04-30,KL004G-KL004R,Training Partner,opaque,30.004011785838085,levPress,365.03,2.20999999999998,1,,lev_top,other,184.6013641357422,202.47235107421875,-62.5236411823809,435.2507319737364,339.4945402619654,0.0016666666666666668,0.0,0.0,-1.0
043024_KL004_TimeOut_Opaque_TrNum7,2024-04-30,KL004G-KL004R,Training Partner,opaque,30.004011785838085,gaze,366.484324779199,,1,1.0,mid,mid,706.3524780273438,384.6568603515625,472.62994384765625,410.5503234863281,235.1524918355888,,,,
043024_KL004_TimeOut_Opaque_TrNum7,2024-04-30,KL004G-KL004R,Training Partner,opaque,30.004011785838085,magEntry,368.08,36.63,0,0.0,mag_top,mag_bottom,1230.3687744140625,216.55677795410156,1220.5096435546875,444.39276123046875,228.04920025470676,0.0016666666666666668,0.05333333333333334,,-1.0
043024_KL004_TimeOut_Opaque_TrNum7,2024-04-30,KL004G-KL004R,Training Partner,opaque,30.004011785838085,levPress,370.71,0.389999999999986,1,1.0,mid,lev_bottom,788.5523071289062,316.32000732421875,180.3316650390625,440.41241455078125,620.750573898619,0.0016666666666666668,0.05333333333333334,0.0,1.0
043024_KL004_TimeOut_Opaque_TrNum7,2024-04-30,KL004G-KL004R,Training Partner,opaque,30.004011785838085,levPress,371.0,0.680000000000007,1,1.0,mid,lev_bottom,552.495361328125,382.47314453125,182.83933833811855,503.80967756107736,389.060573150874,0.0016666666666666668,0.05333333333333334,0.0,-1.0
043024_KL004_TimeOut_Opaque_TrNum7,2024-04-30,KL004G-KL004R,Training Partner,opaque,30.004011785838085,levPress,371.17,0.850000000000023,1,1.0,mid,lev_bottom,384.461669921875,380.596435546875,175.51226545631093,541.5131227722793,263.7309876637793,0.0016666666666666668,0.05333333333333334,0.0,-1.0
043024_KL004_TimeOut_Opaque_TrNum7,2024-04-30,KL004G-KL004R,Training Partner,opaque,30.004011785838085,levPress,371.4,1.07999999999998,1,1.0,lev_bottom,lev_bottom,206.364501953125,396.57928466796875,164.8347735039667,429.8637292221367,53.221918363962715,0.0016666666666666668,0.05333333333333334,0.0,-1.0
043024_KL004_TimeOut_Opaque_TrNum7,2024-04-30,KL004G-KL004R,Training Partner,opaque,30.004011785838085,interaction,371.5503139904066,,16,,lev_bottom,lev_bottom,174.5078582763672,422.27569580078125,161.14311480775677,414.6932698214552,15.365856686619308,,,,
043024_KL004_TimeOut_Opaque_TrNum7,2024-04-30,KL004G-KL004R,Training Partner,opaque,30.004011785838085,levPress,371.92,1.60000000000002,1,0.0,lev_bottom,lev_bottom,173.00507739245126,433.18002241597844,178.5038604736328,428.6552734375,7.121093223103475,0.0,0.05333333333333334,0.0,-1.0
043024_KL004_TimeOut_Opaque_TrNum7,2024-04-30,KL004G-KL004R,Training Partner,opaque,30.004011785838085,magEntry,373.44,41.99,0,1.0,mid,mag_top,996.608642578125,480.40533447265625,1230.641845703125,218.53460693359375,351.20908033077023,0.0,0.05333333333333334,,-1.0
043024_KL004_TimeOut_Opaque_TrNum7,2024-04-30,KL004G-KL004R,Training Partner,opaque,30.004011785838085,magEntry,374.24,42.79,0,0.0,mag_bottom,mag_top,1196.5445556640625,456.380859375,1234.6527099609375,210.5985107421875,248.71910727440266,0.0,0.05333333333333334,,-1.0
043024_KL004_TimeOut_Opaque_TrNum7,2024-04-30,KL004G-KL004R,Training Partner,opaque,30.004011785838085,levPress,379.15,0.689999999999998,1,1.0,mag_top,lev_top,1226.4534912109375,216.64913940429688,188.54766845703125,252.72201538085938,1038.5324979449047,0.0,0.0,0.0,1.0
043024_KL004_TimeOut_Opaque_TrNum7,2024-04-30,KL004G-KL004R,Training Partner,opaque,30.004011785838085,magEntry,382.95,51.5,0,1.0,lev_bottom,mag_top,176.45452880859375,440.6116943359375,1230.381103515625,218.6334228515625,1077.0494779186731,0.0,0.0,,-1.0
043024_KL004_TimeOut_Opaque_TrNum7,2024-04-30,KL004G-KL004R,Training Partner,opaque,30.004011785838085,levPress,386.4,0.699999999999989,1,0.0,lev_bottom,mid,180.56822204589844,430.32244873046875,444.9031488715301,383.9113789455506,268.3783540796325,0.0,0.0,0.0,1.0
043024_KL004_TimeOut_Opaque_TrNum7,2024-04-30,KL004G-KL004R,Training Partner,opaque,30.004011785838085,magEntry,394.09,62.64,0,0.0,mag_top,lev_top,1212.5777587890625,196.509033203125,188.45596313476562,216.62835693359375,1024.3194030777474,0.0,0.0,,-1.0
043024_KL004_TimeOut_Opaque_TrNum7,2024-04-30,KL004G-KL004R,Training Partner,opaque,30.004011785838085,levPress,395.33,0.680000000000007,1,1.0,lev_top,lev_top,320.33990478515625,124.6358871459961,196.24595642089844,246.3840789794922,173.8445576811562,0.0,0.0,0.0,1.0
043024_KL004_TimeOut_Opaque_TrNum7,2024-04-30,KL004G-KL004R,Training Partner,opaque,30.004011785838085,levPress,396.05,1.40000000000003,1,,lev_top,mid,98.92275960959931,161.15678423640998,496.5110778808594,270.4757385253906,412.3434303982604,0.0,0.0,0.0,-1.0
043024_KL004_TimeOut_Opaque_TrNum7,2024-04-30,KL004G-KL004R,Training Partner,opaque,30.004011785838085,levPress,403.53,0.649999999999977,1,0.0,lev_top,lev_bottom,196.54522705078125,216.4741668701172,166.3791046142578,488.4608154296875,273.6544023719014,0.0,0.0,1.0,1.0
043024_KL004_TimeOut_Opaque_TrNum7,2024-04-30,KL004G-KL004R,Training Partner,opaque,30.004011785838085,levPress,403.72,0.840000000000032,1,1.0,lev_top,lev_bottom,186.61166381835938,220.4877166748047,168.5477294921875,488.69488525390625,268.81478940073004,0.0,0.0,1.0,1.0
043024_KL004_TimeOut_Opaque_TrNum7,2024-04-30,KL004G-KL004R,Training Partner,opaque,30.004011785838085,levPress,416.24,0.78000000000003,1,1.0,mid,lev_bottom,388.63250732421875,172.41844177246094,188.48776228363658,480.4165906410124,367.3156390270009,0.0,0.0,1.0,1.0
043024_KL004_TimeOut_Opaque_TrNum7,2024-04-30,KL004G-KL004R,Training Partner,opaque,30.004011785838085,levPress,416.82,1.36000000000001,1,0.0,lev_top,lev_bottom,184.57640075683594,208.3824920654297,216.2298742744124,550.9077881515725,343.98476833230234,0.0,0.0,1.0,1.0
043024_KL004_TimeOut_Opaque_TrNum7,2024-04-30,KL004G-KL004R,Training Partner,opaque,30.004011785838085,magEntry,419.18,0.769999999999982,0,0.0,mag_top,mag_bottom,1232.461181640625,212.5059051513672,1202.486083984375,444.60064697265625,234.02238281966225,0.0,0.0,,1.0
043024_KL004_TimeOut_Opaque_TrNum7,2024-04-30,KL004G-KL004R,Training Partner,opaque,30.004011785838085,magEntry,419.51,1.09999999999997,0,1.0,mag_top,mag_bottom,1232.6116943359375,220.47320556640625,1222.363037109375,444.56744384765625,224.32847034159803,0.0,0.0,,1.0
043024_KL004_TimeOut_Opaque_TrNum7,2024-04-30,KL004G-KL004R,Training Partner,opaque,30.004011785838085,magEntry,426.42,8.00999999999999,0,0.0,mag_top,lev_bottom,1228.4075927734375,228.347900390625,186.47048950195312,430.42474365234375,1061.3519575317102,0.0,0.0,,-1.0
043024_KL004_TimeOut_Opaque_TrNum7,2024-04-30,KL004G-KL004R,Training Partner,opaque,30.004011785838085,magEntry,426.69,8.27999999999997,0,0.0,mag_top,lev_bottom,1228.520263671875,220.53564453125,184.45956420898438,434.59259033203125,1065.7781758923848,0.0,0.0,,-1.0
043024_KL004_TimeOut_Opaque_TrNum7,2024-04-30,KL004G-KL004R,Training Partner,opaque,30.004011785838085,levPress,427.07,0.75,1,1.0,mag_top,lev_bottom,1202.3623046875,226.52618408203125,160.47433471679688,468.55322265625,1069.6296692644044,0.0,0.0,0.0,1.0
043024_KL004_TimeOut_Opaque_TrNum7,2024-04-30,KL004G-KL004R,Training Partner,opaque,30.004011785838085,levPress,427.61,1.29000000000002,1,1.0,mag_top,lev_bottom,1202.3823816357958,211.99360995887324,164.60357666015625,482.7218933105469,1072.5104435217452,0.0,0.0,0.0,-1.0
043024_KL004_TimeOut_Opaque_TrNum7,2024-04-30,KL004G-KL004R,Training Partner,opaque,30.004011785838085,levPress,428.34,2.01999999999998,1,1.0,mag_top,lev_bottom,1226.52197265625,212.64608764648438,180.62876892089844,474.6074523925781,1078.2005148577111,0.0,0.0,0.0,-1.0
043024_KL004_TimeOut_Opaque_TrNum7,2024-04-30,KL004G-KL004R,Training Partner,opaque,30.004011785838085,magEntry,428.44,10.03,0,0.0,mag_top,lev_bottom,1226.6212158203125,212.6557159423828,184.4253692626953,472.5646057128906,1074.1158287464561,0.0,0.0,,-1.0
043024_KL004_TimeOut_Opaque_TrNum7,2024-04-30,KL004G-KL004R,Training Partner,opaque,30.004011785838085,interaction,435.50842778190196,,5,,mag_top,mag_top,1158.42333984375,280.4497985839844,1070.0748577349586,155.60601205534326,152.9425556401368,,,,
043024_KL004_TimeOut_Opaque_TrNum7,2024-04-30,KL004G-KL004R,Training Partner,opaque,30.004011785838085,magEntry,436.14,17.73,0,0.0,mag_top,mid,1222.4459228515625,224.54197692871094,522.111575597726,172.86789924004637,702.2381421202008,0.0,0.016666666666666666,,-1.0
043024_KL004_TimeOut_Opaque_TrNum7,2024-04-30,KL004G-KL004R,Training Partner,opaque,30.004011785838085,levPress,437.07,0.649999999999977,1,1.0,mid,lev_top,972.420654296875,264.4889831542969,169.51010103292032,232.54989969274172,803.545556639444,0.0,0.02,0.0,1.0
043024_KL004_TimeOut_Opaque_TrNum7,2024-04-30,KL004G-KL004R,Training Partner,opaque,30.004011785838085,levPress,437.99,1.56999999999999,1,1.0,lev_bottom,lev_top,208.51873779296875,416.49853515625,229.19565074421854,265.19268125572205,152.7121349263426,0.0,0.02,0.0,-1.0
043024_KL004_TimeOut_Opaque_TrNum7,2024-04-30,KL004G-KL004R,Training Partner,opaque,30.004011785838085,levPress,438.48,2.06,1,0.0,lev_bottom,lev_top,168.56764221191406,444.40936279296875,182.57164001464844,236.41741943359375,208.46285150325573,0.0,0.02,0.0,1.0
043024_KL004_TimeOut_Opaque_TrNum7,2024-04-30,KL004G-KL004R,Training Partner,opaque,30.004011785838085,interaction,441.8409142959114,,1,,mag_top,mag_top,1070.4111328125,254.4898681640625,1230.5916748046875,218.47862243652344,164.1786096047842,,,,
043024_KL004_TimeOut_Opaque_TrNum7,2024-04-30,KL004G-KL004R,Training Partner,opaque,30.004011785838085,magEntry,442.54,24.13,0,0.0,mag_top,mid,1228.59033203125,228.50262451171875,956.654296875,132.5375213623047,288.3721696679118,0.0,0.0033333333333333335,,-1.0
043024_KL004_TimeOut_Opaque_TrNum7,2024-04-30,KL004G-KL004R,Training Partner,opaque,30.004011785838085,levPress,447.8,0.680000000000007,1,0.0,lev_top,lev_bottom,196.31439208984375,204.53070068359375,168.44583524528565,478.8759271607561,275.7570665484456,0.0,0.0,1.0,1.0
043024_KL004_TimeOut_Opaque_TrNum7,2024-04-30,KL004G-KL004R,Training Partner,opaque,30.004011785838085,levPress,448.46,1.33999999999997,1,1.0,lev_top,lev_bottom,184.59361267089844,208.618408203125,172.37509155273438,490.5728759765625,282.2190889286503,0.0,0.0,1.0,1.0
043024_KL004_TimeOut_Opaque_TrNum7,2024-04-30,KL004G-KL004R,Training Partner,opaque,30.004011785838085,magEntry,451.84,1.48999999999995,0,0.0,mag_top,mid,1230.45947265625,214.44715881347656,878.5031127929688,312.6231384277344,365.3926685381505,0.0,0.0,,1.0
043024_KL004_TimeOut_Opaque_TrNum7,2024-04-30,KL004G-KL004R,Training Partner,opaque,30.004011785838085,magEntry,453.12,2.76999999999998,0,1.0,mag_top,mag_bottom,1232.42626953125,224.5160675048828,1216.463134765625,444.6658935546875,220.72781333874707,0.0,0.0,,1.0
043024_KL004_TimeOut_Opaque_TrNum7,2024-04-30,KL004G-KL004R,Training Partner,opaque,30.004011785838085,magEntry,456.17,5.81999999999999,0,0.0,mag_top,mag_bottom,1226.46337890625,218.55084228515625,1168.5810546875,510.2917175292969,297.427473084081,0.0,0.0,,-1.0
043024_KL004_TimeOut_Opaque_TrNum7,2024-04-30,KL004G-KL004R,Training Partner,opaque,30.004011785838085,levPress,462.57,0.639999999999986,1,1.0,lev_bottom,lev_top,186.576171875,464.5298767089844,184.36837768554688,188.53614807128906,276.002559050674,0.0,0.043333333333333335,1.0,1.0
043024_KL004_TimeOut_Opaque_TrNum7,2024-04-30,KL004G-KL004R,Training Partner,opaque,30.004011785838085,levPress,462.85,0.920000000000016,1,,lev_top,lev_top,196.42318725585938,212.38975524902344,189.83307611323508,230.29964947651462,19.083864286670632,0.0,0.043333333333333335,1.0,1.0
043024_KL004_TimeOut_Opaque_TrNum7,2024-04-30,KL004G-KL004R,Training Partner,opaque,30.004011785838085,levPress,463.11,1.18000000000001,1,,lev_top,lev_top,184.32626342773438,212.46409606933594,176.78654197112886,264.9914312779673,53.06569837251859,0.0,0.043333333333333335,1.0,-2.0
043024_KL004_TimeOut_Opaque_TrNum7,2024-04-30,KL004G-KL004R,Training Partner,opaque,30.004011785838085,interaction,463.27138181437493,,6,,lev_top,lev_top,180.52337646484375,220.53514099121094,168.9716602596435,286.67009511601486,67.13623689465628,,,,
043024_KL004_TimeOut_Opaque_TrNum7,2024-04-30,KL004G-KL004R,Training Partner,opaque,30.004011785838085,interaction,466.270980689432,,7,,mag_top,mag_top,1212.535888671875,210.5820770263672,1197.7001838517447,215.19304897237174,15.535739435150147,,,,
043024_KL004_TimeOut_Opaque_TrNum7,2024-04-30,KL004G-KL004R,Training Partner,opaque,30.004011785838085,magEntry,466.68,1.79000000000002,0,0.0,mag_top,mid,1230.3328857421875,220.35272216796875,968.5877075195312,274.40118408203125,267.2672343518486,0.0,0.043333333333333335,,1.0
043024_KL004_TimeOut_Opaque_TrNum7,2024-04-30,KL004G-KL004R,Training Partner,opaque,30.004011785838085,magEntry,467.94,3.05000000000001,0,1.0,mag_top,mag_bottom,1220.4356689453125,216.6030731201172,1224.342041015625,440.69061279296875,224.12158570602597,0.0,0.043333333333333335,,1.0
043024_KL004_TimeOut_Opaque_TrNum7,2024-04-30,KL004G-KL004R,Training Partner,opaque,30.004011785838085,magEntry,468.11,3.22000000000003,0,1.0,mag_top,mag_bottom,1222.6402587890625,218.55792236328125,1228.44580078125,448.39263916015625,229.90802805235572,0.0,0.043333333333333335,,-1.0
043024_KL004_TimeOut_Opaque_TrNum7,2024-04-30,KL004G-KL004R,Training Partner,opaque,30.004011785838085,magEntry,473.3,8.41000000000003,0,1.0,lev_top,mag_top,188.5363311767578,194.49441528320312,1232.6724853515625,218.41249084472656,1044.4100644830642,0.0,0.0,,-1.0
043024_KL004_TimeOut_Opaque_TrNum7,2024-04-30,KL004G-KL004R,Training Partner,opaque,30.004011785838085,levPress,477.89,0.839999999999975,1,1.0,lev_top,lev_bottom,188.31607055664062,208.4401092529297,171.50868933843475,564.1031532923619,356.0599513548374,0.0,0.0,1.0,1.0
043024_KL004_TimeOut_Opaque_TrNum7,2024-04-30,KL004G-KL004R,Training Partner,opaque,30.004011785838085,levPress,477.92,0.870000000000005,1,0.0,lev_top,lev_bottom,188.42990112304688,208.60887145996094,171.05134235223323,597.8289485636105,389.60785762805347,0.0,0.0,1.0,1.0
043024_KL004_TimeOut_Opaque_TrNum7,2024-04-30,KL004G-KL004R,Training Partner,opaque,30.004011785838085,levPress,478.03,0.979999999999961,1,,lev_top,other,186.4405517578125,208.42794799804688,169.66829144512178,705.3450241603894,497.2000495753474,0.0,0.0,1.0,-2.0
043024_KL004_TimeOut_Opaque_TrNum7,2024-04-30,KL004G-KL004R,Training Partner,opaque,30.004011785838085,levPress,478.73,1.68000000000001,1,1.0,lev_top,lev_bottom,180.4873046875,240.36325073242188,168.5118992000153,464.53521465170076,224.49160283631136,0.0,0.0,1.0,-2.0
043024_KL004_TimeOut_Opaque_TrNum7,2024-04-30,KL004G-KL004R,Training Partner,opaque,30.004011785838085,magEntry,483.64,4.28999999999996,0,0.0,mag_top,mag_bottom,1228.623046875,220.53604125976562,1212.61962890625,448.429931640625,228.45510425378038,0.0,0.0,,1.0
043024_KL004_TimeOut_Opaque_TrNum7,2024-04-30,KL004G-KL004R,Training Partner,opaque,30.004011785838085,magEntry,483.99,4.63999999999999,0,1.0,mag_top,mag_bottom,1228.3668212890625,220.39913940429688,1216.634765625,444.65411376953125,224.56165001543917,0.0,0.0,,1.0
043024_KL004_TimeOut_Opaque_TrNum7,2024-04-30,KL004G-KL004R,Training Partner,opaque,30.004011785838085,magEntry,484.61,5.25999999999999,0,1.0,mag_top,mag_bottom,1232.42626953125,224.51380920410156,1216.6671142578125,438.655517578125,214.72080066979447,0.0,0.0,,-1.0
043024_KL004_TimeOut_Opaque_TrNum7,2024-04-30,KL004G-KL004R,Training Partner,opaque,30.004011785838085,levPress,491.53,1.95999999999998,1,,mag_top,mag_top,1169.0119384209354,165.179946099534,1100.415771484375,180.49412536621094,70.28483623798508,0.0,0.0,0.0,1.0
043024_KL004_TimeOut_Opaque_TrNum7,2024-04-30,KL004G-KL004R,Training Partner,opaque,30.004011785838085,levPress,492.83,3.25999999999999,1,0.0,lev_top,other,182.5180206298828,212.6397247314453,14794.01217703625,-4656.428284345158,15401.41502459143,0.0,0.0,0.0,1.0
043024_KL004_TimeOut_Opaque_TrNum7,2024-04-30,KL004G-KL004R,Training Partner,opaque,30.004011785838085,magEntry,495.5,16.15,0,1.0,mag_top,mag_bottom,1224.669921875,224.63673400878906,1214.6834716796875,444.58111572265625,220.17097954771145,0.0,0.0,,-1.0
043024_KL004_TimeOut_Opaque_TrNum7,2024-04-30,KL004G-KL004R,Training Partner,opaque,30.004011785838085,magEntry,495.67,16.32,0,0.0,mag_top,mag_bottom,1228.5625,220.46238708496094,1216.5994873046875,444.3908996582031,224.24783703753508,0.0,0.0,,-1.0
043024_KL004_TimeOut_Opaque_TrNum7,2024-04-30,KL004G-KL004R,Training Partner,opaque,30.004011785838085,magEntry,501.08,21.73,0,0.0,mag_top,lev_bottom,1226.478759765625,216.5233612060547,190.5880584716797,450.6488952636719,1062.0189785145208,0.0033333333333333335,0.0,,-1.0
043024_KL004_TimeOut_Opaque_TrNum7,2024-04-30,KL004G-KL004R,Training Partner,opaque,30.004011785838085,levPress,502.16,1.78000000000003,1,1.0,mid,lev_bottom,356.5957336425781,176.6967010498047,178.52053833007812,436.44940185546875,314.9321208791219,0.0033333333333333335,0.0,1.0,1.0
043024_KL004_TimeOut_Opaque_TrNum7,2024-04-30,KL004G-KL004R,Training Partner,opaque,30.004011785838085,levPress,502.69,2.31,1,0.0,lev_top,lev_bottom,190.4125518798828,204.48226928710938,180.3959503173828,466.7422790527344,262.45122409531183,0.0033333333333333335,0.0,1.0,1.0
043024_KL004_TimeOut_Opaque_TrNum7,2024-04-30,KL004G-KL004R,Training Partner,opaque,30.004011785838085,gaze,505.06579280683724,,2,0.0,mid,mag_bottom,880.5518798828125,388.5151062011719,1200.5577392578125,444.49456787109375,324.86528002109816,,,,
043024_KL004_TimeOut_Opaque_TrNum7,2024-04-30,KL004G-KL004R,Training Partner,opaque,30.004011785838085,magEntry,505.47,0.950000000000045,1,1.0,mid,mag_bottom,1000.6012573242188,248.5736083984375,1216.628662109375,440.54498291015625,288.9997374568502,0.0033333333333333335,0.0,,1.0
043024_KL004_TimeOut_Opaque_TrNum7,2024-04-30,KL004G-KL004R,Training Partner,opaque,30.004011785838085,magEntry,508.57,4.05000000000001,0,0.0,mag_top,mag_bottom,1226.531982421875,216.6791229248047,1078.390380859375,374.48388671875,216.4446293848969,0.0033333333333333335,0.0,,1.0
043024_KL004_TimeOut_Opaque_TrNum7,2024-04-30,KL004G-KL004R,Training Partner,opaque,30.004011785838085,levPress,513.09,0.470000000000027,1,1.0,mid,lev_bottom,512.2449340820312,462.66986083984375,181.09984039633048,429.05988978920317,332.84636579980327,0.0,0.06333333333333334,0.0,1.0
043024_KL004_TimeOut_Opaque_TrNum7,2024-04-30,KL004G-KL004R,Training Partner,opaque,30.004011785838085,levPress,513.52,0.899999999999977,1,1.0,lev_bottom,lev_bottom,172.61656188964844,404.6317138671875,192.99923659231462,422.967050516801,27.416017181373523,0.0,0.06333333333333334,0.0,-1.0
043024_KL004_TimeOut_Opaque_TrNum7,2024-04-30,KL004G-KL004R,Training Partner,opaque,30.004011785838085,interaction,513.5646562861657,,2,,lev_bottom,lev_bottom,172.4369659423828,418.50946044921875,202.862275147491,456.4104491895004,48.602308460786084,,,,
043024_KL004_TimeOut_Opaque_TrNum7,2024-04-30,KL004G-KL004R,Training Partner,opaque,30.004011785838085,interaction,516.5642551612228,,17,,mid,mid,512.672119140625,384.4053955078125,562.3403708180649,269.962705357101,124.75602010975369,,,,
043024_KL004_TimeOut_Opaque_TrNum7,2024-04-30,KL004G-KL004R,Training Partner,opaque,30.004011785838085,magEntry,518.35,13.83,0,0.0,mag_top,mag_bottom,1226.4461669921875,216.53768920898438,1210.61474609375,440.42425537109375,224.44560230827437,0.0,0.06333333333333334,,-1.0
043024_KL004_TimeOut_Opaque_TrNum7,2024-04-30,KL004G-KL004R,Training Partner,opaque,30.004011785838085,levPress,521.84,0.399999999999977,1,1.0,lev_top,lev_bottom,188.43836975097656,204.57301330566406,184.35618591308594,438.45355224609375,233.91616173311365,0.0,0.03,1.0,1.0
043024_KL004_TimeOut_Opaque_TrNum7,2024-04-30,KL004G-KL004R,Training Partner,opaque,30.004011785838085,levPress,522.08,0.639999999999986,1,0.0,lev_top,lev_bottom,182.4593048095703,210.55723571777344,184.82062573050257,488.14130477151866,277.5941123815958,0.0,0.006666666666666667,1.0,1.0
043024_KL004_TimeOut_Opaque_TrNum7,2024-04-30,KL004G-KL004R,Training Partner,opaque,30.004011785838085,magEntry,525.59,1.76999999999998,0,1.0,mag_top,mag_bottom,1232.3070068359375,216.54193115234375,1216.4024658203125,444.6051025390625,228.61706972115084,0.0,0.0,,1.0
043024_KL004_TimeOut_Opaque_TrNum7,2024-04-30,KL004G-KL004R,Training Partner,opaque,30.004011785838085,magEntry,530.83,7.00999999999999,0,0.0,mag_top,other,1222.491943359375,216.53369140625,-129.31261820702275,531.4164552608055,1387.9937779559405,0.005,0.023333333333333334,,1.0
043024_KL004_TimeOut_Opaque_TrNum7,2024-04-30,KL004G-KL004R,Training Partner,opaque,30.004011785838085,levPress,531.83,0.430000000000064,1,1.0,mid,lev_bottom,604.458984375,312.43548583984375,179.3761000164439,484.12830017786564,458.4472500407217,0.005,0.023333333333333334,0.0,1.0
043024_KL004_TimeOut_Opaque_TrNum7,2024-04-30,KL004G-KL004R,Training Partner,opaque,30.004011785838085,levPress,533.28,1.88,1,,lev_top,other,180.35008239746094,220.3641815185547,-41.378426202035754,643.828816514256,478.001912776298,0.005,0.023333333333333334,0.0,-1.0
043024_KL004_TimeOut_Opaque_TrNum7,2024-04-30,KL004G-KL004R,Training Partner,opaque,30.004011785838085,levPress,533.28,1.88,1,0.0,lev_top,other,180.35008239746094,220.3641815185547,-41.378426202035754,643.828816514256,478.001912776298,0.005,0.023333333333333334,0.0,1.0
043024_KL004_TimeOut_Opaque_TrNum7,2024-04-30,KL004G-KL004R,Training Partner,opaque,30.004011785838085,gaze,533.7952842546064,,3,0.0,lev_top,other,190.6652069091797,228.39224243164062,-224.87225549991925,788.2836544502293,697.2444161967612,,,,
043024_KL004_TimeOut_Opaque_TrNum7,2024-04-30,KL004G-KL004R,Training Partner,opaque,30.004011785838085,interaction,535.4617280740825,,7,,mag_top,mag_top,1119.3567214265772,170.32383717759498,1238.3941650390625,220.53184509277344,129.19271279993401,,,,
043024_KL004_TimeOut_Opaque_TrNum7,2024-04-30,KL004G-KL004R,Training Partner,opaque,30.004011785838085,magEntry,536.29,12.4699999999999,0,0.0,mag_top,mid,1218.620849609375,222.44630432128906,876.5930786132812,304.53936767578125,351.74176206910806,0.005,0.023333333333333334,,-1.0
043024_KL004_TimeOut_Opaque_TrNum7,2024-04-30,KL004G-KL004R,Training Partner,opaque,30.004011785838085,magEntry,537.88,14.0599999999999,0,1.0,mag_top,mag_bottom,1220.372314453125,224.4172821044922,1210.4317626953125,448.3914794921875,224.19468250766352,0.005,0.023333333333333334,,-1.0
043024_KL004_TimeOut_Opaque_TrNum7,2024-04-30,KL004G-KL004R,Training Partner,opaque,30.004011785838085,levPress,539.48,1.30000000000007,1,0.0,lev_bottom,mid,192.55003356933594,428.44378662109375,636.4589233398438,478.5035705566406,446.72260339606555,0.0,0.023333333333333334,0.0,1.0
043024_KL004_TimeOut_Opaque_TrNum7,2024-04-30,KL004G-KL004R,Training Partner,opaque,30.004011785838085,magEntry,543.59,19.77,0,0.0,mag_top,lev_top,1228.4588623046875,220.3439178466797,186.34759521484375,224.4786834716797,1042.1194697741585,0.0,0.0,,-1.0
043024_KL004_TimeOut_Opaque_TrNum7,2024-04-30,KL004G-KL004R,Training Partner,opaque,30.004011785838085,levPress,551.52,1.09000000000003,1,0.0,lev_top,mag_top,196.3611602783203,200.5487518310547,1086.6107177734375,226.55532836914062,890.6293374033236,0.0,0.016666666666666666,0.0,1.0
043024_KL004_TimeOut_Opaque_TrNum7,2024-04-30,KL004G-KL004R,Training Partner,opaque,30.004011785838085,levPress,551.91,1.48000000000002,1,0.0,lev_top,mag_top,202.40890502929688,200.3782196044922,1224.4716796875,224.4008026123047,1022.345049303997,0.0,0.016666666666666666,0.0,-1.0
043024_KL004_TimeOut_Opaque_TrNum7,2024-04-30,KL004G-KL004R,Training Partner,opaque,30.004011785838085,interaction,554.9924496383433,,5,,mag_top,mag_top,1054.6937255859375,220.6297607421875,1071.1370196904766,144.90807010653282,77.48649142741051,,,,
043024_KL004_TimeOut_Opaque_TrNum7,2024-04-30,KL004G-KL004R,Training Partner,opaque,30.004011785838085,magEntry,555.7,31.88,0,0.0,mag_top,mid,1228.5849609375,220.3633575439453,964.6495361328125,170.5229034423828,268.60003598637286,0.0,0.016666666666666666,,-1.0
043024_KL004_TimeOut_Opaque_TrNum7,2024-04-30,KL004G-KL004R,Training Partner,opaque,30.004011785838085,levPress,558.2,0.629999999999995,1,0.0,lev_top,lev_bottom,200.31983947753906,212.56993103027344,180.53956604003906,468.6905212402344,256.88327299916006,0.0,0.016666666666666666,1.0,1.0
043024_KL004_TimeOut_Opaque_TrNum7,2024-04-30,KL004G-KL004R,Training Partner,opaque,30.004011785838085,levPress,558.48,0.909999999999968,1,1.0,lev_top,lev_bottom,200.5018310546875,212.5325469970703,168.04456872541073,488.1063057250876,277.4785944490115,0.0,0.016666666666666666,1.0,1.0
043024_KL004_TimeOut_Opaque_TrNum7,2024-04-30,KL004G-KL004R,Training Partner,opaque,30.004011785838085,levPress,559.16,1.58999999999992,1,1.0,lev_top,lev_bottom,178.6125946044922,224.4810333251953,168.4171600341797,462.64141845703125,238.37851399029643,0.0,0.016666666666666666,1.0,-2.0
043024_KL004_TimeOut_Opaque_TrNum7,2024-04-30,KL004G-KL004R,Training Partner,opaque,30.004011785838085,levPress,569.16,0.659999999999968,1,0.0,lev_top,lev_bottom,188.7327423095703,200.38323974609375,180.4150848388672,458.372314453125,258.1231219669987,0.0,0.0,1.0,1.0
043024_KL004_TimeOut_Opaque_TrNum7,2024-04-30,KL004G-KL004R,Training Partner,opaque,30.004011785838085,levPress,569.91,1.40999999999997,1,1.0,lev_top,lev_bottom,192.556396484375,222.4429473876953,172.45358276367188,486.4625244140625,264.7837989240866,0.0,0.0,1.0,1.0
043024_KL004_TimeOut_Opaque_TrNum7,2024-04-30,KL004G-KL004R,Training Partner,opaque,30.004011785838085,levPress,570.38,1.88,1,1.0,lev_top,lev_bottom,176.36265563964844,244.47657775878906,170.56121826171875,474.410888671875,230.00748685798405,0.0,0.0,1.0,-2.0
043024_KL004_TimeOut_Opaque_TrNum7,2024-04-30,KL004G-KL004R,Training Partner,opaque,30.004011785838085,magEntry,572.28,0.970000000000027,0,0.0,mag_top,mag_bottom,1232.3408203125,216.60789489746094,1202.681640625,444.6702575683594,229.9828432878588,0.0,0.0,,1.0
043024_KL004_TimeOut_Opaque_TrNum7,2024-04-30,KL004G-KL004R,Training Partner,opaque,30.004011785838085,magEntry,572.57,1.2600000000001,0,1.0,mag_top,mag_bottom,1232.3929443359375,220.50094604492188,1220.6358642578125,440.3847351074219,220.19788742048692,0.0,0.0,,1.0
043024_KL004_TimeOut_Opaque_TrNum7,2024-04-30,KL004G-KL004R,Training Partner,opaque,30.004011785838085,magEntry,574.06,2.75,0,1.0,mag_top,mag_bottom,1220.4437255859375,224.35960388183594,1212.660400390625,444.51068115234375,220.28862198139305,0.0,0.0,,-1.0
043024_KL004_TimeOut_Opaque_TrNum7,2024-04-30,KL004G-KL004R,Training Partner,opaque,30.004011785838085,levPress,580.08,0.800000000000068,1,1.0,lev_top,lev_bottom,196.45645141601562,200.34275817871094,211.3429234847922,490.6376720935476,290.6763562718456,0.0,0.0,1.0,1.0
043024_KL004_TimeOut_Opaque_TrNum7,2024-04-30,KL004G-KL004R,Training Partner,opaque,30.004011785838085,levPress,580.09,0.810000000000059,1,0.0,lev_top,lev_bottom,190.64947509765625,200.3843536376953,216.09625087768177,495.1505333454106,295.8625341219804,0.0,0.0,1.0,1.0
043024_KL004_TimeOut_Opaque_TrNum7,2024-04-30,KL004G-KL004R,Training Partner,opaque,30.004011785838085,levPress,580.39,1.11000000000001,1,1.0,lev_top,lev_bottom,180.4933319091797,208.4020538330078,258.89947693240043,535.796541675991,336.65215616028894,0.0,0.0,1.0,-2.0
043024_KL004_TimeOut_Opaque_TrNum7,2024-04-30,KL004G-KL004R,Training Partner,opaque,30.004011785838085,levPress,580.9,1.62,1,1.0,lev_top,lev_bottom,188.3500518798828,220.37127685546875,330.2311384029688,603.5395468192436,408.5929096545896,0.0,0.0,1.0,-2.0
043024_KL004_TimeOut_Opaque_TrNum7,2024-04-30,KL004G-KL004R,Training Partner,opaque,30.004011785838085,magEntry,582.61,0.769999999999982,0,0.0,mag_top,mag_bottom,1232.3963623046875,216.58331298828125,1198.5169583605852,451.63188432993644,237.47767242703222,0.0,0.0,,1.0
043024_KL004_TimeOut_Opaque_TrNum7,2024-04-30,KL004G-KL004R,Training Partner,opaque,30.004011785838085,magEntry,588.04,6.19999999999993,0,0.0,mag_top,mid,1228.5594482421875,218.49893188476562,912.5438842773438,364.5029296875,348.11349304845845,0.0,0.03,,-2.0
043024_KL004_TimeOut_Opaque_TrNum7,2024-04-30,KL004G-KL004R,Training Partner,opaque,30.004011785838085,interaction,589.1545479376047,,9,,mid,lev_top,414.0312167439846,155.8849758809161,320.51702880859375,216.49240112304688,111.43681321581334,,,,
043024_KL004_TimeOut_Opaque_TrNum7,2024-04-30,KL004G-KL004R,Training Partner,opaque,30.004011785838085,levPress,589.64,0.840000000000032,1,1.0,lev_top,lev_top,43.85830734251971,177.63932254612595,201.71902370084646,184.7729247012175,158.02181510434318,0.0,0.03,0.0,1.0
043024_KL004_TimeOut_Opaque_TrNum7,2024-04-30,KL004G-KL004R,Training Partner,opaque,30.004011785838085,magEntry,594.53,12.6899999999999,0,0.0,mag_top,lev_bottom,1216.3717041015625,228.43055725097656,172.47783823275853,443.9544420859453,1065.9103846632104,0.0,0.0,,-2.0
043024_KL004_TimeOut_Opaque_TrNum7,2024-04-30,KL004G-KL004R,Training Partner,opaque,30.004011785838085,levPress,594.69,5.8900000000001,1,1.0,mag_top,lev_bottom,1178.61279296875,252.48065185546875,172.50600304778027,437.7987958604766,1023.0316159447563,0.0,0.0,0.0,1.0
043024_KL004_TimeOut_Opaque_TrNum7,2024-04-30,KL004G-KL004R,Training Partner,opaque,30.004011785838085,magEntry,596.88,15.04,0,0.0,mag_bottom,lev_bottom,1174.4227294921875,492.446533203125,172.87216751103603,357.7617132153845,1010.5659448744008,0.0,0.0,,1.0
043024_KL004_TimeOut_Opaque_TrNum7,2024-04-30,KL004G-KL004R,Training Partner,opaque,30.004011785838085,levPress,599.09,0.700000000000045,1,1.0,mag_top,lev_bottom,1232.39306640625,216.6412811279297,172.76974487304688,470.2518615722656,1089.5503246983917,0.0,0.0,0.0,1.0
043024_KL004_TimeOut_Opaque_TrNum7,2024-04-30,KL004G-KL004R,Training Partner,opaque,30.004011785838085,levPress,599.44,1.05000000000007,1,1.0,mag_top,lev_bottom,1232.408935546875,220.4296112060547,168.69248962402344,472.68927001953125,1093.2189226277756,0.0,0.0,0.0,-1.0
043024_KL004_TimeOut_Opaque_TrNum7,2024-04-30,KL004G-KL004R,Training Partner,opaque,30.004011785838085,levPress,599.87,1.48000000000002,1,1.0,mag_top,lev_bottom,1228.3587646484375,208.6409454345703,172.43443298339844,478.50067138671875,1089.8625903723955,0.0,0.0,0.0,-1.0
043024_KL004_TimeOut_Opaque_TrNum7,2024-04-30,KL004G-KL004R,Training Partner,opaque,30.004011785838085,magEntry,600.09,18.25,0,0.0,mag_top,lev_bottom,1224.664794921875,208.4701690673828,172.67083740234375,486.6309814453125,1088.1473816539537,0.0,0.0,,-1.0
043024_KL004_TimeOut_Opaque_TrNum7,2024-04-30,KL004G-KL004R,Training Partner,opaque,30.004011785838085,magEntry,609.02,27.1799999999999,0,0.0,mag_top,mid,1228.662353515625,220.59454345703125,760.6300659179688,140.58078002929688,474.8225190234396,0.0,0.0,,-1.0
043024_KL004_TimeOut_Opaque_TrNum7,2024-04-30,KL004G-KL004R,Training Partner,opaque,30.004011785838085,levPress,609.95,1.50999999999999,1,1.0,mid,lev_top,1032.446533203125,244.4772186279297,192.5125732421875,246.47149658203125,839.9363274916855,0.0,0.0,0.0,1.0
043024_KL004_TimeOut_Opaque_TrNum7,2024-04-30,KL004G-KL004R,Training Partner,opaque,30.004011785838085,levPress,610.68,2.2399999999999,1,1.0,mid,lev_top,452.3807373046875,396.5259704589844,192.28692325187995,254.83100261281805,296.186184724174,0.0,0.0,0.0,-1.0
043024_KL004_TimeOut_Opaque_TrNum7,2024-04-30,KL004G-KL004R,Training Partner,opaque,30.004011785838085,levPress,611.33,2.88999999999999,1,0.0,lev_bottom,lev_top,176.391357421875,436.48785400390625,192.47293090820312,232.54312133789062,204.5777871324469,0.0,0.0,0.0,1.0
043024_KL004_TimeOut_Opaque_TrNum7,2024-04-30,KL004G-KL004R,Training Partner,opaque,30.004011785838085,magEntry,613.28,31.4399999999999,0,0.0,mag_top,mid,1226.6759033203125,212.5863494873047,890.39404296875,352.4895324707031,364.22299516970924,0.0,0.0,,-1.0
043024_KL004_TimeOut_Opaque_TrNum7,2024-04-30,KL004G-KL004R,Training Partner,opaque,30.004011785838085,magEntry,614.38,32.54,0,1.0,mag_top,mag_bottom,1232.347412109375,216.4347381591797,1218.390625,444.4571228027344,228.4491186346527,0.0,0.0,,-1.0
043024_KL004_TimeOut_Opaque_TrNum7,2024-04-30,KL004G-KL004R,Training Partner,opaque,30.004011785838085,magEntry,617.13,35.29,0,0.0,mag_top,lev_bottom,1232.351318359375,220.33326721191406,176.35740661621094,444.54449462890625,1079.5340736347619,0.0,0.0,,-1.0
043024_KL004_TimeOut_Opaque_TrNum7,2024-04-30,KL004G-KL004R,Training Partner,opaque,30.004011785838085,levPress,617.71,0.710000000000036,1,1.0,mag_top,lev_bottom,1228.5098876953125,216.527587890625,163.6841143001556,473.5632787061674,1095.4091811006592,0.0,0.023333333333333334,0.0,1.0
043024_KL004_TimeOut_Opaque_TrNum7,2024-04-30,KL004G-KL004R,Training Partner,opaque,30.004011785838085,levPress,617.84,0.840000000000032,1,1.0,mag_top,lev_bottom,1228.530029296875,216.46490478515625,157.5816807775632,487.0238880769535,1104.5960929842784,0.0,0.023333333333333334,0.0,-1.0
043024_KL004_TimeOut_Opaque_TrNum7,2024-04-30,KL004G-KL004R,Training Partner,opaque,30.004011785838085,levPress,619.6,2.60000000000002,1,1.0,mag_top,lev_bottom,1230.5867919921875,216.61053466796875,208.64079835495193,500.4045330019012,1060.6189925706387,0.0,0.023333333333333334,0.0,-1.0
043024_KL004_TimeOut_Opaque_TrNum7,2024-04-30,KL004G-KL004R,Training Partner,opaque,30.004011785838085,interaction,622.2834510687909,,7,,lev_bottom,lev_bottom,276.2732185360948,402.60468820785803,172.51962280273438,462.39556884765625,119.74872874182918,,,,
043024_KL004_TimeOut_Opaque_TrNum7,2024-04-30,KL004G-KL004R,Training Partner,opaque,30.004011785838085,levPress,627.85,0.690000000000055,1,1.0,lev_bottom,lev_top,188.44973754882812,436.6045837402344,196.4408416748047,260.33673095703125,176.44889818288232,0.0,0.0,1.0,1.0
043024_KL004_TimeOut_Opaque_TrNum7,2024-04-30,KL004G-KL004R,Training Partner,opaque,30.004011785838085,levPress,627.99,0.830000000000041,1,0.0,lev_bottom,lev_top,188.3743133544922,436.3329772949219,200.54432678222656,248.56800842285156,188.15895610456806,0.0,0.0,1.0,1.0
043024_KL004_TimeOut_Opaque_TrNum7,2024-04-30,KL004G-KL004R,Training Partner,opaque,30.004011785838085,levPress,628.3,1.13999999999999,1,0.0,lev_bottom,lev_top,174.56719970703125,438.5238037109375,193.04843819554387,242.51006863280233,196.88306304847717,0.0,0.0,1.0,-2.0
043024_KL004_TimeOut_Opaque_TrNum7,2024-04-30,KL004G-KL004R,Training Partner,opaque,30.004011785838085,magEntry,630.61,1.38,0,1.0,mag_bottom,mag_top,1218.42626953125,436.5729675292969,1234.4178466796875,216.44515991210938,220.7079115619645,0.0,0.0,,1.0
043024_KL004_TimeOut_Opaque_TrNum7,2024-04-30,KL004G-KL004R,Training Partner,opaque,30.004011785838085,magEntry,631.39,2.15999999999997,0,0.0,mag_bottom,mag_top,1220.446533203125,436.4368896484375,1234.4417724609375,218.33090209960938,218.55454359617644,0.0,0.0,,1.0
043024_KL004_TimeOut_Opaque_TrNum7,2024-04-30,KL004G-KL004R,Training Partner,opaque,30.004011785838085,magEntry,631.54,2.30999999999995,1,0.0,mag_bottom,mag_top,1220.460693359375,436.527099609375,1238.501220703125,214.4250030517578,222.83357449480027,0.0,0.0,,-1.0
043024_KL004_TimeOut_Opaque_TrNum7,2024-04-30,KL004G-KL004R,Training Partner,opaque,30.004011785838085,magEntry,635.07,5.84000000000003,0,1.0,mid,mag_top,834.3576049804688,282.679443359375,1222.4482421875,206.53599548339844,395.48978159012034,0.0,0.0,,-1.0
043024_KL004_TimeOut_Opaque_TrNum7,2024-04-30,KL004G-KL004R,Training Partner,opaque,30.004011785838085,levPress,637.84,1.01999999999998,1,0.0,lev_bottom,mag_top,188.34573364257812,424.66986083984375,1150.3856230134218,262.5735201116717,975.6003138673791,0.0,0.03,0.0,1.0
043024_KL004_TimeOut_Opaque_TrNum7,2024-04-30,KL004G-KL004R,Training Partner,opaque,30.004011785838085,magEntry,639.24,10.01,0,1.0,lev_bottom,mag_top,172.4821014404297,452.361572265625,1236.3768310546875,222.41558837890625,1088.4609093608397,0.0,0.03,,-1.0
043024_KL004_TimeOut_Opaque_TrNum7,2024-04-30,KL004G-KL004R,Training Partner,opaque,30.004011785838085,magEntry,641.67,12.4399999999999,0,0.0,mag_top,mag_top,1228.3226318359375,234.39463806152344,1231.860099346727,223.2389678681571,11.70310445365051,0.0,0.03,,-1.0
043024_KL004_TimeOut_Opaque_TrNum7,2024-04-30,KL004G-KL004R,Training Partner,opaque,30.004011785838085,interaction,641.6808571274935,,9,,mag_top,mag_top,1226.3673095703125,236.34454345703125,1231.8143626731983,223.2996825883305,14.136434578401207,,,,
043024_KL004_TimeOut_Opaque_TrNum7,2024-04-30,KL004G-KL004R,Training Partner,opaque,30.004011785838085,levPress,645.83,0.540000000000077,1,1.0,lev_top,lev_bottom,192.35580444335938,210.40460205078125,180.39007568359375,476.43115234375,266.29552028813725,0.0,0.03,1.0,1.0
043024_KL004_TimeOut_Opaque_TrNum7,2024-04-30,KL004G-KL004R,Training Partner,opaque,30.004011785838085,levPress,645.96,0.670000000000073,1,0.0,lev_top,lev_bottom,196.5398406982422,210.5439453125,172.5968780517578,486.4668884277344,276.959809354469,0.0,0.03,1.0,1.0
043024_KL004_TimeOut_Opaque_TrNum7,2024-04-30,KL004G-KL004R,Training Partner,opaque,30.004011785838085,levPress,646.24,0.950000000000045,1,1.0,lev_top,lev_bottom,188.61776733398438,216.47637939453125,172.5923140365729,485.05993090414387,269.0612184892209,0.0,0.03,1.0,-2.0
043024_KL004_TimeOut_Opaque_TrNum7,2024-04-30,KL004G-KL004R,Training Partner,opaque,30.004011785838085,levPress,646.37,1.08000000000004,1,1.0,lev_top,lev_bottom,174.6556854248047,224.36972045898438,172.55238342285156,486.56268310546875,262.2013988152088,0.0,0.03,1.0,-2.0
043024_KL004_TimeOut_Opaque_TrNum7,2024-04-30,KL004G-KL004R,Training Partner,opaque,30.004011785838085,magEntry,648.42,0.829999999999927,0,0.0,mag_top,mag_bottom,1228.552734375,212.43276977539062,1170.4947509765625,436.5908203125,231.55466105628392,0.0,0.0,,1.0
043024_KL004_TimeOut_Opaque_TrNum7,2024-04-30,KL004G-KL004R,Training Partner,opaque,30.004011785838085,magEntry,648.87,1.27999999999997,0,1.0,mag_top,mag_bottom,1232.3507080078125,212.5331268310547,1220.38671875,440.3485107421875,228.1293189959105,0.0,0.0,,1.0
043024_KL004_TimeOut_Opaque_TrNum7,2024-04-30,KL004G-KL004R,Training Partner,opaque,30.004011785838085,levPress,658.53,0.549999999999955,1,0.0,lev_top,lev_bottom,188.66427612304688,208.34054565429688,176.29425048828125,456.44268798828125,248.41032700940073,0.0,0.0,1.0,1.0
043024_KL004_TimeOut_Opaque_TrNum7,2024-04-30,KL004G-KL004R,Training Partner,opaque,30.004011785838085,levPress,659.28,1.29999999999995,1,1.0,lev_top,lev_bottom,200.34124755859375,208.35964965820312,164.8764836731474,487.20914028327843,281.0956917124744,0.0,0.0,1.0,1.0
043024_KL004_TimeOut_Opaque_TrNum7,2024-04-30,KL004G-KL004R,Training Partner,opaque,30.004011785838085,magEntry,661.71,1.10000000000002,0,0.0,mag_top,mag_bottom,1228.621337890625,216.6588592529297,1212.64111328125,440.70172119140625,224.61204679212855,0.0,0.0,,1.0
043024_KL004_TimeOut_Opaque_TrNum7,2024-04-30,KL004G-KL004R,Training Partner,opaque,30.004011785838085,gaze,667.7440384641008,,1,1.0,mid,mid,540.4708862304688,140.4127197265625,656.430908203125,276.4772033691406,178.77435611636344,,,,
043024_KL004_TimeOut_Opaque_TrNum7,2024-04-30,KL004G-KL004R,Training Partner,opaque,30.004011785838085,levPress,672.42,0.629999999999995,1,0.0,lev_top,mid,194.43446350097656,208.52557373046875,746.4043579101562,178.6893310546875,552.7756920407129,0.0016666666666666668,0.03,0.0,1.0
043024_KL004_TimeOut_Opaque_TrNum7,2024-04-30,KL004G-KL004R,Training Partner,opaque,30.004011785838085,magEntry,676.1,15.49,0,1.0,mag_top,mag_top,1224.353271484375,242.44952392578125,1236.3489779299493,225.42009019226452,20.83023250980726,0.0,0.03,,-2.0
043024_KL004_TimeOut_Opaque_TrNum7,2024-04-30,KL004G-KL004R,Training Partner,opaque,30.004011785838085,interaction,676.1095864378711,,9,,mag_top,mag_top,1224.52099609375,240.3612823486328,1236.343304637995,227.1735302643788,17.71112035843797,,,,
043024_KL004_TimeOut_Opaque_TrNum7,2024-04-30,KL004G-KL004R,Training Partner,opaque,30.004011785838085,magEntry,677.19,16.58,0,0.0,mag_top,mag_bottom,1224.4276123046875,220.3802032470703,1104.54931640625,440.46185302734375,250.61272592891262,0.0,0.03,,-2.0
043024_KL004_TimeOut_Opaque_TrNum7,2024-04-30,KL004G-KL004R,Training Partner,opaque,30.004011785838085,magEntry,677.82,17.21,0,1.0,mid,mag_bottom,800.5721435546875,312.622802734375,1214.4324951171875,444.54949951171875,434.3789174419234,0.0,0.03,,1.0
043024_KL004_TimeOut_Opaque_TrNum7,2024-04-30,KL004G-KL004R,Training Partner,opaque,30.004011785838085,levPress,682.95,0.680000000000064,1,1.0,mid,lev_top,454.49957275390625,132.35650634765625,192.3516387939453,244.6067352294922,285.1695165397252,0.0,0.0,0.0,1.0
043024_KL004_TimeOut_Opaque_TrNum7,2024-04-30,KL004G-KL004R,Training Partner,opaque,30.004011785838085,levPress,683.8,1.52999999999997,1,,lev_top,mid,188.5666961669922,204.52252197265625,460.6368713378906,272.51263427734375,280.43686560209477,0.0,0.0,0.0,-1.0
043024_KL004_TimeOut_Opaque_TrNum7,2024-04-30,KL004G-KL004R,Training Partner,opaque,30.004011785838085,levPress,684.17,1.89999999999998,1,0.0,lev_top,mid,184.39254760742188,210.5663299560547,520.646240234375,292.4873046875,346.08899419977456,0.0,0.0,0.0,-1.0
043024_KL004_TimeOut_Opaque_TrNum7,2024-04-30,KL004G-KL004R,Training Partner,opaque,30.004011785838085,magEntry,687.15,26.54,0,0.0,mag_top,lev_bottom,1226.41650390625,212.625244140625,172.56077575683594,468.420166015625,1084.4551340698097,0.0,0.0,,-1.0
043024_KL004_TimeOut_Opaque_TrNum7,2024-04-30,KL004G-KL004R,Training Partner,opaque,30.004011785838085,levPress,694.26,0.259999999999991,1,1.0,lev_top,lev_bottom,188.4983673095703,200.4529266357422,170.5999298095703,444.5452880859375,244.74769658420527,0.0,0.0,1.0,1.0
043024_KL004_TimeOut_Opaque_TrNum7,2024-04-30,KL004G-KL004R,Training Partner,opaque,30.004011785838085,levPress,694.51,0.509999999999991,1,1.0,lev_top,lev_bottom,184.5014190673828,204.603271484375,168.78061101847314,444.63489081775737,240.54588353475611,0.0,0.0,1.0,-1.0
043024_KL004_TimeOut_Opaque_TrNum7,2024-04-30,KL004G-KL004R,Training Partner,opaque,30.004011785838085,levPress,694.61,0.610000000000014,1,0.0,lev_top,lev_bottom,192.45736694335938,210.67562866210938,166.74713392681963,442.72846420520204,233.4727705008753,0.0,0.0,1.0,1.0
043024_KL004_TimeOut_Opaque_TrNum7,2024-04-30,KL004G-KL004R,Training Partner,opaque,30.004011785838085,magEntry,697.22,1.33000000000004,2,1.0,mag_top,mag_bottom,1152.48779296875,214.45907592773438,1220.5196533203125,434.5748291015625,230.38940691398145,0.0,0.0,,1.0
043024_KL004_TimeOut_Opaque_TrNum7,2024-04-30,KL004G-KL004R,Training Partner,opaque,30.004011785838085,magEntry,699.87,3.98000000000002,0,,mag_top,mag_bottom,1232.3453369140625,220.51153564453125,1232.4146728515625,450.48419189453125,229.97266670226898,0.0,0.0,,1.0
043024_KL004_TimeOut_Opaque_TrNum7,2024-04-30,KL004G-KL004R,Training Partner,opaque,30.004011785838085,magEntry,703.27,7.38,0,1.0,lev_top,mag_bottom,196.3228759765625,192.50762939453125,1220.4927978515625,452.51776123046875,1056.6594993330564,0.0,0.0,,-1.0
043024_KL004_TimeOut_Opaque_TrNum7,2024-04-30,KL004G-KL004R,Training Partner,opaque,30.004011785838085,levPress,703.54,0.639999999999986,1,0.0,lev_top,mag_bottom,188.6557159423828,208.35055541992188,1210.5321044921875,422.59039306640625,1044.0929371997415,0.0,0.0,0.0,1.0
043024_KL004_TimeOut_Opaque_TrNum7,2024-04-30,KL004G-KL004R,Training Partner,opaque,30.004011785838085,magEntry,708.21,12.3200000000001,0,0.0,mag_top,mid,1226.4359130859375,218.68405151367188,896.5079345703125,288.35797119140625,337.2045760227255,0.0,0.013333333333333334,,-1.0
043024_KL004_TimeOut_Opaque_TrNum7,2024-04-30,KL004G-KL004R,Training Partner,opaque,30.004011785838085,interaction,709.0385163107203,,4,,mid,mag_bottom,1016.453125,228.11431884765625,1198.499267578125,440.4759216308594,279.71100865755346,,,,
043024_KL004_TimeOut_Opaque_TrNum7,2024-04-30,KL004G-KL004R,Training Partner,opaque,30.004011785838085,levPress,714.59,0.700000000000045,1,1.0,lev_top,lev_bottom,192.2996826171875,196.4920196533203,170.69387817382812,480.50701904296875,284.8356204268467,0.023333333333333334,0.0,1.0,1.0
043024_KL004_TimeOut_Opaque_TrNum7,2024-04-30,KL004G-KL004R,Training Partner,opaque,30.004011785838085,levPress,714.79,0.899999999999977,1,0.0,lev_top,lev_bottom,196.47537231445312,204.4154510498047,188.41485595703125,474.3675537109375,270.07241557610996,0.023333333333333334,0.0,1.0,1.0
043024_KL004_TimeOut_Opaque_TrNum7,2024-04-30,KL004G-KL004R,Training Partner,opaque,30.004011785838085,levPress,715.15,1.25999999999999,1,1.0,lev_top,lev_bottom,180.34312438964844,224.3662567138672,170.39212036132812,468.3958740234375,244.23242332955505,0.023333333333333334,0.0,1.0,-2.0
043024_KL004_TimeOut_Opaque_TrNum7,2024-04-30,KL004G-KL004R,Training Partner,opaque,30.004011785838085,gaze,718.4705883289554,,14,1.0,mag_top,mag_bottom,1232.385009765625,216.40101623535156,1178.3985595703125,428.5660400390625,218.92586446174008,,,,
043024_KL004_TimeOut_Opaque_TrNum7,2024-04-30,KL004G-KL004R,Training Partner,opaque,30.004011785838085,levPress,724.14,0.720000000000027,1,1.0,lev_top,lev_bottom,210.32859802246094,176.81849670410156,164.29998779296875,480.40264892578125,307.05369308935934,0.0,0.0,1.0,1.0
043024_KL004_TimeOut_Opaque_TrNum7,2024-04-30,KL004G-KL004R,Training Partner,opaque,30.004011785838085,levPress,724.31,0.889999999999986,1,1.0,lev_top,lev_bottom,196.49484252929688,196.4013671875,168.47113037109375,486.68804931640625,291.63622248365255,0.0,0.0,1.0,-1.0
043024_KL004_TimeOut_Opaque_TrNum7,2024-04-30,KL004G-KL004R,Training Partner,opaque,30.004011785838085,levPress,724.49,1.07000000000005,1,0.0,lev_top,lev_bottom,188.51666259765625,204.40493774414062,164.71299743652344,488.4473876953125,285.03811648508923,0.0,0.0,1.0,1.0
050124_KL005_TimeOut_Opaque_TrNum6,2024-05-01,KL005B-KL005Y,Training Partner,opaque,30.000531309105877,magEntry,0.71,,0,1.0,mag_top,mag_top,1218.055635854319,256.51488839266676,1208.496826171875,192.59474182128906,64.63092123938506,0.0,0.0,,0.0
050124_KL005_TimeOut_Opaque_TrNum6,2024-05-01,KL005B-KL005Y,Training Partner,opaque,30.000531309105877,magEntry,7.19,,0,1.0,mag_bottom,mag_bottom,1122.420166015625,536.5921020507812,1218.506591796875,424.6379089355469,147.53420815356301,0.0,0.08,,0.0
050124_KL005_TimeOut_Opaque_TrNum6,2024-05-01,KL005B-KL005Y,Training Partner,opaque,30.000531309105877,interaction,8.433183979085346,,24,,mid,mid,908.5823974609375,226.4829559326172,828.590529151543,273.4219080444681,92.74677472012785,,,,
050124_KL005_TimeOut_Opaque_TrNum6,2024-05-01,KL005B-KL005Y,Training Partner,opaque,30.000531309105877,magEntry,10.74,,0,1.0,lev_top,mag_top,274.65411376953125,214.46290588378906,1228.347900390625,210.46170043945312,953.7021800775586,0.0,0.08,,0.0
050124_KL005_TimeOut_Opaque_TrNum6,2024-05-01,KL005B-KL005Y,Training Partner,opaque,30.000531309105877,levPress,14.65,4.64,1,1.0,lev_bottom,lev_top,284.53448486328125,444.42449951171875,172.503662109375,212.35313415527344,257.697543382396,0.0,0.0,0.0,1.0
050124_KL005_TimeOut_Opaque_TrNum6,2024-05-01,KL005B-KL005Y,Training Partner,opaque,30.000531309105877,levPress,14.95,4.94,1,1.0,lev_bottom,lev_top,192.5657958984375,436.4749755859375,176.42823791503906,228.45904541015625,208.64095471542265,0.0,0.0,0.0,-1.0
050124_KL005_TimeOut_Opaque_TrNum6,2024-05-01,KL005B-KL005Y,Training Partner,opaque,30.000531309105877,levPress,15.04,5.03,1,1.0,lev_bottom,lev_top,182.56980895996094,426.5192565917969,188.4599151611328,224.4844207763672,202.12067740344804,0.0,0.0,0.0,-1.0
050124_KL005_TimeOut_Opaque_TrNum6,2024-05-01,KL005B-KL005Y,Training Partner,opaque,30.000531309105877,levPress,15.51,5.5,1,0.0,lev_bottom,lev_top,192.6595458984375,454.56683349609375,174.41175842285156,204.44029235839844,250.7912843965303,0.0,0.0,0.0,1.0
050124_KL005_TimeOut_Opaque_TrNum6,2024-05-01,KL005B-KL005Y,Training Partner,opaque,30.000531309105877,levPress,15.61,5.6,1,1.0,lev_bottom,lev_top,184.41799926757812,460.5941467285156,180.51803588867188,196.61448669433594,264.00846695914487,0.0,0.0,0.0,-2.0
050124_KL005_TimeOut_Opaque_TrNum6,2024-05-01,KL005B-KL005Y,Training Partner,opaque,30.000531309105877,levPress,15.99,5.98,1,0.0,lev_bottom,lev_top,174.40394592285156,494.35546875,182.55621337890625,180.6188201904297,313.84254669191427,0.0,0.0,0.0,-2.0
050124_KL005_TimeOut_Opaque_TrNum6,2024-05-01,KL005B-KL005Y,Training Partner,opaque,30.000531309105877,magEntry,17.87,,0,1.0,mag_bottom,mag_top,1204.4774169921875,454.46881103515625,1228.4097900390625,216.41256713867188,239.25620940271799,0.0,0.0,,0.0
050124_KL005_TimeOut_Opaque_TrNum6,2024-05-01,KL005B-KL005Y,Training Partner,opaque,30.000531309105877,magEntry,17.96,,0,0.0,mag_bottom,mag_top,1212.507080078125,452.5997009277344,1236.3355712890625,208.674072265625,245.0867383429691,0.0,0.0,,0.0
050124_KL005_TimeOut_Opaque_TrNum6,2024-05-01,KL005B-KL005Y,Training Partner,opaque,30.000531309105877,magEntry,24.24,,0,1.0,lev_bottom,mag_top,176.40646362304688,438.62078857421875,1216.4930419921875,212.5745849609375,1064.3669370436135,0.0,0.0,,0.0
050124_KL005_TimeOut_Opaque_TrNum6,2024-05-01,KL005B-KL005Y,Training Partner,opaque,30.000531309105877,magEntry,26.57,,0,1.0,lev_bottom,mag_top,172.41876220703125,422.5972900390625,1216.5958251953125,208.61868286132812,1065.876438993074,0.0,0.0,,0.0
050124_KL005_TimeOut_Opaque_TrNum6,2024-05-01,KL005B-KL005Y,Training Partner,opaque,30.000531309105877,levPress,28.65,1.08,1,0.0,lev_bottom,mag_top,184.55499267578125,416.39373779296875,1236.3717041015625,208.44168090820312,1072.1765024459125,0.0,0.0,0.0,1.0
050124_KL005_TimeOut_Opaque_TrNum6,2024-05-01,KL005B-KL005Y,Training Partner,opaque,30.000531309105877,levPress,28.92,1.35,1,0.0,lev_bottom,mag_top,196.6228485107422,448.3563232421875,1228.5665283203125,212.6155548095703,1058.5279723276649,0.0,0.0,0.0,-1.0
050124_KL005_TimeOut_Opaque_TrNum6,2024-05-01,KL005B-KL005Y,Training Partner,opaque,30.000531309105877,levPress,29.38,1.81,1,0.0,lev_bottom,mag_top,178.60350036621094,462.4405517578125,1216.6361083984375,216.5108642578125,1066.7675972450766,0.0,0.0,0.0,-1.0
050124_KL005_TimeOut_Opaque_TrNum6,2024-05-01,KL005B-KL005Y,Training Partner,opaque,30.000531309105877,levPress,30.24,2.67,1,0.0,lev_bottom,mag_top,194.4709930419922,474.6544189453125,1098.4410400390625,196.53353881835938,945.7870108171694,0.0,0.0,0.0,-1.0
050124_KL005_TimeOut_Opaque_TrNum6,2024-05-01,KL005B-KL005Y,Training Partner,opaque,30.000531309105877,magEntry,33.38,,0,1.0,mag_bottom,mag_top,1222.6168212890625,444.374267578125,1218.5120849609375,208.39767456054688,236.01229059628892,0.0,0.0,,0.0
050124_KL005_TimeOut_Opaque_TrNum6,2024-05-01,KL005B-KL005Y,Training Partner,opaque,30.000531309105877,magEntry,37.12,,0,1.0,lev_bottom,mag_top,184.5745849609375,440.61614990234375,1216.466552734375,212.3572998046875,1056.83638080984,0.0,0.0,,0.0
050124_KL005_TimeOut_Opaque_TrNum6,2024-05-01,KL005B-KL005Y,Training Partner,opaque,30.000531309105877,magEntry,39.56,,0,1.0,lev_bottom,mag_top,188.41751098632812,444.4490966796875,1216.4501953125,212.43402099609375,1053.8890811595584,0.0,0.0,,0.0
050124_KL005_TimeOut_Opaque_TrNum6,2024-05-01,KL005B-KL005Y,Training Partner,opaque,30.000531309105877,levPress,40.52,0.82,1,0.0,lev_bottom,mag_top,180.3971710205078,442.6277160644531,1232.44482421875,208.4005889892578,1077.8063887627632,0.0,0.0,0.0,1.0
050124_KL005_TimeOut_Opaque_TrNum6,2024-05-01,KL005B-KL005Y,Training Partner,opaque,30.000531309105877,levPress,40.79,1.09,1,0.0,lev_bottom,mag_top,184.50379943847656,452.56341552734375,1224.53759765625,208.32998657226562,1068.3259190221136,0.0,0.0,0.0,-1.0
050124_KL005_TimeOut_Opaque_TrNum6,2024-05-01,KL005B-KL005Y,Training Partner,opaque,30.000531309105877,levPress,40.99,1.29,1,0.0,lev_bottom,mag_top,186.43841552734375,448.45538330078125,1220.630615234375,204.60877990722656,1062.551020855677,0.0,0.0,0.0,-1.0
050124_KL005_TimeOut_Opaque_TrNum6,2024-05-01,KL005B-KL005Y,Training Partner,opaque,30.000531309105877,magEntry,41.51,,0,1.0,lev_bottom,mag_top,184.69040649916232,428.4432880312911,1220.3900146484375,212.4775848388672,1057.9767782309593,0.0,0.0,,0.0
050124_KL005_TimeOut_Opaque_TrNum6,2024-05-01,KL005B-KL005Y,Training Partner,opaque,30.000531309105877,levPress,41.66,1.95999999999999,1,0.0,lev_bottom,mag_top,190.527099609375,424.380859375,1224.3486328125,214.45423889160156,1054.9199725581277,0.0,0.0,0.0,-1.0
050124_KL005_TimeOut_Opaque_TrNum6,2024-05-01,KL005B-KL005Y,Training Partner,opaque,30.000531309105877,levPress,41.86,2.16,1,0.0,lev_bottom,mag_top,180.5310516357422,436.647216796875,1232.5806884765625,206.47311401367188,1076.9347965262123,0.0,0.0,0.0,-1.0
050124_KL005_TimeOut_Opaque_TrNum6,2024-05-01,KL005B-KL005Y,Training Partner,opaque,30.000531309105877,levPress,42.02,2.32,1,0.0,lev_bottom,mag_top,194.35601806640625,460.5760498046875,1236.576171875,204.40142822265625,1073.2419511682842,0.0,0.0,0.0,-1.0
050124_KL005_TimeOut_Opaque_TrNum6,2024-05-01,KL005B-KL005Y,Training Partner,opaque,30.000531309105877,magEntry,43.95,,0,0.0,mag_bottom,mag_top,1216.4825439453125,448.454345703125,1220.5787353515625,204.5005645751953,243.98816797265079,0.0,0.0,,0.0
050124_KL005_TimeOut_Opaque_TrNum6,2024-05-01,KL005B-KL005Y,Training Partner,opaque,30.000531309105877,magEntry,46.68,,0,1.0,mid,mag_top,890.371337890625,344.5120849609375,1212.6259765625,208.4464569091797,349.80266906165826,0.0,0.0,,0.0
050124_KL005_TimeOut_Opaque_TrNum6,2024-05-01,KL005B-KL005Y,Training Partner,opaque,30.000531309105877,magEntry,47.88,,0,1.0,mid,mag_top,888.4028930664062,236.46963500976562,1216.568603515625,208.40945434570312,329.3631844234269,0.0,0.0,,0.0
050124_KL005_TimeOut_Opaque_TrNum6,2024-05-01,KL005B-KL005Y,Training Partner,opaque,30.000531309105877,levPress,50.72,1.35,1,0.0,lev_bottom,mag_top,202.42343139648438,428.50799560546875,1224.559814453125,204.3671417236328,1046.423388474756,0.0,0.0,0.0,1.0
050124_KL005_TimeOut_Opaque_TrNum6,2024-05-01,KL005B-KL005Y,Training Partner,opaque,30.000531309105877,levPress,50.88,1.51000000000001,1,0.0,lev_bottom,mag_top,200.46678161621094,426.52874755859375,1222.302490234375,198.57493591308594,1046.9532729071059,0.0,0.0,0.0,-1.0
050124_KL005_TimeOut_Opaque_TrNum6,2024-05-01,KL005B-KL005Y,Training Partner,opaque,30.000531309105877,levPress,51.71,2.34,1,0.0,lev_bottom,mag_top,196.57205200195312,480.54266357421875,1220.45458984375,212.65869140625,1058.3464809984714,0.0,0.0,0.0,-1.0
050124_KL005_TimeOut_Opaque_TrNum6,2024-05-01,KL005B-KL005Y,Training Partner,opaque,30.000531309105877,levPress,52.22,2.85,1,0.0,lev_bottom,mag_top,196.4022216796875,426.39111328125,1220.638427734375,212.5799560546875,1046.3149701442019,0.0,0.013333333333333334,0.0,-1.0
050124_KL005_TimeOut_Opaque_TrNum6,2024-05-01,KL005B-KL005Y,Training Partner,opaque,30.000531309105877,interaction,57.06565601657752,,9,,lev_bottom,lev_bottom,318.67718505859375,528.6380615234375,238.62986755371094,444.4515075683594,116.16776190733296,,,,
050124_KL005_TimeOut_Opaque_TrNum6,2024-05-01,KL005B-KL005Y,Training Partner,opaque,30.000531309105877,magEntry,58.56,,0,1.0,lev_bottom,mag_bottom,186.47891235351562,450.5673828125,1208.515869140625,444.48529052734375,1022.0550537447681,0.0,0.03,,0.0
050124_KL005_TimeOut_Opaque_TrNum6,2024-05-01,KL005B-KL005Y,Training Partner,opaque,30.000531309105877,levPress,60.1,0.630000000000003,1,0.0,lev_bottom,mag_bottom,182.52593994140625,448.562744140625,1212.4722900390625,444.5421142578125,1029.9541977894642,0.0,0.03,0.0,1.0
050124_KL005_TimeOut_Opaque_TrNum6,2024-05-01,KL005B-KL005Y,Training Partner,opaque,30.000531309105877,levPress,60.27,0.800000000000004,1,0.0,lev_bottom,mag_bottom,189.91499785585603,456.16226223678086,1144.4598388671875,420.57098388671875,955.2081409807706,0.0,0.03,0.0,-1.0
050124_KL005_TimeOut_Opaque_TrNum6,2024-05-01,KL005B-KL005Y,Training Partner,opaque,30.000531309105877,levPress,60.91,1.44,1,0.0,lev_bottom,mid,190.44801330566406,464.3988037109375,644.7022705078125,180.53689575195312,535.6533515029945,0.0,0.03,0.0,-1.0
050124_KL005_TimeOut_Opaque_TrNum6,2024-05-01,KL005B-KL005Y,Training Partner,opaque,30.000531309105877,levPress,61.66,2.19,1,0.0,lev_bottom,lev_top,148.7098388671875,456.3865661621094,180.4171142578125,180.53707885742188,277.6657900407536,0.0,0.03,0.0,-1.0
050124_KL005_TimeOut_Opaque_TrNum6,2024-05-01,KL005B-KL005Y,Training Partner,opaque,30.000531309105877,magEntry,67.61,,0,1.0,lev_bottom,mag_top,188.36611938476562,456.56988525390625,1220.404052734375,206.5205535888672,1061.897812474753,0.0,0.0,,0.0
050124_KL005_TimeOut_Opaque_TrNum6,2024-05-01,KL005B-KL005Y,Training Partner,opaque,30.000531309105877,levPress,68.71,1.45999999999999,1,0.0,lev_bottom,mag_top,172.48306274414062,440.527587890625,1236.3212890625,202.47860717773438,1090.146361272026,0.0,0.0,0.0,1.0
050124_KL005_TimeOut_Opaque_TrNum6,2024-05-01,KL005B-KL005Y,Training Partner,opaque,30.000531309105877,levPress,69.44,2.19,1,0.0,lev_bottom,mag_top,212.44435119628906,452.4147033691406,1232.47021484375,198.57040405273438,1051.1373320385808,0.0,0.0,0.0,-1.0
050124_KL005_TimeOut_Opaque_TrNum6,2024-05-01,KL005B-KL005Y,Training Partner,opaque,30.000531309105877,levPress,69.95,2.7,1,0.0,lev_bottom,mag_top,204.4837646484375,454.3695068359375,1232.314697265625,200.3596649169922,1058.7527689864169,0.0,0.0,0.0,-1.0
050124_KL005_TimeOut_Opaque_TrNum6,2024-05-01,KL005B-KL005Y,Training Partner,opaque,30.000531309105877,magEntry,72.41,,0,0.0,mag_bottom,mag_top,1216.4873046875,444.3594970703125,1228.51904296875,204.5266571044922,240.13444953221367,0.0,0.0,,0.0
050124_KL005_TimeOut_Opaque_TrNum6,2024-05-01,KL005B-KL005Y,Training Partner,opaque,30.000531309105877,magEntry,73.21,,0,1.0,mag_bottom,mag_top,1216.6373291015625,440.52099609375,1216.554443359375,208.62823486328125,231.89277604344954,0.0,0.0,,0.0
050124_KL005_TimeOut_Opaque_TrNum6,2024-05-01,KL005B-KL005Y,Training Partner,opaque,30.000531309105877,levPress,76.84,1.58,1,1.0,lev_bottom,lev_top,192.57218672357953,453.43432895670884,176.64857482910156,220.42584228515625,233.55195626826392,0.0,0.0,1.0,1.0
050124_KL005_TimeOut_Opaque_TrNum6,2024-05-01,KL005B-KL005Y,Training Partner,opaque,30.000531309105877,levPress,77.39,2.13,1,1.0,lev_bottom,lev_top,198.5048828125,456.5552978515625,180.41563415527344,216.57766723632812,240.65843868995088,0.0,0.0,1.0,-1.0
050124_KL005_TimeOut_Opaque_TrNum6,2024-05-01,KL005B-KL005Y,Training Partner,opaque,30.000531309105877,levPress,77.47,2.20999999999999,1,0.0,lev_bottom,lev_top,204.4991912841797,456.4681396484375,180.44198608398438,220.50942993164062,237.1819171295736,0.0,0.0,1.0,1.0
050124_KL005_TimeOut_Opaque_TrNum6,2024-05-01,KL005B-KL005Y,Training Partner,opaque,30.000531309105877,levPress,77.95,2.69,1,0.0,lev_bottom,lev_top,196.6728515625,456.46258544921875,196.50457763671875,208.52015686035156,247.9424856910562,0.0,0.0,1.0,-2.0
050124_KL005_TimeOut_Opaque_TrNum6,2024-05-01,KL005B-KL005Y,Training Partner,opaque,30.000531309105877,levPress,78.13,2.86999999999999,1,0.0,lev_bottom,lev_top,194.566162109375,456.3782958984375,192.48001098632812,204.3416748046875,252.04525466444056,0.0,0.0,1.0,-2.0
050124_KL005_TimeOut_Opaque_TrNum6,2024-05-01,KL005B-KL005Y,Training Partner,opaque,30.000531309105877,levPress,87.58,0.679999999999993,1,0.0,lev_bottom,lev_top,182.45909118652344,440.5166015625,184.61863708496094,188.32345581054688,252.20239174669484,0.0,0.0,1.0,1.0
050124_KL005_TimeOut_Opaque_TrNum6,2024-05-01,KL005B-KL005Y,Training Partner,opaque,30.000531309105877,levPress,88.13,1.22999999999999,1,1.0,lev_bottom,lev_top,180.43954467773438,444.3735046386719,176.5652313232422,212.6171875,231.78869868405891,0.0,0.0,1.0,1.0
050124_KL005_TimeOut_Opaque_TrNum6,2024-05-01,KL005B-KL005Y,Training Partner,opaque,30.000531309105877,levPress,88.19,1.28999999999999,1,0.0,lev_bottom,lev_top,184.40597534179688,436.34686279296875,176.3720245361328,212.5451202392578,223.94589600085405,0.0,0.0,1.0,-2.0
050124_KL005_TimeOut_Opaque_TrNum6,2024-05-01,KL005B-KL005Y,Training Partner,opaque,30.000531309105877,levPress,88.34,1.44,1,1.0,lev_bottom,lev_top,190.661865234375,420.59857177734375,176.39462280273438,220.54122924804688,200.56543696880482,0.0,0.0,1.0,-2.0
050124_KL005_TimeOut_Opaque_TrNum6,2024-05-01,KL005B-KL005Y,Training Partner,opaque,30.000531309105877,magEntry,90.66,0.549999999999997,0,1.0,mag_bottom,mag_top,1112.648681640625,444.41302490234375,1220.333740234375,212.4735107421875,255.71861503064005,0.0,0.0,,1.0
050124_KL005_TimeOut_Opaque_TrNum6,2024-05-01,KL005B-KL005Y,Training Partner,opaque,30.000531309105877,magEntry,90.87,0.760000000000005,0,0.0,mag_bottom,mag_top,1216.6134033203125,442.44805908203125,1232.4859619140625,206.57005310058594,236.4114460471294,0.0,0.0,,1.0
050124_KL005_TimeOut_Opaque_TrNum6,2024-05-01,KL005B-KL005Y,Training Partner,opaque,30.000531309105877,magEntry,95.59,5.48,0,1.0,mid,mag_top,412.36895751953125,218.5251922607422,1216.546875,208.53041076660156,804.2400255025481,0.0,0.0,,-1.0
050124_KL005_TimeOut_Opaque_TrNum6,2024-05-01,KL005B-KL005Y,Training Partner,opaque,30.000531309105877,magEntry,100.84,10.73,0,1.0,lev_top,mag_top,210.63128662109375,224.38641357421875,1216.5966796875,214.3326416015625,1006.01563127922,0.0,0.0,,-1.0
050124_KL005_TimeOut_Opaque_TrNum6,2024-05-01,KL005B-KL005Y,Training Partner,opaque,30.000531309105877,magEntry,103.17,13.06,0,1.0,mid,mag_top,450.46649169921875,260.4378967285156,1220.36328125,200.6371612548828,772.2157694089051,0.0,0.0,,-1.0
050124_KL005_TimeOut_Opaque_TrNum6,2024-05-01,KL005B-KL005Y,Training Partner,opaque,30.000531309105877,levPress,105.04,6.96000000000001,1,0.0,lev_bottom,mid,196.6536102294922,468.304443359375,554.174131158195,122.79611987446388,497.189022890173,0.0,0.0,1.0,1.0
050124_KL005_TimeOut_Opaque_TrNum6,2024-05-01,KL005B-KL005Y,Training Partner,opaque,30.000531309105877,levPress,105.77,7.69,1,0.0,lev_bottom,lev_top,192.5402374267578,496.38946533203125,172.63768005371094,208.59490966796875,288.48191981450515,0.0,0.0,1.0,-1.0
050124_KL005_TimeOut_Opaque_TrNum6,2024-05-01,KL005B-KL005Y,Training Partner,opaque,30.000531309105877,levPress,105.92,7.84,1,1.0,lev_bottom,lev_top,210.4287872314453,482.50384521484375,172.65151977539062,220.37852478027344,264.8335430971169,0.0,0.0,1.0,1.0
050124_KL005_TimeOut_Opaque_TrNum6,2024-05-01,KL005B-KL005Y,Training Partner,opaque,30.000531309105877,levPress,106.33,8.25,1,0.0,lev_bottom,lev_top,202.36785888671875,440.5125427246094,180.5377655029297,196.4876708984375,244.99936948270818,0.0,0.0,1.0,-2.0
050124_KL005_TimeOut_Opaque_TrNum6,2024-05-01,KL005B-KL005Y,Training Partner,opaque,30.000531309105877,magEntry,108.48,0.620000000000005,0,1.0,mid,mag_top,942.5767211914062,452.44573974609375,1220.7271728515625,214.523193359375,366.0256983298977,0.0,0.0,,1.0
050124_KL005_TimeOut_Opaque_TrNum6,2024-05-01,KL005B-KL005Y,Training Partner,opaque,30.000531309105877,magEntry,108.92,1.06,0,0.0,mag_bottom,mag_top,1212.576904296875,446.3590087890625,1230.4210205078125,212.60255432128906,234.43654256257423,0.0,0.0,,1.0
050124_KL005_TimeOut_Opaque_TrNum6,2024-05-01,KL005B-KL005Y,Training Partner,opaque,30.000531309105877,magEntry,111.72,3.86,0,1.0,mid,mag_top,352.4935302734375,440.6354675292969,1216.57470703125,212.40621948242188,893.7140872176112,0.0,0.0,,-1.0
050124_KL005_TimeOut_Opaque_TrNum6,2024-05-01,KL005B-KL005Y,Training Partner,opaque,30.000531309105877,levPress,118.61,0.780000000000001,1,0.0,lev_bottom,lev_top,180.59181213378906,444.3692626953125,192.51263427734375,200.5868377685547,244.0737116195609,0.0,0.0,0.0,1.0
050124_KL005_TimeOut_Opaque_TrNum6,2024-05-01,KL005B-KL005Y,Training Partner,opaque,30.000531309105877,levPress,119.6,1.77,1,0.0,lev_bottom,lev_top,184.52200317382812,440.568359375,176.41903686523438,236.6112823486328,204.11797405455914,0.0,0.0,0.0,-1.0
050124_KL005_TimeOut_Opaque_TrNum6,2024-05-01,KL005B-KL005Y,Training Partner,opaque,30.000531309105877,magEntry,125.55,17.69,0,1.0,mid,mag_top,378.6679382324219,404.44146728515625,1216.4708251953125,200.45484924316406,862.2785035842908,0.0,0.0,,-1.0
050124_KL005_TimeOut_Opaque_TrNum6,2024-05-01,KL005B-KL005Y,Training Partner,opaque,30.000531309105877,levPress,126.16,1.2,1,0.0,lev_bottom,mag_top,186.67068481445312,422.3887634277344,1232.384765625,210.37887573242188,1066.9892835853723,0.0,0.0,0.0,1.0
050124_KL005_TimeOut_Opaque_TrNum6,2024-05-01,KL005B-KL005Y,Training Partner,opaque,30.000531309105877,levPress,126.73,1.77000000000001,1,0.0,lev_bottom,mag_top,188.4638671875,448.65533447265625,1232.5447998046875,204.6093292236328,1072.2235991306954,0.0,0.0,0.0,-1.0
050124_KL005_TimeOut_Opaque_TrNum6,2024-05-01,KL005B-KL005Y,Training Partner,opaque,30.000531309105877,levPress,127.74,2.78,1,0.0,lev_bottom,mag_top,194.55477905273438,498.5823669433594,1232.611572265625,208.37319946289062,1077.8605043442017,0.0,0.0,0.0,-1.0
050124_KL005_TimeOut_Opaque_TrNum6,2024-05-01,KL005B-KL005Y,Training Partner,opaque,30.000531309105877,levPress,136.07,2.75999999999999,1,0.0,lev_top,mag_top,176.72775268554688,200.33436584472656,1232.359619140625,200.4406280517578,1055.6318718033708,0.0,0.0,0.0,1.0
050124_KL005_TimeOut_Opaque_TrNum6,2024-05-01,KL005B-KL005Y,Training Partner,opaque,30.000531309105877,levPress,136.23,2.91999999999999,1,0.0,lev_top,mag_top,177.98795341470586,205.2541001977659,1226.469482421875,198.489013671875,1048.503353864409,0.0,0.0,0.0,-1.0
050124_KL005_TimeOut_Opaque_TrNum6,2024-05-01,KL005B-KL005Y,Training Partner,opaque,30.000531309105877,levPress,136.92,3.60999999999999,1,0.0,lev_top,mag_top,192.54229736328125,246.49908447265625,1222.57177734375,196.54483032226562,1031.2401064429935,0.0,0.0,0.0,-1.0
050124_KL005_TimeOut_Opaque_TrNum6,2024-05-01,KL005B-KL005Y,Training Partner,opaque,30.000531309105877,magEntry,137.92,30.06,0,1.0,lev_top,mag_top,192.53794860839844,208.49867248535156,1224.3465576171875,188.54449462890625,1032.0015381958394,0.0,0.0,,-1.0
050124_KL005_TimeOut_Opaque_TrNum6,2024-05-01,KL005B-KL005Y,Training Partner,opaque,30.000531309105877,magEntry,141.09,33.23,0,1.0,lev_bottom,mag_top,244.26596069335938,428.473388671875,1224.4263916015625,200.5940704345703,1006.3018702151224,0.0,0.0,,-1.0
050124_KL005_TimeOut_Opaque_TrNum6,2024-05-01,KL005B-KL005Y,Training Partner,opaque,30.000531309105877,levPress,145.55,0.730000000000018,1,1.0,lev_bottom,lev_top,186.43759155273438,452.51910400390625,192.60166931152344,184.637451171875,267.95256255284687,0.0,0.0,1.0,1.0
050124_KL005_TimeOut_Opaque_TrNum6,2024-05-01,KL005B-KL005Y,Training Partner,opaque,30.000531309105877,levPress,145.59,0.77000000000001,1,0.0,lev_bottom,lev_top,184.47756958007812,450.5338439941406,196.42860412597656,184.57444763183594,266.22777417113855,0.0,0.0,1.0,1.0
050124_KL005_TimeOut_Opaque_TrNum6,2024-05-01,KL005B-KL005Y,Training Partner,opaque,30.000531309105877,levPress,145.69,0.870000000000005,1,1.0,lev_bottom,lev_top,182.4614715576172,444.51019287109375,198.42630004882812,186.55723571777344,258.4465202955855,0.0,0.0,1.0,-2.0
050124_KL005_TimeOut_Opaque_TrNum6,2024-05-01,KL005B-KL005Y,Training Partner,opaque,30.000531309105877,levPress,145.86,1.04000000000002,1,1.0,lev_bottom,lev_top,180.59156799316406,444.674072265625,202.41957092285156,192.4369354248047,253.17984697355584,0.0,0.0,1.0,-2.0
050124_KL005_TimeOut_Opaque_TrNum6,2024-05-01,KL005B-KL005Y,Training Partner,opaque,30.000531309105877,levPress,146.08,1.26000000000002,1,0.0,lev_bottom,lev_top,194.4279022216797,444.35955810546875,204.42105102539062,188.57223510742188,255.98245570648052,0.0,0.0,1.0,-2.0
050124_KL005_TimeOut_Opaque_TrNum6,2024-05-01,KL005B-KL005Y,Training Partner,opaque,30.000531309105877,levPress,146.21,1.39000000000001,1,1.0,lev_bottom,lev_top,190.62612915039062,440.5246276855469,200.52220153808594,188.64080810546875,252.0781442627501,0.0,0.0,1.0,-2.0
050124_KL005_TimeOut_Opaque_TrNum6,2024-05-01,KL005B-KL005Y,Training Partner,opaque,30.000531309105877,levPress,146.48,1.66,1,1.0,lev_bottom,lev_top,180.4928436279297,440.66162109375,184.56214904785156,196.60427856445312,244.09126508145093,0.0,0.0,1.0,-2.0
050124_KL005_TimeOut_Opaque_TrNum6,2024-05-01,KL005B-KL005Y,Training Partner,opaque,30.000531309105877,levPress,157.59,0.650000000000006,1,0.0,lev_bottom,lev_top,190.4973907470703,452.319580078125,186.36297607421875,200.48300170898438,251.870513536943,0.0,0.0,1.0,1.0
050124_KL005_TimeOut_Opaque_TrNum6,2024-05-01,KL005B-KL005Y,Training Partner,opaque,30.000531309105877,levPress,157.77,0.830000000000013,1,1.0,lev_bottom,lev_top,202.43109130859375,460.4586181640625,198.45553588867188,196.48977661132812,263.9987771782086,0.0,0.0,1.0,1.0
050124_KL005_TimeOut_Opaque_TrNum6,2024-05-01,KL005B-KL005Y,Training Partner,opaque,30.000531309105877,levPress,157.95,1.00999999999999,1,1.0,lev_bottom,lev_top,204.57740783691406,464.5648498535156,200.5419158935547,192.5340118408203,272.060768993095,0.0,0.0,1.0,-2.0
050124_KL005_TimeOut_Opaque_TrNum6,2024-05-01,KL005B-KL005Y,Training Partner,opaque,30.000531309105877,levPress,158.09,1.15000000000001,1,0.0,lev_bottom,lev_top,204.33966064453125,464.6380615234375,204.53309631347656,196.4186553955078,268.2194758793203,0.0,0.0,1.0,-2.0
050124_KL005_TimeOut_Opaque_TrNum6,2024-05-01,KL005B-KL005Y,Training Partner,opaque,30.000531309105877,levPress,158.19,1.25,1,1.0,lev_bottom,lev_top,192.63682556152344,464.6095275878906,204.4463653564453,192.53009033203125,272.3356117139897,0.0,0.0,1.0,-2.0
050124_KL005_TimeOut_Opaque_TrNum6,2024-05-01,KL005B-KL005Y,Training Partner,opaque,30.000531309105877,magEntry,160.38,0.919999999999987,0,0.0,mag_bottom,mid,1212.619873046875,448.4005126953125,1036.4764404296875,208.55282592773438,297.5792696105089,0.0,0.0,,1.0
050124_KL005_TimeOut_Opaque_TrNum6,2024-05-01,KL005B-KL005Y,Training Partner,opaque,30.000531309105877,magEntry,160.67,1.20999999999998,0,1.0,mag_bottom,mag_top,1224.4674072265625,440.63677978515625,1224.6031494140625,218.42074584960938,222.21607539506584,0.0,0.0,,1.0
050124_KL005_TimeOut_Opaque_TrNum6,2024-05-01,KL005B-KL005Y,Training Partner,opaque,30.000531309105877,magEntry,165.92,6.45999999999998,0,1.0,lev_top,mag_top,252.58103942871094,200.62550354003906,1220.54541015625,210.5521240234375,968.0152688838034,0.0,0.0,,-1.0
050124_KL005_TimeOut_Opaque_TrNum6,2024-05-01,KL005B-KL005Y,Training Partner,opaque,30.000531309105877,magEntry,168.68,9.22,0,1.0,lev_bottom,mag_top,282.681396484375,420.62005615234375,1220.553955078125,212.35394287109375,960.7183302635926,0.0,0.0,,-1.0
050124_KL005_TimeOut_Opaque_TrNum6,2024-05-01,KL005B-KL005Y,Training Partner,opaque,30.000531309105877,levPress,169.24,1.16,1,0.0,lev_bottom,mag_top,188.37583923339844,438.3736572265625,1232.60400390625,208.4880828857422,1069.2332940878903,0.0,0.0,0.0,1.0
050124_KL005_TimeOut_Opaque_TrNum6,2024-05-01,KL005B-KL005Y,Training Partner,opaque,30.000531309105877,levPress,169.38,1.29999999999998,1,0.0,lev_bottom,mag_top,184.64874267578125,442.4903564453125,1234.495849609375,208.58004760742188,1075.589596694517,0.0,0.0,0.0,-1.0
050124_KL005_TimeOut_Opaque_TrNum6,2024-05-01,KL005B-KL005Y,Training Partner,opaque,30.000531309105877,levPress,170.56,2.47999999999999,1,0.0,lev_bottom,mag_top,202.397216796875,482.3737487792969,1216.418212890625,220.6148223876953,1047.2613408622724,0.0,0.0,0.0,-1.0
050124_KL005_TimeOut_Opaque_TrNum6,2024-05-01,KL005B-KL005Y,Training Partner,opaque,30.000531309105877,levPress,179.56,0.969999999999999,1,0.0,lev_bottom,lev_top,192.40850830078125,458.54229736328125,196.65504455566406,200.34278869628906,258.23442711234344,0.0,0.0,1.0,1.0
050124_KL005_TimeOut_Opaque_TrNum6,2024-05-01,KL005B-KL005Y,Training Partner,opaque,30.000531309105877,levPress,179.92,1.32999999999998,1,0.0,lev_bottom,lev_top,204.41091918945312,472.4147644042969,180.61810302734375,228.34764099121094,245.22409920736268,0.0,0.0,1.0,-1.0
050124_KL005_TimeOut_Opaque_TrNum6,2024-05-01,KL005B-KL005Y,Training Partner,opaque,30.000531309105877,levPress,179.94,1.34999999999999,1,1.0,lev_bottom,lev_top,204.50025939941406,472.48870849609375,184.4900665283203,226.34298706054688,246.95773727454707,0.0,0.0,1.0,1.0
050124_KL005_TimeOut_Opaque_TrNum6,2024-05-01,KL005B-KL005Y,Training Partner,opaque,30.000531309105877,levPress,180.46,1.87,1,0.0,lev_bottom,lev_top,200.29769897460938,460.6246643066406,196.6411590576172,200.53330993652344,260.1170561540447,0.0,0.0,1.0,-2.0
050124_KL005_TimeOut_Opaque_TrNum6,2024-05-01,KL005B-KL005Y,Training Partner,opaque,30.000531309105877,magEntry,182.79,0.909999999999997,2,0.0,mag_bottom,mag_top,1216.382080078125,446.4149169921875,1232.381591796875,210.42620849609375,236.5304524007273,0.0,0.0,,1.0
050124_KL005_TimeOut_Opaque_TrNum6,2024-05-01,KL005B-KL005Y,Training Partner,opaque,30.000531309105877,magEntry,188.82,6.94,0,0.0,mag_top,lev_top,1216.4814453125,206.53720092773438,188.6047821044922,196.48069763183594,1027.925857261198,0.0,0.0,,1.0
050124_KL005_TimeOut_Opaque_TrNum6,2024-05-01,KL005B-KL005Y,Training Partner,opaque,30.000531309105877,levPress,193.07,0.989999999999981,1,1.0,mid,lev_top,544.3975219726562,332.355224609375,204.3702850341797,196.4181365966797,366.1931372341461,0.0,0.0,0.0,1.0
050124_KL005_TimeOut_Opaque_TrNum6,2024-05-01,KL005B-KL005Y,Training Partner,opaque,30.000531309105877,levPress,193.51,1.42999999999998,1,1.0,lev_bottom,lev_top,226.4082489013672,428.62762451171875,178.6823272705078,224.43869018554688,209.69235679149745,0.0,0.0,0.0,-1.0
050124_KL005_TimeOut_Opaque_TrNum6,2024-05-01,KL005B-KL005Y,Training Partner,opaque,30.000531309105877,levPress,193.64,1.55999999999997,1,1.0,lev_bottom,lev_top,186.37759399414062,424.5514831542969,180.65480041503906,228.52137756347656,196.1136218223945,0.0,0.0,0.0,-1.0
050124_KL005_TimeOut_Opaque_TrNum6,2024-05-01,KL005B-KL005Y,Training Partner,opaque,30.000531309105877,levPress,194.32,2.23999999999998,1,0.0,lev_bottom,lev_top,184.53213400043745,464.9755101810768,184.43701171875,200.62794494628906,264.3475823490898,0.0,0.0,0.0,1.0
050124_KL005_TimeOut_Opaque_TrNum6,2024-05-01,KL005B-KL005Y,Training Partner,opaque,30.000531309105877,levPress,194.39,2.30999999999997,1,1.0,lev_bottom,lev_top,180.5355682373047,466.3191833496094,180.55857849121094,200.5746612548828,265.74452309093107,0.0,0.0,0.0,-2.0
050124_KL005_TimeOut_Opaque_TrNum6,2024-05-01,KL005B-KL005Y,Training Partner,opaque,30.000531309105877,magEntry,199.14,17.26,0,1.0,lev_bottom,mag_top,190.6507110595703,488.3984680175781,1216.44482421875,196.44871520996094,1066.530928176233,0.0,0.0,,-1.0
050124_KL005_TimeOut_Opaque_TrNum6,2024-05-01,KL005B-KL005Y,Training Partner,opaque,30.000531309105877,levPress,204.36,2.64000000000001,1,0.0,lev_bottom,mag_top,200.59275817871094,440.471435546875,1206.4332275390625,206.4395751953125,1032.7080717524511,0.0,0.0,0.0,1.0
050124_KL005_TimeOut_Opaque_TrNum6,2024-05-01,KL005B-KL005Y,Training Partner,opaque,30.000531309105877,levPress,204.69,2.97,1,0.0,lev_bottom,mag_top,192.58975219726562,464.36590576171875,1206.5682373046875,206.4882354736328,1046.25678544703,0.0,0.0,0.0,-1.0
050124_KL005_TimeOut_Opaque_TrNum6,2024-05-01,KL005B-KL005Y,Training Partner,opaque,30.000531309105877,levPress,205.83,4.11000000000001,1,0.0,lev_bottom,mag_top,198.325927734375,426.34979248046875,1232.3271484375,208.53298950195312,1056.6942244922768,0.0,0.0,0.0,-1.0
050124_KL005_TimeOut_Opaque_TrNum6,2024-05-01,KL005B-KL005Y,Training Partner,opaque,30.000531309105877,magEntry,207.02,25.14,0,1.0,lev_bottom,mag_top,268.5654602050781,404.6416015625,1220.3572998046875,208.43185424804688,971.8055211150069,0.0,0.0,,-1.0
050124_KL005_TimeOut_Opaque_TrNum6,2024-05-01,KL005B-KL005Y,Training Partner,opaque,30.000531309105877,magEntry,207.79,25.91,1,1.0,mid,mag_top,444.63134765625,400.5689697265625,1216.4793701171875,206.626953125,795.8409863662091,0.0,0.0,,-1.0
050124_KL005_TimeOut_Opaque_TrNum6,2024-05-01,KL005B-KL005Y,Training Partner,opaque,30.000531309105877,magEntry,210.57,28.69,0,1.0,lev_bottom,mag_top,196.37388610839844,496.5674743652344,1220.3731689453125,208.53854370117188,1063.7364317113509,0.0,0.0,,-1.0
050124_KL005_TimeOut_Opaque_TrNum6,2024-05-01,KL005B-KL005Y,Training Partner,opaque,30.000531309105877,levPress,211.47,0.859999999999985,1,0.0,lev_bottom,mag_top,198.51002502441406,470.50018310546875,1236.4263916015625,200.59719848632812,1072.4355482335661,0.0,0.0,0.0,1.0
050124_KL005_TimeOut_Opaque_TrNum6,2024-05-01,KL005B-KL005Y,Training Partner,opaque,30.000531309105877,levPress,212.17,1.55999999999997,1,0.0,lev_bottom,mag_top,188.65626525878906,488.55224609375,1236.5732421875,212.52999877929688,1083.6596659228069,0.0,0.0,0.0,-1.0
050124_KL005_TimeOut_Opaque_TrNum6,2024-05-01,KL005B-KL005Y,Training Partner,opaque,30.000531309105877,levPress,223.53,1.41,1,1.0,mag_bottom,lev_top,1092.418212890625,404.5321044921875,180.5639190673828,228.33901977539062,928.7207633438072,0.0,0.0,0.0,1.0
050124_KL005_TimeOut_Opaque_TrNum6,2024-05-01,KL005B-KL005Y,Training Partner,opaque,30.000531309105877,levPress,223.69,1.56999999999999,1,1.0,mid,lev_top,976.4757080078125,376.609130859375,184.41802978515625,228.4907989501953,805.788065113292,0.0,0.0,0.0,-1.0
050124_KL005_TimeOut_Opaque_TrNum6,2024-05-01,KL005B-KL005Y,Training Partner,opaque,30.000531309105877,levPress,223.93,1.81,1,1.0,mid,lev_top,878.5823974609375,292.392578125,180.5388641357422,234.4264373779297,700.4461777254783,0.0,0.0,0.0,-1.0
050124_KL005_TimeOut_Opaque_TrNum6,2024-05-01,KL005B-KL005Y,Training Partner,opaque,30.000531309105877,levPress,224.57,2.44999999999999,1,1.0,mag_top,lev_top,1192.4490966796875,212.33067321777344,180.47079467773438,212.47552490234375,1011.9783123687813,0.0,0.0,0.0,-1.0
050124_KL005_TimeOut_Opaque_TrNum6,2024-05-01,KL005B-KL005Y,Training Partner,opaque,30.000531309105877,gaze,231.46256739434244,,4,0.0,lev_bottom,lev_top,296.40777587890625,436.56011962890625,176.6399383544922,200.50535583496094,264.70018212137626,,,,
050124_KL005_TimeOut_Opaque_TrNum6,2024-05-01,KL005B-KL005Y,Training Partner,opaque,30.000531309105877,gaze,233.02920631535832,,7,0.0,lev_bottom,lev_top,288.5848693847656,418.6771240234375,182.6756134033203,220.37986755371094,224.8078566820204,,,,
050124_KL005_TimeOut_Opaque_TrNum6,2024-05-01,KL005B-KL005Y,Training Partner,opaque,30.000531309105877,levPress,233.51,1.22999999999999,1,1.0,lev_bottom,lev_top,240.631103515625,460.4171142578125,180.56689453125,224.55015563964844,243.39460012231453,0.018333333333333333,0.0,1.0,1.0
050124_KL005_TimeOut_Opaque_TrNum6,2024-05-01,KL005B-KL005Y,Training Partner,opaque,30.000531309105877,levPress,234.21,1.93000000000001,1,1.0,lev_bottom,lev_top,196.56777954101562,434.64501953125,168.5372772216797,212.44642639160156,223.95964782414111,0.018333333333333333,0.0,1.0,-1.0
050124_KL005_TimeOut_Opaque_TrNum6,2024-05-01,KL005B-KL005Y,Training Partner,opaque,30.000531309105877,levPress,234.28,2.0,1,0.0,lev_bottom,lev_top,196.57972717285156,438.3560791015625,164.63485717773438,210.4389190673828,230.1449685677504,0.018333333333333333,0.0,1.0,1.0
050124_KL005_TimeOut_Opaque_TrNum6,2024-05-01,KL005B-KL005Y,Training Partner,opaque,30.000531309105877,levPress,234.39,2.10999999999999,1,1.0,lev_bottom,lev_top,208.30799865722656,440.48052978515625,164.50340270996094,214.3581085205078,230.32627297963717,0.018333333333333333,0.0,1.0,-2.0
050124_KL005_TimeOut_Opaque_TrNum6,2024-05-01,KL005B-KL005Y,Training Partner,opaque,30.000531309105877,magEntry,236.61,0.680000000000007,0,1.0,mid,mag_top,768.7799682617188,462.70770263671875,1224.5283203125,204.5760498046875,523.7733389461506,0.011666666666666667,0.0,,1.0
050124_KL005_TimeOut_Opaque_TrNum6,2024-05-01,KL005B-KL005Y,Training Partner,opaque,30.000531309105877,magEntry,237.62,1.69,0,0.0,mag_bottom,mag_top,1214.5318603515625,438.65350341796875,1230.4183349609375,200.39370727539062,238.78884088963872,0.011666666666666667,0.0,,1.0
050124_KL005_TimeOut_Opaque_TrNum6,2024-05-01,KL005B-KL005Y,Training Partner,opaque,30.000531309105877,levPress,248.69,3.56,1,0.0,lev_bottom,lev_bottom,174.5477294921875,466.6070556640625,298.59527587890625,388.567138671875,146.5538208601627,0.0,0.03333333333333333,0.0,1.0
050124_KL005_TimeOut_Opaque_TrNum6,2024-05-01,KL005B-KL005Y,Training Partner,opaque,30.000531309105877,levPress,249.28,4.15000000000001,1,0.0,lev_bottom,lev_bottom,180.65826416015625,480.491943359375,208.4876708984375,360.60357666015625,123.07597795350252,0.0,0.03333333333333333,0.0,-1.0
050124_KL005_TimeOut_Opaque_TrNum6,2024-05-01,KL005B-KL005Y,Training Partner,opaque,30.000531309105877,interaction,249.59557958652596,,10,,lev_bottom,lev_bottom,188.5621337890625,488.365478515625,186.48396129663328,382.5800798798387,105.80580969606777,,,,
050124_KL005_TimeOut_Opaque_TrNum6,2024-05-01,KL005B-KL005Y,Training Partner,opaque,30.000531309105877,levPress,249.93,4.80000000000001,1,1.0,lev_bottom,lev_bottom,260.2269420755714,467.8652224455338,172.508056640625,420.47357177734375,99.70241428874733,0.0,0.03333333333333333,0.0,-1.0
050124_KL005_TimeOut_Opaque_TrNum6,2024-05-01,KL005B-KL005Y,Training Partner,opaque,30.000531309105877,gaze,256.7954520745988,,4,1.0,lev_top,mid,180.4277801513672,136.50901794433594,488.605712890625,144.43357849121094,308.27980291823144,,,,
050124_KL005_TimeOut_Opaque_TrNum6,2024-05-01,KL005B-KL005Y,Training Partner,opaque,30.000531309105877,interaction,257.4621069346056,,3,,lev_top,lev_top,184.42388916015625,154.5548095703125,148.14469732629547,251.3048443633406,103.32835522048254,,,,
050124_KL005_TimeOut_Opaque_TrNum6,2024-05-01,KL005B-KL005Y,Training Partner,opaque,30.000531309105877,levPress,258.01,1.96999999999997,1,1.0,lev_top,lev_top,160.49893188476562,136.5605926513672,180.63131713867188,234.48114013671875,99.96872788948897,0.006666666666666667,0.03,0.0,1.0
050124_KL005_TimeOut_Opaque_TrNum6,2024-05-01,KL005B-KL005Y,Training Partner,opaque,30.000531309105877,interaction,258.7287511686184,,6,,lev_top,lev_top,149.51595248690865,157.46032798834278,196.3861541748047,238.5486602783203,93.65966815996022,,,,
050124_KL005_TimeOut_Opaque_TrNum6,2024-05-01,KL005B-KL005Y,Training Partner,opaque,30.000531309105877,magEntry,263.9,27.97,0,0.0,mag_bottom,mag_bottom,1222.359130859375,420.5624694824219,1212.39208984375,524.5401611328125,104.4543070799422,0.0,0.0033333333333333335,,-1.0
050124_KL005_TimeOut_Opaque_TrNum6,2024-05-01,KL005B-KL005Y,Training Partner,opaque,30.000531309105877,magEntry,266.02,30.09,0,1.0,mid,mag_top,934.4380493164062,416.4303894042969,1208.6995849609375,212.60691833496094,341.7065953312123,0.0,0.0,,-1.0
050124_KL005_TimeOut_Opaque_TrNum6,2024-05-01,KL005B-KL005Y,Training Partner,opaque,30.000531309105877,interaction,271.02853333574285,,8,,lev_top,lev_top,202.38526916503906,204.41455078125,189.60980187705098,126.73046479705349,78.72756683415594,,,,
050124_KL005_TimeOut_Opaque_TrNum6,2024-05-01,KL005B-KL005Y,Training Partner,opaque,30.000531309105877,levPress,271.64,4.57999999999998,1,1.0,mid,lev_top,484.34478759765625,280.5519104003906,172.4797821044922,204.39332580566406,321.0294560608471,0.0,0.02666666666666667,0.0,1.0
050124_KL005_TimeOut_Opaque_TrNum6,2024-05-01,KL005B-KL005Y,Training Partner,opaque,30.000531309105877,levPress,272.29,5.23000000000002,1,1.0,mid,lev_top,612.6680297851562,372.4872741699219,172.62774658203125,220.46888732910156,465.5588478153667,0.0,0.02666666666666667,0.0,-1.0
050124_KL005_TimeOut_Opaque_TrNum6,2024-05-01,KL005B-KL005Y,Training Partner,opaque,30.000531309105877,levPress,272.52,5.45999999999998,1,1.0,mid,lev_top,620.6126708984375,364.64801025390625,176.5455322265625,224.45242309570312,465.6720158081862,0.0,0.02666666666666667,0.0,-1.0
050124_KL005_TimeOut_Opaque_TrNum6,2024-05-01,KL005B-KL005Y,Training Partner,opaque,30.000531309105877,levPress,273.04,5.98000000000002,1,1.0,mid,lev_top,640.490478515625,332.51318359375,184.55763244628906,200.45823669433594,474.67174881752953,0.0,0.02666666666666667,0.0,-1.0
050124_KL005_TimeOut_Opaque_TrNum6,2024-05-01,KL005B-KL005Y,Training Partner,opaque,30.000531309105877,magEntry,275.49,39.56,0,1.0,mag_bottom,mag_top,1162.387451171875,436.49609375,1216.52197265625,212.3729248046875,230.5683006712574,0.0,0.02666666666666667,,-1.0
050124_KL005_TimeOut_Opaque_TrNum6,2024-05-01,KL005B-KL005Y,Training Partner,opaque,30.000531309105877,levPress,280.14,0.649999999999977,1,0.0,lev_bottom,lev_top,194.4928741455078,454.52447509765625,186.48980712890625,204.58570861816406,250.0668632005495,0.0,0.0,1.0,1.0
050124_KL005_TimeOut_Opaque_TrNum6,2024-05-01,KL005B-KL005Y,Training Partner,opaque,30.000531309105877,levPress,280.73,1.24000000000001,1,1.0,lev_bottom,lev_top,206.54629516601562,444.5382995605469,184.5894775390625,228.45751953125,217.1934744378216,0.0,0.0,1.0,1.0
050124_KL005_TimeOut_Opaque_TrNum6,2024-05-01,KL005B-KL005Y,Training Partner,opaque,30.000531309105877,levPress,280.96,1.46999999999997,1,1.0,lev_bottom,lev_top,212.29818725585938,452.3629150390625,176.60987854003906,224.52500915527344,230.6160591470291,0.0,0.0,1.0,-2.0
050124_KL005_TimeOut_Opaque_TrNum6,2024-05-01,KL005B-KL005Y,Training Partner,opaque,30.000531309105877,gaze,295.39476846898947,,3,1.0,lev_bottom,lev_top,188.3674774169922,456.4583740234375,176.37684631347656,228.606689453125,228.16696823990492,,,,
050124_KL005_TimeOut_Opaque_TrNum6,2024-05-01,KL005B-KL005Y,Training Partner,opaque,30.000531309105877,magEntry,300.39,18.38,0,0.0,mag_top,lev_bottom,1212.553955078125,212.50576782226562,186.62611389160156,474.40740966796875,1058.829733868064,0.005,0.0,,1.0
050124_KL005_TimeOut_Opaque_TrNum6,2024-05-01,KL005B-KL005Y,Training Partner,opaque,30.000531309105877,magEntry,301.71,19.7,1,0.0,mag_top,lev_bottom,1212.3935546875,212.4895477294922,188.46217346191406,488.5312805175781,1060.4878649466882,0.0,0.0,,-2.0
050124_KL005_TimeOut_Opaque_TrNum6,2024-05-01,KL005B-KL005Y,Training Partner,opaque,30.000531309105877,magEntry,312.52,30.51,0,1.0,mag_bottom,mag_top,1212.6005859375,442.51092529296875,1208.6951904296875,212.53201293945312,230.0120697732588,0.0,0.0033333333333333335,,-2.0
050124_KL005_TimeOut_Opaque_TrNum6,2024-05-01,KL005B-KL005Y,Training Partner,opaque,30.000531309105877,magEntry,312.67,30.66,0,0.0,mag_bottom,mag_top,1216.439697265625,442.3224182128906,1212.6231689453125,212.59471130371094,229.7594072288874,0.0,0.02,,1.0
050124_KL005_TimeOut_Opaque_TrNum6,2024-05-01,KL005B-KL005Y,Training Partner,opaque,30.000531309105877,magEntry,314.9,32.89,0,0.0,mag_bottom,mag_top,1216.501220703125,432.597412109375,1128.875640318609,261.11277206545475,192.57524272012793,0.0,0.08333333333333333,,-1.0
050124_KL005_TimeOut_Opaque_TrNum6,2024-05-01,KL005B-KL005Y,Training Partner,opaque,30.000531309105877,interaction,317.46104433521276,,25,,mag_bottom,mag_bottom,1176.5498046875,436.695068359375,1216.52734375,480.7210388183594,59.46839248162908,,,,
050124_KL005_TimeOut_Opaque_TrNum6,2024-05-01,KL005B-KL005Y,Training Partner,opaque,30.000531309105877,magEntry,317.66,35.65,0,1.0,mag_bottom,mag_bottom,1184.8369121397795,427.84482474650383,1248.7769775390625,460.50604248046875,71.79893527852656,0.0,0.08333333333333333,,-1.0
050124_KL005_TimeOut_Opaque_TrNum6,2024-05-01,KL005B-KL005Y,Training Partner,opaque,30.000531309105877,magEntry,320.44,38.43,0,1.0,mag_bottom,mag_top,1220.346435546875,436.51153564453125,1224.4984130859375,206.6687469482422,229.88028717828735,0.0,0.08333333333333333,,-1.0
050124_KL005_TimeOut_Opaque_TrNum6,2024-05-01,KL005B-KL005Y,Training Partner,opaque,30.000531309105877,magEntry,321.86,39.85,0,0.0,mag_bottom,mid,1208.5538330078125,436.6619873046875,810.7328191812263,122.89520713814836,506.6667064038155,0.0,0.08333333333333333,,-1.0
050124_KL005_TimeOut_Opaque_TrNum6,2024-05-01,KL005B-KL005Y,Training Partner,opaque,30.000531309105877,levPress,323.44,3.86000000000001,1,1.0,mid,lev_top,908.54345703125,398.41064453125,180.6552734375,232.40444946289062,746.5783713827255,0.0,0.09,0.0,1.0
050124_KL005_TimeOut_Opaque_TrNum6,2024-05-01,KL005B-KL005Y,Training Partner,opaque,30.000531309105877,levPress,323.75,4.17000000000002,1,1.0,mid,lev_top,784.5120849609375,312.33251953125,172.40550231933594,208.51422119140625,620.8483772897861,0.0,0.12,0.0,-1.0
050124_KL005_TimeOut_Opaque_TrNum6,2024-05-01,KL005B-KL005Y,Training Partner,opaque,30.000531309105877,levPress,324.59,5.00999999999999,1,1.0,mid,lev_top,638.623046875,176.5135955810547,172.39178466796875,220.4662322998047,468.2984349041666,0.0,0.16333333333333333,0.0,-1.0
050124_KL005_TimeOut_Opaque_TrNum6,2024-05-01,KL005B-KL005Y,Training Partner,opaque,30.000531309105877,levPress,324.77,5.19,1,1.0,mid,lev_top,770.4078979492188,170.50413513183594,166.64743041992188,216.57891845703125,605.5159682532401,0.0,0.16333333333333333,0.0,-1.0
050124_KL005_TimeOut_Opaque_TrNum6,2024-05-01,KL005B-KL005Y,Training Partner,opaque,30.000531309105877,interaction,327.1608725483109,,26,,mid,mid,916.4558715820312,260.43170166015625,904.657810118817,372.77907018835526,112.96515157118475,,,,
050124_KL005_TimeOut_Opaque_TrNum6,2024-05-01,KL005B-KL005Y,Training Partner,opaque,30.000531309105877,interaction,328.3941840393234,,23,,mid,mid,932.6384887695312,232.2953338623047,904.4635009765625,364.64617919921875,135.3165776929408,,,,
050124_KL005_TimeOut_Opaque_TrNum6,2024-05-01,KL005B-KL005Y,Training Partner,opaque,30.000531309105877,magEntry,330.01,48.0,0,1.0,mid,mag_top,924.4310913085938,492.4896240234375,1216.552001953125,216.4940948486328,401.8807765498005,0.0,0.16333333333333333,,-1.0
050124_KL005_TimeOut_Opaque_TrNum6,2024-05-01,KL005B-KL005Y,Training Partner,opaque,30.000531309105877,levPress,332.92,2.63,1,1.0,mid,lev_top,884.594970703125,340.3161315917969,176.49635314941406,228.33689880371094,716.8981801882921,0.0,0.18333333333333332,0.0,1.0
050124_KL005_TimeOut_Opaque_TrNum6,2024-05-01,KL005B-KL005Y,Training Partner,opaque,30.000531309105877,levPress,333.28,2.98999999999995,1,1.0,mid,lev_top,948.6500244140625,244.60336303710938,188.43214416503906,228.38790893554688,760.390798472758,0.0,0.17,0.0,-1.0
050124_KL005_TimeOut_Opaque_TrNum6,2024-05-01,KL005B-KL005Y,Training Partner,opaque,30.000531309105877,levPress,333.83,3.53999999999996,1,1.0,mag_top,lev_top,1188.569580078125,200.6322479248047,180.37734985351562,224.3805389404297,1008.4718907393674,0.0,0.12666666666666668,0.0,-1.0
050124_KL005_TimeOut_Opaque_TrNum6,2024-05-01,KL005B-KL005Y,Training Partner,opaque,30.000531309105877,levPress,334.07,3.77999999999997,1,1.0,mag_top,lev_top,1204.672119140625,200.52890014648438,178.5415496826172,208.52745056152344,1026.1617427993294,0.0,0.10333333333333333,0.0,-1.0
050124_KL005_TimeOut_Opaque_TrNum6,2024-05-01,KL005B-KL005Y,Training Partner,opaque,30.000531309105877,interaction,336.62737156040674,,28,,mag_top,mag_top,1219.1320273545741,202.66840866294976,1192.5821533203125,148.44471740722656,60.374700865769526,,,,
050124_KL005_TimeOut_Opaque_TrNum6,2024-05-01,KL005B-KL005Y,Training Partner,opaque,30.000531309105877,magEntry,337.28,55.27,0,0.0,mag_top,mag_top,1198.0446580027365,227.75165552082103,1200.431640625,220.46180725097656,7.670695785673063,0.0,0.09333333333333334,,-1.0
050124_KL005_TimeOut_Opaque_TrNum6,2024-05-01,KL005B-KL005Y,Training Partner,opaque,30.000531309105877,levPress,343.89,0.71999999999997,1,1.0,mag_bottom,lev_top,1134.614013671875,488.443359375,190.54409790039062,188.59683227539062,990.5432578532219,0.0,0.0,0.0,1.0
050124_KL005_TimeOut_Opaque_TrNum6,2024-05-01,KL005B-KL005Y,Training Partner,opaque,30.000531309105877,levPress,344.05,0.879999999999995,1,1.0,mid,lev_top,1040.512451171875,484.38519287109375,194.55738830566406,188.45338439941406,896.2229653687154,0.0,0.0,0.0,-1.0
050124_KL005_TimeOut_Opaque_TrNum6,2024-05-01,KL005B-KL005Y,Training Partner,opaque,30.000531309105877,levPress,344.26,1.08999999999997,1,1.0,mid,lev_top,932.3904418945312,448.3653564453125,194.6208038330078,180.59207153320312,784.860860890676,0.0,0.0,0.0,-1.0
050124_KL005_TimeOut_Opaque_TrNum6,2024-05-01,KL005B-KL005Y,Training Partner,opaque,30.000531309105877,levPress,344.77,1.59999999999997,1,1.0,mid,lev_top,858.4747314453125,336.60040283203125,180.48446655273438,212.57720947265625,689.2405616184855,0.0,0.0,0.0,-1.0
050124_KL005_TimeOut_Opaque_TrNum6,2024-05-01,KL005B-KL005Y,Training Partner,opaque,30.000531309105877,levPress,344.94,1.76999999999998,1,1.0,mid,lev_top,868.4942016601562,296.37908935546875,176.52854919433594,216.5054168701172,696.560311637654,0.0,0.0,0.0,-1.0
050124_KL005_TimeOut_Opaque_TrNum6,2024-05-01,KL005B-KL005Y,Training Partner,opaque,30.000531309105877,magEntry,354.48,72.47,0,1.0,mid,mag_bottom,366.6253662109375,394.4289245605469,1204.58837890625,440.54193115234375,839.2308502565546,0.0,0.0,,-1.0
050124_KL005_TimeOut_Opaque_TrNum6,2024-05-01,KL005B-KL005Y,Training Partner,opaque,30.000531309105877,levPress,355.69,1.44999999999999,1,0.0,lev_bottom,mag_bottom,194.4351806640625,442.39935302734375,1230.49755859375,448.46490478515625,1036.0801329431258,0.0,0.0,0.0,1.0
050124_KL005_TimeOut_Opaque_TrNum6,2024-05-01,KL005B-KL005Y,Training Partner,opaque,30.000531309105877,levPress,356.71,2.46999999999997,1,0.0,lev_bottom,mag_bottom,196.4467315673828,464.51263427734375,1228.5482177734375,446.412841796875,1032.2601805342406,0.0,0.0,0.0,-1.0
050124_KL005_TimeOut_Opaque_TrNum6,2024-05-01,KL005B-KL005Y,Training Partner,opaque,30.000531309105877,magEntry,359.78,77.77,0,1.0,mid,mag_top,452.40960693359375,380.5893859863281,1208.631103515625,216.3790283203125,773.844941482186,0.0,0.006666666666666667,,-1.0
050124_KL005_TimeOut_Opaque_TrNum6,2024-05-01,KL005B-KL005Y,Training Partner,opaque,30.000531309105877,interaction,362.26025092766616,,2,,lev_top,mid,336.682373046875,132.5780487060547,398.56707763671875,188.3928985595703,83.33675135462578,,,,
050124_KL005_TimeOut_Opaque_TrNum6,2024-05-01,KL005B-KL005Y,Training Partner,opaque,30.000531309105877,levPress,365.23,0.990000000000009,1,1.0,mid,lev_top,544.479248046875,292.56939697265625,180.525146484375,224.35720825195312,370.29108919097064,0.0,0.006666666666666667,0.0,1.0
050124_KL005_TimeOut_Opaque_TrNum6,2024-05-01,KL005B-KL005Y,Training Partner,opaque,30.000531309105877,levPress,365.7,1.45999999999998,1,1.0,lev_bottom,lev_top,348.51397705078125,404.6018981933594,176.42091369628906,222.5974884033203,250.4827891048679,0.0,0.006666666666666667,0.0,-1.0
050124_KL005_TimeOut_Opaque_TrNum6,2024-05-01,KL005B-KL005Y,Training Partner,opaque,30.000531309105877,levPress,366.61,2.37,1,0.0,lev_bottom,lev_top,176.5598907470703,434.5833435058594,174.45140075683594,228.4348602294922,206.1592658290807,0.0,0.006666666666666667,0.0,1.0
050124_KL005_TimeOut_Opaque_TrNum6,2024-05-01,KL005B-KL005Y,Training Partner,opaque,30.000531309105877,magEntry,373.2,91.19,0,1.0,mag_top,mag_bottom,1173.305095031675,170.24136746907377,1212.4605712890625,432.41485595703125,265.08128826246485,0.0033333333333333335,0.03333333333333333,,-1.0
050124_KL005_TimeOut_Opaque_TrNum6,2024-05-01,KL005B-KL005Y,Training Partner,opaque,30.000531309105877,gaze,375.1600224687967,,2,0.0,mid,mid,980.4024658203125,240.34683227539062,824.5471077148334,259.53982920218743,157.0326837993262,,,,
050124_KL005_TimeOut_Opaque_TrNum6,2024-05-01,KL005B-KL005Y,Training Partner,opaque,30.000531309105877,interaction,375.4933498988001,,10,,mid,mid,930.5839233398438,252.4081268310547,813.836924304351,195.12913054822474,130.04132112125666,,,,
050124_KL005_TimeOut_Opaque_TrNum6,2024-05-01,KL005B-KL005Y,Training Partner,opaque,30.000531309105877,interaction,379.6266100308419,,3,,lev_top,lev_top,200.7031707763672,222.20516967773438,188.63568115234375,140.53562927246094,82.55627254082214,,,,
050124_KL005_TimeOut_Opaque_TrNum6,2024-05-01,KL005B-KL005Y,Training Partner,opaque,30.000531309105877,levPress,380.41,4.73000000000002,1,1.0,mid,lev_top,492.4616394042969,360.36065673828125,172.4993438720703,216.55386352539062,350.7937632518956,0.0,0.043333333333333335,0.0,1.0
050124_KL005_TimeOut_Opaque_TrNum6,2024-05-01,KL005B-KL005Y,Training Partner,opaque,30.000531309105877,levPress,380.83,5.14999999999998,1,1.0,mid,lev_top,472.5302734375,404.64111328125,172.5310516357422,224.357421875,350.0024892321828,0.0,0.01,0.0,-1.0
050124_KL005_TimeOut_Opaque_TrNum6,2024-05-01,KL005B-KL005Y,Training Partner,opaque,30.000531309105877,levPress,380.99,5.31,1,1.0,mid,lev_top,476.35638427734375,404.46893310546875,176.413818359375,228.37686157226562,347.81311146405875,0.0,0.01,0.0,-1.0
050124_KL005_TimeOut_Opaque_TrNum6,2024-05-01,KL005B-KL005Y,Training Partner,opaque,30.000531309105877,magEntry,383.95,101.94,0,1.0,mag_bottom,mag_top,1076.42333984375,416.5950927734375,1216.421875,220.37338256835938,241.04470415609927,0.0,0.01,,-1.0
050124_KL005_TimeOut_Opaque_TrNum6,2024-05-01,KL005B-KL005Y,Training Partner,opaque,30.000531309105877,levPress,390.8,0.740000000000009,1,0.0,lev_bottom,mag_top,194.13570022651686,478.7180350707017,1224.5992431640625,210.38009643554688,1064.8287949874211,0.0,0.0,0.0,1.0
050124_KL005_TimeOut_Opaque_TrNum6,2024-05-01,KL005B-KL005Y,Training Partner,opaque,30.000531309105877,levPress,391.68,1.62,1,0.0,lev_bottom,mag_top,189.87171786879642,495.47733606800176,1224.291015625,206.6974334716797,1073.9725861091515,0.0,0.0,0.0,-1.0
050124_KL005_TimeOut_Opaque_TrNum6,2024-05-01,KL005B-KL005Y,Training Partner,opaque,30.000531309105877,magEntry,393.0,110.99,0,1.0,lev_bottom,mag_top,196.62106323242188,460.44757080078125,1224.403564453125,208.45851135253906,1058.2227345398956,0.0,0.0,,-1.0
050124_KL005_TimeOut_Opaque_TrNum6,2024-05-01,KL005B-KL005Y,Training Partner,opaque,30.000531309105877,magEntry,396.49,114.48,0,1.0,lev_top,mag_top,210.61865234375,164.26040649414062,1214.6539306640625,206.40725708007812,1004.9194978335631,0.0,0.0,,-1.0
050124_KL005_TimeOut_Opaque_TrNum6,2024-05-01,KL005B-KL005Y,Training Partner,opaque,30.000531309105877,levPress,401.26,4.31,1,1.0,lev_top,lev_bottom,176.66970825195312,216.33331298828125,180.53543090820312,446.4294738769531,230.1286315680007,0.0,0.0,0.0,1.0
050124_KL005_TimeOut_Opaque_TrNum6,2024-05-01,KL005B-KL005Y,Training Partner,opaque,30.000531309105877,levPress,401.44,4.49000000000001,1,1.0,lev_top,lev_bottom,180.475341796875,210.38645935058594,164.6147918701172,466.2452392578125,256.34990208617944,0.0,0.0,0.0,-1.0
050124_KL005_TimeOut_Opaque_TrNum6,2024-05-01,KL005B-KL005Y,Training Partner,opaque,30.000531309105877,levPress,401.61,4.66000000000003,1,1.0,lev_top,lev_bottom,188.64044189453125,202.5447540283203,164.56597900390625,456.4965515136719,255.0903667516927,0.0,0.0,0.0,-1.0
050124_KL005_TimeOut_Opaque_TrNum6,2024-05-01,KL005B-KL005Y,Training Partner,opaque,30.000531309105877,levPress,401.9,4.94999999999999,1,1.0,lev_top,lev_bottom,186.36178588867188,186.36634826660156,176.4283905029297,454.5945129394531,268.4120352511337,0.0,0.0,0.0,-1.0
050124_KL005_TimeOut_Opaque_TrNum6,2024-05-01,KL005B-KL005Y,Training Partner,opaque,30.000531309105877,levPress,402.35,5.40000000000003,1,1.0,lev_top,lev_bottom,180.30148315429688,220.62002563476562,188.5861358642578,448.62646484375,228.1569016954888,0.0,0.0,0.0,-1.0
050124_KL005_TimeOut_Opaque_TrNum6,2024-05-01,KL005B-KL005Y,Training Partner,opaque,30.000531309105877,levPress,402.39,5.44,1,0.0,lev_top,lev_bottom,180.72219848632812,216.66969299316406,186.4574737548828,448.5955505371094,231.99676027888947,0.0,0.0,0.0,1.0
050124_KL005_TimeOut_Opaque_TrNum6,2024-05-01,KL005B-KL005Y,Training Partner,opaque,30.000531309105877,levPress,410.33,2.62,1,0.0,lev_top,mid,200.69346618652344,224.3305206298828,362.7160339355469,128.42066955566406,188.28173568635304,0.0,0.21666666666666667,0.0,1.0
050124_KL005_TimeOut_Opaque_TrNum6,2024-05-01,KL005B-KL005Y,Training Partner,opaque,30.000531309105877,interaction,410.75939199315695,,55,,lev_top,lev_top,214.44827270507812,242.52133178710938,172.4790496826172,160.5920867919922,92.05333707464928,,,,
050124_KL005_TimeOut_Opaque_TrNum6,2024-05-01,KL005B-KL005Y,Training Partner,opaque,30.000531309105877,levPress,410.92,3.21000000000004,1,0.0,lev_top,lev_top,220.31716918945312,242.44883728027344,169.1324316725148,182.09596312550383,79.13499082845294,0.0,0.21666666666666667,0.0,-1.0
050124_KL005_TimeOut_Opaque_TrNum6,2024-05-01,KL005B-KL005Y,Training Partner,opaque,30.000531309105877,levPress,411.45,3.74000000000001,1,1.0,lev_top,lev_top,236.37551879882812,254.5674591064453,179.2300161507922,191.27654292247902,85.27220264718466,0.0,0.21666666666666667,0.0,-1.0
050124_KL005_TimeOut_Opaque_TrNum6,2024-05-01,KL005B-KL005Y,Training Partner,opaque,30.000531309105877,interaction,414.85931938219846,,10,,mid,mid,464.7415466308594,366.6510009765625,500.4775390625,412.38690185546875,58.04165559561007,,,,
050124_KL005_TimeOut_Opaque_TrNum6,2024-05-01,KL005B-KL005Y,Training Partner,opaque,30.000531309105877,magEntry,421.38,139.37,0,1.0,mid,mag_top,542.6515502929688,298.6024169921875,1212.6480712890625,212.49777221679688,675.5067342364289,0.0,0.0,,-1.0
050124_KL005_TimeOut_Opaque_TrNum6,2024-05-01,KL005B-KL005Y,Training Partner,opaque,30.000531309105877,magEntry,422.09,140.08,0,1.0,mid,mag_top,512.5527954101562,312.4137268066406,1220.455322265625,212.40115356445312,714.9325159306168,0.0,0.0,,-1.0
050124_KL005_TimeOut_Opaque_TrNum6,2024-05-01,KL005B-KL005Y,Training Partner,opaque,30.000531309105877,levPress,427.96,8.27999999999997,1,1.0,lev_bottom,lev_top,216.66038513183594,480.40087890625,170.42333984375,200.44204711914062,283.7513204419946,0.01,0.0,0.0,1.0
050124_KL005_TimeOut_Opaque_TrNum6,2024-05-01,KL005B-KL005Y,Training Partner,opaque,30.000531309105877,levPress,428.12,8.44,1,1.0,lev_bottom,lev_top,196.51531982421875,460.394287109375,168.61155700683594,208.49807739257812,253.43701475723168,0.01,0.0,0.0,-1.0
050124_KL005_TimeOut_Opaque_TrNum6,2024-05-01,KL005B-KL005Y,Training Partner,opaque,30.000531309105877,levPress,428.78,9.09999999999997,1,1.0,lev_bottom,lev_top,195.36881007395712,433.8427262741809,176.47561645507812,228.33544921875,206.37391716943807,0.01,0.0,0.0,-1.0
050124_KL005_TimeOut_Opaque_TrNum6,2024-05-01,KL005B-KL005Y,Training Partner,opaque,30.000531309105877,gaze,431.8256855693702,,6,1.0,lev_bottom,lev_top,172.3534698486328,524.4619140625,186.57162475585938,212.3540496826172,312.4315524026618,,,,
050124_KL005_TimeOut_Opaque_TrNum6,2024-05-01,KL005B-KL005Y,Training Partner,opaque,30.000531309105877,levPress,436.29,1.58000000000004,1,1.0,mag_bottom,lev_bottom,1251.9529791170908,527.9685029033759,166.55706787109375,466.572265625,1087.130986634762,0.01,0.0,0.0,1.0
050124_KL005_TimeOut_Opaque_TrNum6,2024-05-01,KL005B-KL005Y,Training Partner,opaque,30.000531309105877,levPress,436.72,2.01000000000005,1,1.0,mag_bottom,lev_bottom,1232.6141357421875,524.419921875,180.4828338623047,458.5348205566406,1054.1921660547414,0.01,0.0,0.0,-1.0
050124_KL005_TimeOut_Opaque_TrNum6,2024-05-01,KL005B-KL005Y,Training Partner,opaque,30.000531309105877,levPress,437.03,2.31999999999999,1,1.0,mag_bottom,lev_bottom,1236.9704464391145,531.5890374690746,188.4886474609375,460.5279235839844,1050.8871322340492,0.0,0.0,0.0,-1.0
050124_KL005_TimeOut_Opaque_TrNum6,2024-05-01,KL005B-KL005Y,Training Partner,opaque,30.000531309105877,levPress,437.66,2.95000000000005,1,1.0,mag_bottom,lev_bottom,1102.4822998046875,540.4422607421875,186.4636993408203,452.40008544921875,920.2399149276779,0.0,0.0,0.0,-1.0
050124_KL005_TimeOut_Opaque_TrNum6,2024-05-01,KL005B-KL005Y,Training Partner,opaque,30.000531309105877,magEntry,439.81,157.8,0,1.0,mag_top,mag_bottom,1112.6749267578125,204.59413146972656,1212.51416015625,456.3546142578125,270.83429106979384,0.0,0.0,,-1.0
050124_KL005_TimeOut_Opaque_TrNum6,2024-05-01,KL005B-KL005Y,Training Partner,opaque,30.000531309105877,levPress,444.28,0.739999999999952,1,1.0,mid,lev_top,962.6043701171875,106.3826904296875,192.42234802246094,180.50559997558594,773.7406237735429,0.0,0.0,0.0,1.0
050124_KL005_TimeOut_Opaque_TrNum6,2024-05-01,KL005B-KL005Y,Training Partner,opaque,30.000531309105877,levPress,444.73,1.19,1,1.0,mid,lev_top,968.4013061523438,124.64273834228516,180.36988830566406,208.6176300048828,792.4930901548563,0.0,0.0,0.0,-1.0
050124_KL005_TimeOut_Opaque_TrNum6,2024-05-01,KL005B-KL005Y,Training Partner,opaque,30.000531309105877,levPress,445.32,1.77999999999997,1,1.0,mag_top,lev_top,1152.615478515625,128.38648986816406,168.63546752929688,226.50306701660156,988.85970932786,0.0,0.03333333333333333,0.0,-1.0
050124_KL005_TimeOut_Opaque_TrNum6,2024-05-01,KL005B-KL005Y,Training Partner,opaque,30.000531309105877,interaction,449.9586977615537,,22,,mid,mid,604.5411376953125,360.4841003417969,488.67218017578125,280.396240234375,140.8534012839197,,,,
050124_KL005_TimeOut_Opaque_TrNum6,2024-05-01,KL005B-KL005Y,Training Partner,opaque,30.000531309105877,levPress,452.26,1.13,1,1.0,lev_top,lev_bottom,174.54429626464844,192.3994140625,176.4983673095703,456.5150146484375,264.12282912788714,0.0,0.24666666666666667,1.0,1.0
050124_KL005_TimeOut_Opaque_TrNum6,2024-05-01,KL005B-KL005Y,Training Partner,opaque,30.000531309105877,levPress,452.66,1.53000000000003,1,1.0,lev_top,lev_bottom,180.52810668945312,184.5535125732422,174.68490600585938,460.657958984375,276.16626934190725,0.0,0.2866666666666667,1.0,-1.0
050124_KL005_TimeOut_Opaque_TrNum6,2024-05-01,KL005B-KL005Y,Training Partner,opaque,30.000531309105877,levPress,452.74,1.61000000000001,1,1.0,lev_top,lev_bottom,178.49473571777344,194.388427734375,176.56349182128906,464.4593200683594,270.0777972900814,0.0,0.29333333333333333,1.0,-1.0
050124_KL005_TimeOut_Opaque_TrNum6,2024-05-01,KL005B-KL005Y,Training Partner,opaque,30.000531309105877,levPress,452.94,1.81,1,0.0,lev_top,lev_bottom,180.63548278808594,204.45101928710938,184.6492919921875,458.3580627441406,253.9387669920008,0.0,0.31333333333333335,1.0,1.0
050124_KL005_TimeOut_Opaque_TrNum6,2024-05-01,KL005B-KL005Y,Training Partner,opaque,30.000531309105877,levPress,453.4,2.26999999999998,1,0.0,lev_top,lev_bottom,178.5485382080078,224.34339904785156,192.4444580078125,434.51593017578125,210.63140655610496,0.0,0.36,1.0,-2.0
050124_KL005_TimeOut_Opaque_TrNum6,2024-05-01,KL005B-KL005Y,Training Partner,opaque,30.000531309105877,interaction,455.52526584261,,111,,mag_bottom,mag_bottom,1168.640869140625,404.6337585449219,1218.589111328125,452.66619873046875,69.29604756260845,,,,
050124_KL005_TimeOut_Opaque_TrNum6,2024-05-01,KL005B-KL005Y,Training Partner,opaque,30.000531309105877,magEntry,455.55,0.970000000000027,0,1.0,mag_bottom,mag_bottom,1168.640869140625,404.6337585449219,1218.589111328125,452.66619873046875,69.29604756260845,0.0,0.39666666666666667,,1.0
050124_KL005_TimeOut_Opaque_TrNum6,2024-05-01,KL005B-KL005Y,Training Partner,opaque,30.000531309105877,magEntry,456.98,2.40000000000003,0,1.0,mag_bottom,mag_bottom,1220.3291168078988,467.7270495737059,1220.5413818359375,440.5330810546875,27.194796933521925,0.0,0.38,,-2.0
050124_KL005_TimeOut_Opaque_TrNum6,2024-05-01,KL005B-KL005Y,Training Partner,opaque,30.000531309105877,magEntry,458.31,3.73000000000002,0,0.0,mag_bottom,mag_bottom,1208.613037109375,436.405029296875,1191.6100381444198,467.3093930984567,35.27295955520009,0.0,0.38,,-2.0
050124_KL005_TimeOut_Opaque_TrNum6,2024-05-01,KL005B-KL005Y,Training Partner,opaque,30.000531309105877,magEntry,458.75,4.17000000000002,0,1.0,mag_bottom,mag_bottom,1152.2822904734562,392.0007895094615,1222.6026611328125,456.4697570800781,95.40022174654769,0.0,0.38,,-2.0
050124_KL005_TimeOut_Opaque_TrNum6,2024-05-01,KL005B-KL005Y,Training Partner,opaque,30.000531309105877,interaction,460.29184809165827,,3,,mag_bottom,mag_bottom,1140.821533203125,432.48919677734375,1198.6131591796875,452.3985595703125,61.12491112334595,,,,
050124_KL005_TimeOut_Opaque_TrNum6,2024-05-01,KL005B-KL005Y,Training Partner,opaque,30.000531309105877,magEntry,461.09,6.50999999999999,0,0.0,mag_bottom,mid,1212.5252685546875,436.5812072753906,912.4268188476562,248.6028289794922,354.11149405705464,0.0,0.32666666666666666,,-2.0
050124_KL005_TimeOut_Opaque_TrNum6,2024-05-01,KL005B-KL005Y,Training Partner,opaque,30.000531309105877,magEntry,461.6,7.02000000000004,0,1.0,mag_bottom,mag_top,1208.3582763671875,436.44610595703125,1220.5731201171875,212.69204711914062,224.08721796271007,0.0,0.2733333333333333,,1.0
050124_KL005_TimeOut_Opaque_TrNum6,2024-05-01,KL005B-KL005Y,Training Partner,opaque,30.000531309105877,magEntry,462.97,8.39000000000004,0,0.0,mag_bottom,mag_top,1212.627685546875,440.58477783203125,1228.52197265625,212.560546875,228.57751041224677,0.0,0.13666666666666666,,-1.0
050124_KL005_TimeOut_Opaque_TrNum6,2024-05-01,KL005B-KL005Y,Training Partner,opaque,30.000531309105877,magEntry,466.12,11.54,0,1.0,mid,mag_top,472.45452880859375,212.54090881347656,1212.5592041015625,216.36021423339844,740.1145299778956,0.0,0.0,,-1.0
050124_KL005_TimeOut_Opaque_TrNum6,2024-05-01,KL005B-KL005Y,Training Partner,opaque,30.000531309105877,levPress,471.83,1.21999999999997,1,1.0,mag_top,lev_top,1212.3856201171875,208.4506072998047,172.6932830810547,228.31312561035156,1039.8820487561522,0.0,0.0,0.0,1.0
050124_KL005_TimeOut_Opaque_TrNum6,2024-05-01,KL005B-KL005Y,Training Partner,opaque,30.000531309105877,magEntry,471.87,17.29,0,0.0,mag_top,lev_top,1212.4293212890625,208.54884338378906,176.55130004882812,224.5007781982422,1036.0008393398666,0.0,0.0,,-1.0
050124_KL005_TimeOut_Opaque_TrNum6,2024-05-01,KL005B-KL005Y,Training Partner,opaque,30.000531309105877,levPress,472.3,1.69,1,1.0,mag_top,lev_top,1220.5361328125,208.58160400390625,172.56346130371094,216.49569702148438,1048.0025539556473,0.0,0.0,0.0,-1.0
050124_KL005_TimeOut_Opaque_TrNum6,2024-05-01,KL005B-KL005Y,Training Partner,opaque,30.000531309105877,levPress,472.5,1.88999999999999,1,1.0,mag_top,lev_top,1228.3780517578125,210.4759063720703,172.56004333496094,224.39804077148438,1055.9097938442621,0.0,0.0,0.0,-1.0
050124_KL005_TimeOut_Opaque_TrNum6,2024-05-01,KL005B-KL005Y,Training Partner,opaque,30.000531309105877,levPress,472.71,2.09999999999997,1,1.0,mag_top,lev_top,1228.4964599609375,210.4951629638672,180.36241149902344,232.45608520507812,1048.364090214295,0.0,0.0,0.0,-1.0
050124_KL005_TimeOut_Opaque_TrNum6,2024-05-01,KL005B-KL005Y,Training Partner,opaque,30.000531309105877,magEntry,473.49,18.91,0,0.0,mag_top,lev_top,1212.606689453125,208.56939697265625,192.54417419433594,188.37631225585938,1020.2623661129852,0.0,0.0,,-1.0
050124_KL005_TimeOut_Opaque_TrNum6,2024-05-01,KL005B-KL005Y,Training Partner,opaque,30.000531309105877,magEntry,477.7,23.12,0,0.0,mag_bottom,mid,1208.6959228515625,436.35028076171875,548.38818359375,308.40704345703125,672.5888658725826,0.0,0.0,,-1.0
050124_KL005_TimeOut_Opaque_TrNum6,2024-05-01,KL005B-KL005Y,Training Partner,opaque,30.000531309105877,magEntry,477.92,23.34,0,0.0,mag_bottom,mid,1208.6885986328125,436.3439636230469,446.6559753417969,380.58880615234375,764.0696018978701,0.0,0.0,,-1.0
050124_KL005_TimeOut_Opaque_TrNum6,2024-05-01,KL005B-KL005Y,Training Partner,opaque,30.000531309105877,magEntry,482.14,27.56,0,1.0,mag_top,mag_bottom,1216.5665283203125,212.50836181640625,1212.5517578125,448.3569030761719,235.88270982967313,0.0,0.0,,-1.0
050124_KL005_TimeOut_Opaque_TrNum6,2024-05-01,KL005B-KL005Y,Training Partner,opaque,30.000531309105877,magEntry,487.07,32.49,0,1.0,mag_top,mag_bottom,1228.6558837890625,212.4203338623047,1220.4300537109375,444.4661865234375,232.19160626023142,0.0,0.0,,-1.0
050124_KL005_TimeOut_Opaque_TrNum6,2024-05-01,KL005B-KL005Y,Training Partner,opaque,30.000531309105877,magEntry,488.09,33.51,0,0.0,mag_top,mag_bottom,1222.501220703125,212.5105438232422,1196.5086669921875,452.4623107910156,241.35547087102174,0.0,0.0,,-1.0
050124_KL005_TimeOut_Opaque_TrNum6,2024-05-01,KL005B-KL005Y,Training Partner,opaque,30.000531309105877,magEntry,489.92,35.34,0,1.0,mag_top,mag_bottom,1228.422607421875,214.45089721679688,1208.6357421875,444.56744384765625,230.96567941821095,0.0,0.023333333333333334,,-1.0
050124_KL005_TimeOut_Opaque_TrNum6,2024-05-01,KL005B-KL005Y,Training Partner,opaque,30.000531309105877,magEntry,490.28,35.7,0,0.0,mag_top,mag_bottom,1236.435791015625,208.5774688720703,1200.51708984375,454.60174560546875,248.63245531520272,0.0,0.023333333333333334,,-1.0
050124_KL005_TimeOut_Opaque_TrNum6,2024-05-01,KL005B-KL005Y,Training Partner,opaque,30.000531309105877,magEntry,491.38,36.8,0,1.0,mag_top,mag_bottom,1218.44580078125,200.54127502441406,1216.4244384765625,450.6981201171875,250.16501164698604,0.0,0.023333333333333334,,-1.0
050124_KL005_TimeOut_Opaque_TrNum6,2024-05-01,KL005B-KL005Y,Training Partner,opaque,30.000531309105877,interaction,493.3579291479929,,7,,mid,mid,924.4385986328125,256.46807861328125,808.4728393554688,292.5018310546875,121.43512111320756,,,,
050124_KL005_TimeOut_Opaque_TrNum6,2024-05-01,KL005B-KL005Y,Training Partner,opaque,30.000531309105877,levPress,494.28,11.9,1,1.0,mid,lev_top,508.491943359375,420.62066650390625,176.66673278808594,196.41439819335938,400.4702499817199,0.028333333333333332,0.023333333333333334,0.0,1.0
050124_KL005_TimeOut_Opaque_TrNum6,2024-05-01,KL005B-KL005Y,Training Partner,opaque,30.000531309105877,levPress,494.74,12.36,1,1.0,lev_bottom,lev_top,248.53782653808594,488.54901123046875,174.4073944091797,216.57611083984375,281.8946248414595,0.028333333333333332,0.023333333333333334,0.0,-1.0
050124_KL005_TimeOut_Opaque_TrNum6,2024-05-01,KL005B-KL005Y,Training Partner,opaque,30.000531309105877,levPress,494.97,12.59,1,1.0,lev_bottom,lev_top,192.4699249267578,472.5599060058594,172.59815979003906,224.44847106933594,248.90594849442553,0.028333333333333332,0.023333333333333334,0.0,-1.0
050124_KL005_TimeOut_Opaque_TrNum6,2024-05-01,KL005B-KL005Y,Training Partner,opaque,30.000531309105877,levPress,495.19,12.81,1,1.0,lev_bottom,lev_top,180.63954162597656,442.4549865722656,176.36984252929688,226.38156127929688,216.1156066743268,0.028333333333333332,0.023333333333333334,0.0,-1.0
050124_KL005_TimeOut_Opaque_TrNum6,2024-05-01,KL005B-KL005Y,Training Partner,opaque,30.000531309105877,levPress,495.61,13.23,1,0.0,lev_bottom,lev_top,196.58717346191406,442.64599609375,180.38400268554688,212.438232421875,230.77728917294692,0.028333333333333332,0.023333333333333334,0.0,1.0
050124_KL005_TimeOut_Opaque_TrNum6,2024-05-01,KL005B-KL005Y,Training Partner,opaque,30.000531309105877,gaze,496.9578653920293,,12,1.0,lev_bottom,lev_top,208.38429260253906,448.55865478515625,190.4437255859375,208.50416564941406,240.72395331395532,,,,
050124_KL005_TimeOut_Opaque_TrNum6,2024-05-01,KL005B-KL005Y,Training Partner,opaque,30.000531309105877,gaze,497.7245184810371,,5,1.0,lev_bottom,lev_top,216.57672119140625,436.64715576171875,190.41769409179688,208.55450439453125,229.58778779915852,,,,
050124_KL005_TimeOut_Opaque_TrNum6,2024-05-01,KL005B-KL005Y,Training Partner,opaque,30.000531309105877,levPress,502.5,1.76999999999998,1,1.0,mag_bottom,lev_bottom,1204.680908203125,442.4796447753906,180.45643615722656,460.59234619140625,1024.3846148250593,0.008333333333333333,0.0,0.0,1.0
050124_KL005_TimeOut_Opaque_TrNum6,2024-05-01,KL005B-KL005Y,Training Partner,opaque,30.000531309105877,levPress,502.74,2.00999999999999,1,1.0,mag_bottom,lev_bottom,1204.6170654296875,436.6666259765625,180.43243408203125,452.4657287597656,1024.3064828153188,0.008333333333333333,0.0,0.0,-1.0
050124_KL005_TimeOut_Opaque_TrNum6,2024-05-01,KL005B-KL005Y,Training Partner,opaque,30.000531309105877,levPress,503.13,2.39999999999998,1,1.0,mag_bottom,lev_bottom,1182.4100341796875,464.55548095703125,172.64874267578125,444.43212890625,1009.961788939263,0.0,0.0,0.0,-1.0
050124_KL005_TimeOut_Opaque_TrNum6,2024-05-01,KL005B-KL005Y,Training Partner,opaque,30.000531309105877,levPress,503.36,2.63,1,1.0,mag_bottom,lev_bottom,1084.6253662109375,508.5934753417969,186.45404052734375,418.59283447265625,902.6692891846272,0.0,0.0,0.0,-1.0
050124_KL005_TimeOut_Opaque_TrNum6,2024-05-01,KL005B-KL005Y,Training Partner,opaque,30.000531309105877,magEntry,505.38,50.8,0,0.0,mag_top,mid,1212.62841796875,204.3646240234375,984.4327392578125,518.5692749023438,388.32696328774387,0.0,0.0,,-1.0
050124_KL005_TimeOut_Opaque_TrNum6,2024-05-01,KL005B-KL005Y,Training Partner,opaque,30.000531309105877,levPress,514.07,1.22000000000003,1,1.0,lev_bottom,lev_top,192.50949096679688,442.57861328125,172.61671447753906,216.5203094482422,226.93188248526923,0.0,0.0,1.0,1.0
050124_KL005_TimeOut_Opaque_TrNum6,2024-05-01,KL005B-KL005Y,Training Partner,opaque,30.000531309105877,levPress,514.39,1.53999999999996,1,1.0,lev_bottom,lev_top,194.3838348388672,440.5164794921875,172.48826599121094,224.34182739257812,217.28068516448857,0.0,0.0,1.0,-1.0
050124_KL005_TimeOut_Opaque_TrNum6,2024-05-01,KL005B-KL005Y,Training Partner,opaque,30.000531309105877,levPress,514.59,1.74000000000001,1,0.0,lev_bottom,lev_top,194.305199431052,442.95270527850204,176.44911193847656,222.43734741210938,221.2371192080699,0.0,0.0,1.0,1.0
050124_KL005_TimeOut_Opaque_TrNum6,2024-05-01,KL005B-KL005Y,Training Partner,opaque,30.000531309105877,magEntry,517.02,1.24000000000001,0,0.0,mag_bottom,mid,1216.5390625,442.49578857421875,892.6529541015625,208.59803771972656,399.51266446543906,0.016666666666666666,0.02,,1.0
050124_KL005_TimeOut_Opaque_TrNum6,2024-05-01,KL005B-KL005Y,Training Partner,opaque,30.000531309105877,magEntry,517.41,1.63,0,1.0,mag_bottom,mag_top,1220.6162109375,442.42230224609375,1220.44384765625,202.7236328125,239.69873140535387,0.016666666666666666,0.06,,1.0
050124_KL005_TimeOut_Opaque_TrNum6,2024-05-01,KL005B-KL005Y,Training Partner,opaque,30.000531309105877,gaze,519.8907925762614,,10,1.0,mid,mag_top,876.4149169921875,360.5833740234375,1068.5948486328125,240.4813995361328,226.62217543996988,,,,
050124_KL005_TimeOut_Opaque_TrNum6,2024-05-01,KL005B-KL005Y,Training Partner,opaque,30.000531309105877,interaction,521.7907589272806,,51,,mid,mid,992.5169677734375,276.4179382324219,971.5475577855481,280.5779184967373,21.378063313585987,,,,
050124_KL005_TimeOut_Opaque_TrNum6,2024-05-01,KL005B-KL005Y,Training Partner,opaque,30.000531309105877,levPress,527.77,0.649999999999977,1,1.0,mag_top,lev_bottom,1052.649658203125,212.589111328125,192.56922912597656,446.33001708984375,891.2761387515321,0.0,0.07333333333333333,0.0,1.0
050124_KL005_TimeOut_Opaque_TrNum6,2024-05-01,KL005B-KL005Y,Training Partner,opaque,30.000531309105877,levPress,528.25,1.13,1,1.0,mag_top,lev_bottom,1204.4522705078125,196.5878143310547,184.6159210205078,468.58673095703125,1055.485476158387,0.0,0.02666666666666667,0.0,-1.0
050124_KL005_TimeOut_Opaque_TrNum6,2024-05-01,KL005B-KL005Y,Training Partner,opaque,30.000531309105877,magEntry,528.31,12.53,0,0.0,mag_top,lev_bottom,1212.4752197265625,204.40298461914062,180.36746215820312,476.31640625,1067.3253169000484,0.0,0.02,,-1.0
050124_KL005_TimeOut_Opaque_TrNum6,2024-05-01,KL005B-KL005Y,Training Partner,opaque,30.000531309105877,levPress,528.52,1.39999999999998,1,1.0,mag_top,lev_bottom,1216.5792236328125,208.46368408203125,176.64076232910156,464.4048767089844,1070.9705399225682,0.0,0.0,0.0,-1.0
050124_KL005_TimeOut_Opaque_TrNum6,2024-05-01,KL005B-KL005Y,Training Partner,opaque,30.000531309105877,levPress,528.8,1.67999999999995,1,1.0,mag_top,lev_bottom,1220.4920654296875,208.3473358154297,184.6263427734375,456.4854736328125,1065.1715030048606,0.0,0.0,0.0,-1.0
050124_KL005_TimeOut_Opaque_TrNum6,2024-05-01,KL005B-KL005Y,Training Partner,opaque,30.000531309105877,levPress,529.16,2.03999999999996,1,1.0,mag_top,lev_bottom,1212.514892578125,208.4114990234375,192.57647705078125,436.703125,1045.175314461383,0.0,0.0,0.0,-1.0
050124_KL005_TimeOut_Opaque_TrNum6,2024-05-01,KL005B-KL005Y,Training Partner,opaque,30.000531309105877,magEntry,529.22,13.4400000000001,0,0.0,mag_top,lev_bottom,1212.5914306640625,208.43128967285156,190.5546417236328,436.5909423828125,1047.194358785605,0.0,0.0,,-1.0
050124_KL005_TimeOut_Opaque_TrNum6,2024-05-01,KL005B-KL005Y,Training Partner,opaque,30.000531309105877,magEntry,537.9,22.12,0,1.0,mid,mag_top,856.4443359375,280.5082092285156,1220.2874755859375,192.55615234375,374.32258091049414,0.0016666666666666668,0.0,,-1.0
050124_KL005_TimeOut_Opaque_TrNum6,2024-05-01,KL005B-KL005Y,Training Partner,opaque,30.000531309105877,gaze,539.4904454604598,,1,1.0,mag_bottom,mag_top,1196.3909912109375,432.341796875,1196.3970947265625,188.38766479492188,243.9541321564304,,,,
050124_KL005_TimeOut_Opaque_TrNum6,2024-05-01,KL005B-KL005Y,Training Partner,opaque,30.000531309105877,magEntry,542.84,27.0600000000001,0,1.0,lev_top,mag_top,192.4551544189453,216.51123046875,1222.380615234375,180.61180114746094,1030.550932201543,0.0016666666666666668,0.0,,-1.0
050124_KL005_TimeOut_Opaque_TrNum6,2024-05-01,KL005B-KL005Y,Training Partner,opaque,30.000531309105877,levPress,543.01,5.68999999999994,1,0.0,lev_top,mag_top,192.6048583984375,224.45159912109375,1224.5992431640625,188.59425354003906,1032.6171407738204,0.0016666666666666668,0.0,0.0,1.0
050124_KL005_TimeOut_Opaque_TrNum6,2024-05-01,KL005B-KL005Y,Training Partner,opaque,30.000531309105877,levPress,543.28,5.95999999999992,1,0.0,lev_top,mag_top,188.59422302246094,240.544189453125,1224.628662109375,192.5418701171875,1037.1458825236525,0.0016666666666666668,0.0,0.0,-1.0
050124_KL005_TimeOut_Opaque_TrNum6,2024-05-01,KL005B-KL005Y,Training Partner,opaque,30.000531309105877,magEntry,550.47,34.6900000000001,0,1.0,lev_bottom,mag_top,196.65025329589844,510.47576904296875,1228.5557861328125,222.54483032226562,1071.3231324731212,0.0,0.0,,-1.0
050124_KL005_TimeOut_Opaque_TrNum6,2024-05-01,KL005B-KL005Y,Training Partner,opaque,30.000531309105877,levPress,552.85,0.889999999999986,1,0.0,lev_bottom,lev_top,202.42005920410156,496.4723815917969,196.60791015625,192.4158172607422,304.1121099025148,0.0,0.0,1.0,1.0
050124_KL005_TimeOut_Opaque_TrNum6,2024-05-01,KL005B-KL005Y,Training Partner,opaque,30.000531309105877,levPress,553.21,1.25,1,1.0,lev_bottom,lev_top,192.65371704101562,490.62371826171875,176.51864624023438,220.374267578125,270.7306892550795,0.0,0.0,1.0,1.0
050124_KL005_TimeOut_Opaque_TrNum6,2024-05-01,KL005B-KL005Y,Training Partner,opaque,30.000531309105877,levPress,553.27,1.30999999999995,1,0.0,lev_bottom,lev_top,194.6733856201172,498.58489990234375,174.65774536132812,216.42393493652344,282.86999841872966,0.0,0.0,1.0,-2.0
050124_KL005_TimeOut_Opaque_TrNum6,2024-05-01,KL005B-KL005Y,Training Partner,opaque,30.000531309105877,magEntry,556.24,1.88999999999999,0,0.0,mag_bottom,mag_top,1212.6180419921875,444.47406005859375,1228.4296875,220.62936401367188,224.40244223516862,0.0,0.0,,1.0
050124_KL005_TimeOut_Opaque_TrNum6,2024-05-01,KL005B-KL005Y,Training Partner,opaque,30.000531309105877,magEntry,559.94,5.59000000000003,0,1.0,mid,mag_top,684.6576538085938,304.5421142578125,1216.4249267578125,216.63906860351562,538.9836528273843,0.0,0.0,,1.0
050124_KL005_TimeOut_Opaque_TrNum6,2024-05-01,KL005B-KL005Y,Training Partner,opaque,30.000531309105877,levPress,563.85,0.899999999999977,1,1.0,lev_top,lev_bottom,196.5209197998047,220.43060302734375,172.5113525390625,440.51422119140625,221.38938164291656,0.0,0.0,0.0,1.0
050124_KL005_TimeOut_Opaque_TrNum6,2024-05-01,KL005B-KL005Y,Training Partner,opaque,30.000531309105877,levPress,564.15,1.19999999999993,1,1.0,lev_top,lev_bottom,202.50633239746094,228.43612670898438,176.58712768554688,452.43914794921875,225.49758024788426,0.0,0.0,0.0,-1.0
050124_KL005_TimeOut_Opaque_TrNum6,2024-05-01,KL005B-KL005Y,Training Partner,opaque,30.000531309105877,levPress,564.26,1.30999999999995,1,1.0,lev_top,lev_bottom,204.42103576660156,216.59519958496094,180.426513671875,452.3831481933594,237.00568305319402,0.0,0.0,0.0,-1.0
050124_KL005_TimeOut_Opaque_TrNum6,2024-05-01,KL005B-KL005Y,Training Partner,opaque,30.000531309105877,levPress,564.52,1.56999999999994,1,1.0,lev_top,lev_bottom,198.65682983398438,214.54086303710938,176.54066467285156,456.38494873046875,242.85322016866783,0.0,0.0,0.0,-1.0
050124_KL005_TimeOut_Opaque_TrNum6,2024-05-01,KL005B-KL005Y,Training Partner,opaque,30.000531309105877,levPress,564.73,1.77999999999997,1,1.0,lev_top,lev_bottom,180.54588317871094,204.6070098876953,180.38916015625,448.5510559082031,243.94409636423137,0.0,0.0,0.0,-1.0
050124_KL005_TimeOut_Opaque_TrNum6,2024-05-01,KL005B-KL005Y,Training Partner,opaque,30.000531309105877,levPress,565.19,2.24000000000001,1,0.0,lev_top,lev_bottom,174.58059692382812,204.5787353515625,196.5072479248047,420.4848327636719,217.01663743557978,0.0,0.0,0.0,1.0
050124_KL005_TimeOut_Opaque_TrNum6,2024-05-01,KL005B-KL005Y,Training Partner,opaque,30.000531309105877,magEntry,568.39,14.04,0,0.0,mag_bottom,mag_top,1204.5379638671875,444.46844482421875,1216.6016845703125,220.34356689453125,224.44931335203574,0.0,0.0,,-1.0
050124_KL005_TimeOut_Opaque_TrNum6,2024-05-01,KL005B-KL005Y,Training Partner,opaque,30.000531309105877,magEntry,568.6,14.25,0,0.0,mag_bottom,mag_top,1204.6378173828125,448.36004638671875,1220.5980224609375,216.4918975830078,232.41679495207666,0.0,0.0,,-1.0
050124_KL005_TimeOut_Opaque_TrNum6,2024-05-01,KL005B-KL005Y,Training Partner,opaque,30.000531309105877,levPress,571.46,1.25999999999999,1,1.0,lev_bottom,lev_top,196.57046508789062,488.3917236328125,176.4542236328125,220.5113983154297,268.63456937338844,0.0,0.0,1.0,1.0
050124_KL005_TimeOut_Opaque_TrNum6,2024-05-01,KL005B-KL005Y,Training Partner,opaque,30.000531309105877,levPress,571.67,1.46999999999991,1,1.0,lev_bottom,lev_top,182.50502014160156,452.546875,176.45809936523438,220.5031280517578,232.1225231395168,0.0,0.0,1.0,-1.0
050124_KL005_TimeOut_Opaque_TrNum6,2024-05-01,KL005B-KL005Y,Training Partner,opaque,30.000531309105877,levPress,571.81,1.6099999999999,1,0.0,lev_bottom,lev_top,192.48223876953125,446.3929748535156,176.5390167236328,216.6038055419922,230.34159125543266,0.0,0.0,1.0,1.0
050124_KL005_TimeOut_Opaque_TrNum6,2024-05-01,KL005B-KL005Y,Training Partner,opaque,30.000531309105877,levPress,572.02,1.81999999999994,1,1.0,lev_bottom,lev_top,204.36874389648438,452.444091796875,168.53018188476562,224.58169555664062,230.66355183992417,0.0,0.0,1.0,-2.0
050124_KL005_TimeOut_Opaque_TrNum6,2024-05-01,KL005B-KL005Y,Training Partner,opaque,30.000531309105877,magEntry,574.26,0.450000000000045,0,1.0,lev_bottom,mag_top,196.6150360107422,448.4129638671875,1228.3388671875,212.65762329101562,1058.3168922530879,0.0,0.0,,1.0
050124_KL005_TimeOut_Opaque_TrNum6,2024-05-01,KL005B-KL005Y,Training Partner,opaque,30.000531309105877,magEntry,577.16,3.35000000000002,0,1.0,lev_top,mag_top,212.54916381835938,176.50433349609375,1212.4959716796875,216.38099670410156,1000.7416084188089,0.0,0.0,,-2.0
050124_KL005_TimeOut_Opaque_TrNum6,2024-05-01,KL005B-KL005Y,Training Partner,opaque,30.000531309105877,interaction,583.0563405619007,,1,,mid,mid,868.7254638671875,520.3898315429688,980.1514470759884,440.9641154599815,136.83637714198397,,,,
050124_KL005_TimeOut_Opaque_TrNum6,2024-05-01,KL005B-KL005Y,Training Partner,opaque,30.000531309105877,magEntry,583.52,9.71000000000004,0,1.0,mid,mag_bottom,922.455322265625,476.371826171875,1216.646240234375,436.51287841796875,296.8788169124642,0.0,0.05333333333333334,,1.0
050124_KL005_TimeOut_Opaque_TrNum6,2024-05-01,KL005B-KL005Y,Training Partner,opaque,30.000531309105877,interaction,583.7563281649077,,2,,mid,mag_bottom,952.5648193359375,452.64080810546875,1212.487548828125,436.4287109375,260.4278353042404,,,,
050124_KL005_TimeOut_Opaque_TrNum6,2024-05-01,KL005B-KL005Y,Training Partner,opaque,30.000531309105877,interaction,587.7229245819478,,13,,mag_top,mag_top,1195.6223078963433,227.7574728068923,1192.486083984375,224.5961456298828,4.453076458595834,,,,
050124_KL005_TimeOut_Opaque_TrNum6,2024-05-01,KL005B-KL005Y,Training Partner,opaque,30.000531309105877,magEntry,587.77,13.96,0,1.0,mag_top,mag_top,1195.28181390772,234.47979987958496,1192.6221923828125,228.52969360351562,6.517465101730238,0.0,0.05333333333333334,,-1.0
050124_KL005_TimeOut_Opaque_TrNum6,2024-05-01,KL005B-KL005Y,Training Partner,opaque,30.000531309105877,magEntry,591.01,17.2,0,1.0,mid,mag_top,868.3665771484375,404.45831298828125,1224.355712890625,200.57432556152344,410.24010663939714,0.0,0.043333333333333335,,-1.0
050124_KL005_TimeOut_Opaque_TrNum6,2024-05-01,KL005B-KL005Y,Training Partner,opaque,30.000531309105877,levPress,594.76,2.92999999999995,1,0.0,lev_bottom,mag_top,194.53606757584936,449.38944360479894,1216.47900390625,180.4620361328125,1056.7352154656364,0.05333333333333334,0.0,0.0,1.0
050124_KL005_TimeOut_Opaque_TrNum6,2024-05-01,KL005B-KL005Y,Training Partner,opaque,30.000531309105877,gaze,597.4227527950461,,32,0.0,lev_bottom,lev_top,208.45851135253906,484.46142578125,184.49220275878906,172.47586059570312,312.9047408265908,,,,
050124_KL005_TimeOut_Opaque_TrNum6,2024-05-01,KL005B-KL005Y,Training Partner,opaque,30.000531309105877,magEntry,600.83,27.0200000000001,0,1.0,mid,mag_bottom,790.527099609375,230.55543518066406,1216.4847412109375,452.40545654296875,480.2679922889097,0.05333333333333334,0.0,,-1.0
050124_KL005_TimeOut_Opaque_TrNum6,2024-05-01,KL005B-KL005Y,Training Partner,opaque,30.000531309105877,magEntry,603.37,29.5600000000001,0,1.0,mid,mag_top,782.226806640625,232.52476501464844,1216.644287109375,212.51443481445312,434.87809861102187,0.006666666666666667,0.0,,-1.0
050124_KL005_TimeOut_Opaque_TrNum6,2024-05-01,KL005B-KL005Y,Training Partner,opaque,30.000531309105877,levPress,605.74,3.13,1,0.0,lev_top,mag_top,192.43963623046875,220.5293426513672,1222.33740234375,192.59750366210938,1030.2764659422483,0.0,0.0,0.0,1.0
050124_KL005_TimeOut_Opaque_TrNum6,2024-05-01,KL005B-KL005Y,Training Partner,opaque,30.000531309105877,levPress,605.98,3.37,1,0.0,lev_top,mag_top,196.62579345703125,228.4444122314453,1222.291259765625,196.56027221679688,1026.160926542469,0.0,0.0,0.0,-1.0
050124_KL005_TimeOut_Opaque_TrNum6,2024-05-01,KL005B-KL005Y,Training Partner,opaque,30.000531309105877,interaction,613.5558004072093,,2,,mag_bottom,mag_bottom,1218.42236328125,436.4827880859375,1223.4662948136108,441.39468297608823,7.040451456762752,,,,
050124_KL005_TimeOut_Opaque_TrNum6,2024-05-01,KL005B-KL005Y,Training Partner,opaque,30.000531309105877,magEntry,615.15,41.34,0,1.0,lev_bottom,mag_top,192.60226440429688,490.46392822265625,1208.6915283203125,212.58538818359375,1053.401098945521,0.0,0.006666666666666667,,-1.0
050124_KL005_TimeOut_Opaque_TrNum6,2024-05-01,KL005B-KL005Y,Training Partner,opaque,30.000531309105877,levPress,615.47,1.18000000000006,1,0.0,lev_bottom,mag_top,190.6269212402516,449.2131511729439,1224.462646484375,212.6422119140625,1060.557455347362,0.0,0.006666666666666667,0.0,1.0
050124_KL005_TimeOut_Opaque_TrNum6,2024-05-01,KL005B-KL005Y,Training Partner,opaque,30.000531309105877,interaction,625.4222569153294,,15,,mag_top,mag_top,1191.829482117325,204.57036636233025,1180.4154052734375,178.63214111328125,28.33853699943894,,,,
050124_KL005_TimeOut_Opaque_TrNum6,2024-05-01,KL005B-KL005Y,Training Partner,opaque,30.000531309105877,levPress,627.79,1.87,1,1.0,mid,lev_bottom,996.45068359375,112.45486450195312,172.3852996826172,466.35040283203125,896.8421315987215,0.0,0.05,0.0,1.0
050124_KL005_TimeOut_Opaque_TrNum6,2024-05-01,KL005B-KL005Y,Training Partner,opaque,30.000531309105877,levPress,628.41,2.49000000000001,1,1.0,mid,lev_bottom,1010.5040283203125,114.51922607421875,176.57357788085938,464.62335205078125,904.4406532194149,0.0,0.05,0.0,-1.0
050124_KL005_TimeOut_Opaque_TrNum6,2024-05-01,KL005B-KL005Y,Training Partner,opaque,30.000531309105877,levPress,628.55,2.63,1,1.0,mid,lev_bottom,1024.52880859375,118.46146392822266,176.45729064941406,460.48699951171875,914.4434189929891,0.0,0.06333333333333334,0.0,-1.0
050124_KL005_TimeOut_Opaque_TrNum6,2024-05-01,KL005B-KL005Y,Training Partner,opaque,30.000531309105877,levPress,628.71,2.79000000000008,1,1.0,mid,lev_bottom,1020.4139404296875,128.637451171875,176.64794921875,444.5960388183594,900.9832834363449,0.0,0.07666666666666666,0.0,-1.0
050124_KL005_TimeOut_Opaque_TrNum6,2024-05-01,KL005B-KL005Y,Training Partner,opaque,30.000531309105877,magEntry,631.2,57.3900000000001,0,1.0,lev_top,mag_bottom,196.51368713378906,216.55142211914062,1212.6302490234375,448.4886474609375,1042.2512863247957,0.0,0.02666666666666667,,-1.0
050124_KL005_TimeOut_Opaque_TrNum6,2024-05-01,KL005B-KL005Y,Training Partner,opaque,30.000531309105877,interaction,633.3887824924101,,8,,mid,mid,828.5432739257812,356.38751220703125,910.5023252214523,277.3163520938163,113.88386387428255,,,,
050124_KL005_TimeOut_Opaque_TrNum6,2024-05-01,KL005B-KL005Y,Training Partner,opaque,30.000531309105877,magEntry,634.08,60.2700000000001,0,1.0,mid,mag_top,860.41455078125,380.46124267578125,1212.42919921875,212.5150909423828,390.0259255442315,0.0,0.02666666666666667,,-1.0
050124_KL005_TimeOut_Opaque_TrNum6,2024-05-01,KL005B-KL005Y,Training Partner,opaque,30.000531309105877,levPress,639.29,1.14999999999998,1,1.0,lev_bottom,lev_top,216.41209411621094,510.58160400390625,176.5191192626953,220.3162384033203,292.99391104578444,0.015,0.0,0.0,1.0
050124_KL005_TimeOut_Opaque_TrNum6,2024-05-01,KL005B-KL005Y,Training Partner,opaque,30.000531309105877,levPress,639.89,1.75,1,1.0,lev_bottom,lev_top,196.46046447753906,442.40057373046875,168.39198303222656,214.4742889404297,229.64805888323082,0.015,0.0,0.0,-1.0
050124_KL005_TimeOut_Opaque_TrNum6,2024-05-01,KL005B-KL005Y,Training Partner,opaque,30.000531309105877,levPress,640.07,1.93000000000006,1,1.0,lev_bottom,lev_top,196.47158813476562,444.34271240234375,172.46514892578125,222.39102172851562,223.2461917177208,0.015,0.0,0.0,-1.0
050124_KL005_TimeOut_Opaque_TrNum6,2024-05-01,KL005B-KL005Y,Training Partner,opaque,30.000531309105877,gaze,642.2219593874994,,9,1.0,lev_bottom,lev_top,196.3704376220703,460.3642272949219,188.28846740722656,212.4781494140625,248.0177934135152,,,,
050124_KL005_TimeOut_Opaque_TrNum6,2024-05-01,KL005B-KL005Y,Training Partner,opaque,30.000531309105877,levPress,651.35,1.71000000000004,1,1.0,lev_bottom,lev_top,180.31024169921875,384.44671630859375,176.35610961914062,228.4894561767578,156.0073785060689,0.021666666666666667,0.0,1.0,1.0
050124_KL005_TimeOut_Opaque_TrNum6,2024-05-01,KL005B-KL005Y,Training Partner,opaque,30.000531309105877,levPress,651.59,1.95000000000005,1,1.0,lev_bottom,lev_top,186.19155537966927,394.9019416722133,176.38690185546875,228.44874572753906,166.7417094518517,0.021666666666666667,0.0,1.0,-1.0
050124_KL005_TimeOut_Opaque_TrNum6,2024-05-01,KL005B-KL005Y,Training Partner,opaque,30.000531309105877,levPress,652.19,2.55000000000007,1,0.0,lev_bottom,lev_top,198.6242218017578,430.43353271484375,168.49378967285156,222.41831970214844,210.18604088994977,0.021666666666666667,0.0,1.0,1.0
050124_KL005_TimeOut_Opaque_TrNum6,2024-05-01,KL005B-KL005Y,Training Partner,opaque,30.000531309105877,levPress,652.32,2.68000000000006,1,1.0,lev_bottom,lev_top,184.4025421142578,440.59014892578125,168.41944885253906,212.3966064453125,228.75260020379724,0.021666666666666667,0.0,1.0,-2.0
050124_KL005_TimeOut_Opaque_TrNum6,2024-05-01,KL005B-KL005Y,Training Partner,opaque,30.000531309105877,levPress,652.53,2.88999999999999,1,0.0,lev_bottom,lev_top,188.40208435058594,464.6078186035156,172.44961547851562,222.51881408691406,242.6140296251507,0.021666666666666667,0.0,1.0,-2.0
050124_KL005_TimeOut_Opaque_TrNum6,2024-05-01,KL005B-KL005Y,Training Partner,opaque,30.000531309105877,gaze,653.6884229796154,,13,1.0,lev_bottom,lev_top,174.53404235839844,472.6089782714844,190.4119110107422,216.55271911621094,256.5480745699208,,,,
050124_KL005_TimeOut_Opaque_TrNum6,2024-05-01,KL005B-KL005Y,Training Partner,opaque,30.000531309105877,magEntry,655.03,0.799999999999955,0,1.0,mag_bottom,mag_top,1208.70556640625,442.66326904296875,1224.60498046875,216.3777618408203,226.84338680522382,0.021666666666666667,0.0,,1.0
050124_KL005_TimeOut_Opaque_TrNum6,2024-05-01,KL005B-KL005Y,Training Partner,opaque,30.000531309105877,magEntry,655.21,0.980000000000018,0,0.0,mag_bottom,mag_top,1218.4910888671875,442.5386962890625,1232.33642578125,212.3550567626953,230.5996558103859,0.021666666666666667,0.0,,1.0
050124_KL005_TimeOut_Opaque_TrNum6,2024-05-01,KL005B-KL005Y,Training Partner,opaque,30.000531309105877,levPress,662.93,0.919999999999959,1,1.0,lev_bottom,lev_top,264.6021728515625,488.542236328125,180.68748474121094,208.64305114746094,292.2075097348753,0.0,0.0,1.0,1.0
050124_KL005_TimeOut_Opaque_TrNum6,2024-05-01,KL005B-KL005Y,Training Partner,opaque,30.000531309105877,levPress,663.26,1.25,1,1.0,lev_bottom,lev_top,192.48330688476562,476.49041748046875,172.63706970214844,220.55935668945312,256.6993981448403,0.0,0.0,1.0,-1.0
050124_KL005_TimeOut_Opaque_TrNum6,2024-05-01,KL005B-KL005Y,Training Partner,opaque,30.000531309105877,levPress,663.45,1.44000000000005,1,0.0,lev_bottom,lev_top,184.5419158935547,452.5679931640625,172.3705596923828,216.6249542236328,236.25676611733456,0.0,0.0,1.0,1.0
050124_KL005_TimeOut_Opaque_TrNum6,2024-05-01,KL005B-KL005Y,Training Partner,opaque,30.000531309105877,levPress,663.51,1.5,1,1.0,lev_bottom,lev_top,192.6051483154297,450.4599609375,168.33692932128906,216.3975067138672,235.31718791949257,0.0,0.0,1.0,-2.0
050124_KL005_TimeOut_Opaque_TrNum6,2024-05-01,KL005B-KL005Y,Training Partner,opaque,30.000531309105877,levPress,663.63,1.62,1,1.0,lev_bottom,lev_top,204.29660034179688,452.5516357421875,168.6383819580078,212.33795166015625,242.84588231750587,0.0,0.0,1.0,-2.0
050124_KL005_TimeOut_Opaque_TrNum6,2024-05-01,KL005B-KL005Y,Training Partner,opaque,30.000531309105877,magEntry,665.67,0.829999999999927,0,1.0,mid,mag_top,468.5250244140625,416.44805908203125,1218.452880859375,220.57582092285156,775.0856233695395,0.0,0.0,,1.0
050124_KL005_TimeOut_Opaque_TrNum6,2024-05-01,KL005B-KL005Y,Training Partner,opaque,30.000531309105877,interaction,672.5547555178064,,5,,lev_top,lev_top,158.6002655029297,140.59251403808594,176.85359953326292,174.47237343948723,38.48414058130493,,,,
050124_KL005_TimeOut_Opaque_TrNum6,2024-05-01,KL005B-KL005Y,Training Partner,opaque,30.000531309105877,magEntry,675.1,10.26,0,1.0,lev_top,mag_bottom,164.44447326660156,240.57440185546875,1212.579345703125,432.5977783203125,1065.5795080267292,0.0,0.016666666666666666,,1.0
050124_KL005_TimeOut_Opaque_TrNum6,2024-05-01,KL005B-KL005Y,Training Partner,opaque,30.000531309105877,levPress,683.47,0.879999999999995,1,0.0,lev_bottom,mid,188.5619354248047,466.3357849121094,522.3009033203125,152.3808135986328,458.20238181878176,0.0,0.0,0.0,1.0
050124_KL005_TimeOut_Opaque_TrNum6,2024-05-01,KL005B-KL005Y,Training Partner,opaque,30.000531309105877,levPress,684.56,1.96999999999991,1,1.0,lev_bottom,lev_top,192.6809539794922,442.552001953125,168.59461975097656,216.33175659179688,227.49890309165727,0.0,0.0,0.0,1.0
050124_KL005_TimeOut_Opaque_TrNum6,2024-05-01,KL005B-KL005Y,Training Partner,opaque,30.000531309105877,levPress,694.64,0.720000000000027,1,0.0,lev_bottom,mid,192.55410766601562,474.61248779296875,535.6911285917382,286.93595777689967,391.1080350090653,0.0,0.05,0.0,1.0
050124_KL005_TimeOut_Opaque_TrNum6,2024-05-01,KL005B-KL005Y,Training Partner,opaque,30.000531309105877,levPress,695.1,1.18000000000006,1,0.0,lev_bottom,mid,192.47837829589844,450.5941162109375,360.59271240234375,388.34429931640625,179.26926405677074,0.0,0.05,0.0,-1.0
050124_KL005_TimeOut_Opaque_TrNum6,2024-05-01,KL005B-KL005Y,Training Partner,opaque,30.000531309105877,levPress,695.39,1.47000000000003,1,0.0,lev_bottom,lev_bottom,192.5008544921875,444.4156494140625,306.70751953125,376.5481262207031,132.8501525921058,0.0,0.05,0.0,-1.0
050124_KL005_TimeOut_Opaque_TrNum6,2024-05-01,KL005B-KL005Y,Training Partner,opaque,30.000531309105877,interaction,695.9876738470435,,15,,lev_bottom,lev_bottom,206.42295837402344,460.517822265625,240.50221252441406,372.54193115234375,94.34592190774774,,,,
050124_KL005_TimeOut_Opaque_TrNum6,2024-05-01,KL005B-KL005Y,Training Partner,opaque,30.000531309105877,magEntry,700.04,35.1999999999999,0,1.0,mid,mag_top,836.4656982421875,384.2847595214844,1208.5960693359375,212.48094177246094,409.8750600896714,0.0,0.05,,-1.0
050124_KL005_TimeOut_Opaque_TrNum6,2024-05-01,KL005B-KL005Y,Training Partner,opaque,30.000531309105877,interaction,705.220843658137,,72,,lev_top,lev_top,212.6007537841797,248.50625610351562,172.35281372070312,182.4783935546875,77.32771373912551,,,,
050124_KL005_TimeOut_Opaque_TrNum6,2024-05-01,KL005B-KL005Y,Training Partner,opaque,30.000531309105877,levPress,705.32,3.23000000000002,1,1.0,lev_top,lev_top,212.60989379882812,248.52633666992188,174.1260392885367,187.48143288668024,72.16292216834422,0.0,0.24,0.0,1.0
050124_KL005_TimeOut_Opaque_TrNum6,2024-05-01,KL005B-KL005Y,Training Partner,opaque,30.000531309105877,levPress,705.92,3.82999999999993,1,0.0,lev_top,lev_top,224.4732208251953,246.65695190429688,172.73655706053518,213.43239380622492,61.48620689479598,0.0,0.24,0.0,-1.0
050124_KL005_TimeOut_Opaque_TrNum6,2024-05-01,KL005B-KL005Y,Training Partner,opaque,30.000531309105877,levPress,719.06,4.28999999999996,1,0.0,lev_bottom,mag_top,184.4846954345703,460.4596862792969,1188.5828857421875,212.4648895263672,1034.2700783623002,0.0,0.0,0.0,1.0
050124_KL005_TimeOut_Opaque_TrNum6,2024-05-01,KL005B-KL005Y,Training Partner,opaque,30.000531309105877,levPress,720.24,5.47000000000003,1,0.0,lev_bottom,mag_top,198.91879176691336,462.9021742701617,1116.388427734375,256.5318603515625,940.3931302328446,0.0,0.0,0.0,-1.0
050124_KL005_TimeOut_Opaque_TrNum6,2024-05-01,KL005B-KL005Y,Training Partner,opaque,30.000531309105877,levPress,720.47,5.70000000000005,1,0.0,lev_bottom,mid,220.84837623243385,453.5707364884857,952.6598510742188,236.34185791015625,763.3717445638836,0.0,0.0,0.0,-1.0
050124_KL005_TimeOut_Opaque_TrNum6,2024-05-01,KL005B-KL005Y,Training Partner,opaque,30.000531309105877,levPress,727.72,2.00999999999999,1,0.0,lev_bottom,mag_bottom,188.58668518066406,512.4017333984375,1200.4847412109375,444.55169677734375,1014.170253590259,0.0,0.0,0.0,1.0
050124_KL005_TimeOut_Opaque_TrNum6,2024-05-01,KL005B-KL005Y,Training Partner,opaque,30.000531309105877,magEntry,727.76,62.92,0,1.0,lev_bottom,mag_bottom,188.4501495361328,510.46044921875,1216.3988037109375,448.32763671875,1029.824704505069,0.0,0.0,,-1.0
050124_KL005_TimeOut_Opaque_TrNum6,2024-05-01,KL005B-KL005Y,Training Partner,opaque,30.000531309105877,levPress,728.82,3.11000000000001,1,0.0,lev_bottom,mag_top,182.3400512739818,479.83755552446263,1064.4169921875,220.68495178222656,919.3583641419328,0.0,0.0,0.0,-1.0
050124_KL005_TimeOut_Opaque_TrNum6,2024-05-01,KL005B-KL005Y,Training Partner,opaque,30.000531309105877,magEntry,729.08,64.24,0,1.0,lev_bottom,mag_top,188.32143892178942,478.48477301372577,1216.48681640625,208.36509704589844,1063.0562933366828,0.0,0.0,,-1.0
050124_KL005_TimeOut_Opaque_TrNum6,2024-05-01,KL005B-KL005Y,Training Partner,opaque,30.000531309105877,levPress,739.37,0.700000000000045,1,0.0,lev_bottom,lev_top,192.37957763671875,446.4007263183594,180.5364990234375,246.51263427734375,200.23862726966018,0.008333333333333333,0.0,1.0,1.0
050124_KL005_TimeOut_Opaque_TrNum6,2024-05-01,KL005B-KL005Y,Training Partner,opaque,30.000531309105877,levPress,739.85,1.18000000000006,1,1.0,lev_bottom,lev_top,198.2389944349954,440.77020156067204,178.56832885742188,228.44857788085938,213.23087714094484,0.008333333333333333,0.0,1.0,1.0
050124_KL005_TimeOut_Opaque_TrNum6,2024-05-01,KL005B-KL005Y,Training Partner,opaque,30.000531309105877,levPress,740.03,1.36000000000001,1,1.0,lev_bottom,lev_top,200.4275360107422,440.46099853515625,172.58392333984375,220.5580596923828,221.65867742602717,0.008333333333333333,0.0,1.0,-2.0
050124_KL005_TimeOut_Opaque_TrNum6,2024-05-01,KL005B-KL005Y,Training Partner,opaque,30.000531309105877,gaze,744.0868219965304,,5,1.0,mag_bottom,mag_top,1224.397705078125,446.4189758300781,1196.6085205078125,220.4478759765625,227.6733992984038,,,,
050124_KL005_TimeOut_Opaque_TrNum6,2024-05-01,KL005B-KL005Y,Training Partner,opaque,30.000531309105877,interaction,754.719967013638,,5,,mid,mid,818.3961181640625,320.6204528808594,892.4361572265625,236.57177734375,112.00940694387599,,,,
050124_KL005_TimeOut_Opaque_TrNum6,2024-05-01,KL005B-KL005Y,Training Partner,opaque,30.000531309105877,interaction,756.1532749626524,,3,,mid,mid,936.6150512695312,242.5802764892578,901.4191084187519,226.47676843839702,38.70500438831478,,,,
050124_KL005_TimeOut_Opaque_TrNum6,2024-05-01,KL005B-KL005Y,Training Partner,opaque,30.000531309105877,interaction,757.3532537106646,,74,,mid,mid,928.5668334960938,246.62356567382812,912.0723239293078,214.61065238201104,36.012434842401206,,,,
050124_KL005_TimeOut_Opaque_TrNum6,2024-05-01,KL005B-KL005Y,Training Partner,opaque,30.000531309105877,levPress,762.89,13.22,1,1.0,mid,lev_top,380.5348205566406,516.4577026367188,172.63258361816406,196.638427734375,381.4547269638736,0.015,0.19333333333333333,1.0,1.0
050124_KL005_TimeOut_Opaque_TrNum6,2024-05-01,KL005B-KL005Y,Training Partner,opaque,30.000531309105877,levPress,763.47,13.8000000000001,1,1.0,lev_bottom,lev_top,184.6390380859375,450.4361267089844,172.5556182861328,220.40676879882812,230.34650970791174,0.035,0.13666666666666666,1.0,-1.0
050124_KL005_TimeOut_Opaque_TrNum6,2024-05-01,KL005B-KL005Y,Training Partner,opaque,30.000531309105877,levPress,763.61,13.9400000000001,1,0.0,lev_bottom,lev_top,188.49560546875,448.5562744140625,172.57565307617188,220.37319946289062,228.73775503478666,0.035,0.12333333333333334,1.0,1.0
050124_KL005_TimeOut_Opaque_TrNum6,2024-05-01,KL005B-KL005Y,Training Partner,opaque,30.000531309105877,levPress,763.66,13.99,1,1.0,lev_bottom,lev_top,196.56175231933594,452.34661865234375,168.45310974121094,216.4854736328125,237.5301570696006,0.035,0.11666666666666667,1.0,-2.0
050124_KL005_TimeOut_Opaque_TrNum6,2024-05-01,KL005B-KL005Y,Training Partner,opaque,30.000531309105877,magEntry,766.6,1.80000000000007,0,0.0,mag_bottom,mag_top,1216.3328857421875,440.6632080078125,1216.49169921875,220.6362762451172,220.02698907776318,0.035,0.0,,1.0
050124_KL005_TimeOut_Opaque_TrNum6,2024-05-01,KL005B-KL005Y,Training Partner,opaque,30.000531309105877,gaze,767.5864058117681,,21,1.0,mag_bottom,mag_top,1214.6591796875,432.4361572265625,1164.5062255859375,240.51600646972656,198.36497440737887,,,,
050124_KL005_TimeOut_Opaque_TrNum6,2024-05-01,KL005B-KL005Y,Training Partner,opaque,30.000531309105877,levPress,776.68,1.16999999999996,1,1.0,mag_top,lev_top,1200.612060546875,192.51296997070312,170.68824768066406,216.50746154785156,1030.203278938152,0.0,0.0,0.0,1.0
050124_KL005_TimeOut_Opaque_TrNum6,2024-05-01,KL005B-KL005Y,Training Partner,opaque,30.000531309105877,levPress,776.92,1.40999999999997,1,1.0,mag_top,lev_top,1204.5269775390625,200.46820068359375,172.48886108398438,226.50746154785156,1032.3665613155545,0.0,0.0,0.0,-1.0
050124_KL005_TimeOut_Opaque_TrNum6,2024-05-01,KL005B-KL005Y,Training Partner,opaque,30.000531309105877,levPress,777.3,1.78999999999996,1,1.0,mag_top,lev_top,1200.439208984375,208.42613220214844,168.37940979003906,222.4581756591797,1032.1551856947835,0.0,0.0,0.0,-1.0
050124_KL005_TimeOut_Opaque_TrNum6,2024-05-01,KL005B-KL005Y,Training Partner,opaque,30.000531309105877,magEntry,778.49,13.6900000000001,0,0.0,mag_top,lev_top,1212.458251953125,202.54454040527344,188.42449951171875,182.53297424316406,1024.2292657991607,0.0,0.0,,1.0
050124_KL005_TimeOut_Opaque_TrNum6,2024-05-01,KL005B-KL005Y,Training Partner,opaque,30.000531309105877,levPress,784.82,1.29000000000008,1,0.0,lev_bottom,lev_top,188.5606689453125,490.66558837890625,200.43934631347656,214.45797729492188,276.4629222820639,0.0,0.0,1.0,1.0
050124_KL005_TimeOut_Opaque_TrNum6,2024-05-01,KL005B-KL005Y,Training Partner,opaque,30.000531309105877,levPress,785.51,1.98000000000002,1,1.0,lev_bottom,lev_top,170.9479522705078,494.6357421875,168.63214111328125,216.35618591308594,278.2891920675338,0.0016666666666666668,0.0,1.0,1.0
050124_KL005_TimeOut_Opaque_TrNum6,2024-05-01,KL005B-KL005Y,Training Partner,opaque,30.000531309105877,levPress,785.63,2.10000000000002,1,1.0,lev_bottom,lev_top,167.5237447550364,491.4423084740331,162.40969848632812,216.42042541503906,275.06942692810026,0.008333333333333333,0.0,1.0,-2.0
050124_KL005_TimeOut_Opaque_TrNum6,2024-05-01,KL005B-KL005Y,Training Partner,opaque,30.000531309105877,magEntry,788.52,0.960000000000036,0,0.0,mag_bottom,mag_top,1220.507080078125,440.62060546875,1228.501708984375,210.54261779785156,230.21684235094256,0.07166666666666667,0.0,,1.0
050124_KL005_TimeOut_Opaque_TrNum6,2024-05-01,KL005B-KL005Y,Training Partner,opaque,30.000531309105877,gaze,790.4526675099995,,43,1.0,mag_bottom,mag_top,1200.6358642578125,440.5772705078125,1156.0209816826984,217.9797463940568,227.02454820738058,,,,
050124_KL005_TimeOut_Opaque_TrNum6,2024-05-01,KL005B-KL005Y,Training Partner,opaque,30.000531309105877,levPress,795.68,0.989999999999895,1,1.0,mid,lev_top,988.4877319335938,456.4481201171875,180.3957061767578,212.3292236328125,844.1603862492813,0.06166666666666667,0.0,0.0,1.0
050124_KL005_TimeOut_Opaque_TrNum6,2024-05-01,KL005B-KL005Y,Training Partner,opaque,30.000531309105877,levPress,795.9,1.20999999999992,1,1.0,mid,lev_top,876.4852294921875,368.49041748046875,172.4451904296875,218.4447479248047,719.851428807038,0.05,0.0,0.0,-1.0
050124_KL005_TimeOut_Opaque_TrNum6,2024-05-01,KL005B-KL005Y,Training Partner,opaque,30.000531309105877,levPress,796.03,1.33999999999992,1,1.0,mid,lev_top,820.4706420898438,324.43505859375,172.6011505126953,220.466796875,656.1587289377862,0.043333333333333335,0.0,0.0,-1.0
050124_KL005_TimeOut_Opaque_TrNum6,2024-05-01,KL005B-KL005Y,Training Partner,opaque,30.000531309105877,levPress,796.41,1.71999999999991,1,1.0,mid,lev_top,616.5239868164062,236.474853515625,164.5897674560547,218.54771423339844,452.2896427641194,0.025,0.0,0.0,-1.0
050124_KL005_TimeOut_Opaque_TrNum6,2024-05-01,KL005B-KL005Y,Training Partner,opaque,30.000531309105877,magEntry,800.72,13.1600000000001,0,0.0,mag_top,lev_top,1208.480224609375,208.51708984375,180.38331604003906,200.52674865722656,1028.1279584575564,0.0,0.0,,1.0
050124_KL005_TimeOut_Opaque_TrNum6,2024-05-01,KL005B-KL005Y,Training Partner,opaque,30.000531309105877,magEntry,802.88,15.3200000000001,0,0.0,mag_top,lev_top,1220.30126953125,198.69845581054688,186.534423828125,208.3976287841797,1033.8123452693728,0.0,0.0,,-1.0
050124_KL005_TimeOut_Opaque_TrNum6,2024-05-01,KL005B-KL005Y,Training Partner,opaque,30.000531309105877,levPress,803.88,1.45000000000005,1,1.0,mag_top,lev_top,1068.599853515625,228.60458374023438,176.43345642089844,228.4910430908203,892.1664043195442,0.0,0.0,0.0,1.0
050124_KL005_TimeOut_Opaque_TrNum6,2024-05-01,KL005B-KL005Y,Training Partner,opaque,30.000531309105877,levPress,813.97,0.740000000000009,1,,mid,mid,408.62957763671875,192.33837890625,382.91342234974707,98.99902037868857,96.8171291305433,0.0,0.0,0.0,1.0
050124_KL005_TimeOut_Opaque_TrNum6,2024-05-01,KL005B-KL005Y,Training Partner,opaque,30.000531309105877,levPress,814.33,1.10000000000002,1,,mid,mid,422.37799072265625,240.56423950195312,376.7729835701983,82.33972063586089,164.66576768649313,0.0,0.0,0.0,-1.0
050124_KL005_TimeOut_Opaque_TrNum6,2024-05-01,KL005B-KL005Y,Training Partner,opaque,30.000531309105877,levPress,815.11,1.88,1,0.0,lev_bottom,lev_top,167.10458960899024,453.7155859517537,172.57077026367188,212.4892578125,241.288251928055,0.0,0.0,0.0,-1.0
050124_KL005_TimeOut_Opaque_TrNum6,2024-05-01,KL005B-KL005Y,Training Partner,opaque,30.000531309105877,levPress,822.88,1.25999999999999,1,1.0,mag_bottom,lev_top,1198.536865234375,440.5101318359375,176.45726013183594,208.50547790527344,1048.0805687598875,0.0,0.0,0.0,1.0
050124_KL005_TimeOut_Opaque_TrNum6,2024-05-01,KL005B-KL005Y,Training Partner,opaque,30.000531309105877,levPress,823.46,1.84000000000003,1,1.0,mag_bottom,lev_top,1150.5633544921875,420.361572265625,176.41470336914062,228.33958435058594,992.8937699108072,0.0,0.0,0.0,-1.0
050124_KL005_TimeOut_Opaque_TrNum6,2024-05-01,KL005B-KL005Y,Training Partner,opaque,30.000531309105877,magEntry,826.03,38.47,0,0.0,mag_top,lev_top,1216.350830078125,212.3577117919922,176.59622192382812,208.53919982910156,1039.7616198974197,0.0,0.0,,-1.0
050124_KL005_TimeOut_Opaque_TrNum6,2024-05-01,KL005B-KL005Y,Training Partner,opaque,30.000531309105877,levPress,832.24,3.21000000000004,1,0.0,lev_bottom,mid,200.4187469482422,440.5357971191406,546.3001795675234,190.59399944331184,426.73746924331743,0.0,0.0,0.0,1.0
050124_KL005_TimeOut_Opaque_TrNum6,2024-05-01,KL005B-KL005Y,Training Partner,opaque,30.000531309105877,levPress,841.74,1.25,1,1.0,mid,lev_bottom,788.6831665039062,460.36260986328125,172.30162048339844,470.479248046875,616.4645623576178,0.0,0.0,0.0,1.0
050124_KL005_TimeOut_Opaque_TrNum6,2024-05-01,KL005B-KL005Y,Training Partner,opaque,30.000531309105877,levPress,841.96,1.47000000000003,1,1.0,mid,lev_bottom,784.6161499023438,460.50274658203125,178.39889526367188,456.58935546875,606.2298858120192,0.0,0.0,0.0,-1.0
050124_KL005_TimeOut_Opaque_TrNum6,2024-05-01,KL005B-KL005Y,Training Partner,opaque,30.000531309105877,levPress,842.35,1.86000000000001,1,1.0,mid,lev_bottom,820.3980102539062,440.527099609375,176.42784118652344,456.626953125,644.1713932890052,0.0,0.0,0.0,-1.0
050124_KL005_TimeOut_Opaque_TrNum6,2024-05-01,KL005B-KL005Y,Training Partner,opaque,30.000531309105877,levPress,842.66,2.16999999999996,1,1.0,mid,lev_bottom,860.3456420898438,378.37274169921875,192.4266815185547,448.6661682128906,671.6077007462497,0.0,0.0,0.0,-1.0
050124_KL005_TimeOut_Opaque_TrNum6,2024-05-01,KL005B-KL005Y,Training Partner,opaque,30.000531309105877,levPress,843.03,2.53999999999996,1,1.0,mid,lev_bottom,858.52392578125,368.55908203125,184.62034606933594,436.59832763671875,677.3295901487646,0.0,0.0,0.0,-1.0
050124_KL005_TimeOut_Opaque_TrNum6,2024-05-01,KL005B-KL005Y,Training Partner,opaque,30.000531309105877,interaction,848.5183058165871,,4,,mag_top,mag_top,1072.3990478515625,168.47653198242188,1071.8163979723652,176.1347691343137,7.6803695976394835,,,,
050124_KL005_TimeOut_Opaque_TrNum6,2024-05-01,KL005B-KL005Y,Training Partner,opaque,30.000531309105877,magEntry,850.61,63.0500000000001,0,1.0,mid,mag_top,550.5055321683383,118.82307079711097,1216.441650390625,216.6269073486328,673.0798645013564,0.0,0.013333333333333334,,-1.0
050124_KL005_TimeOut_Opaque_TrNum6,2024-05-01,KL005B-KL005Y,Training Partner,opaque,30.000531309105877,levPress,853.21,3.22000000000003,1,1.0,lev_bottom,lev_top,188.41041564941406,458.448486328125,172.52859497070312,204.5545196533203,254.39020921005894,0.0,0.013333333333333334,1.0,1.0
050124_KL005_TimeOut_Opaque_TrNum6,2024-05-01,KL005B-KL005Y,Training Partner,opaque,30.000531309105877,levPress,853.37,3.38,1,0.0,lev_bottom,lev_top,188.5410614013672,444.51483154296875,176.47642517089844,200.57037353515625,244.24261307171386,0.0,0.013333333333333334,1.0,1.0
050124_KL005_TimeOut_Opaque_TrNum6,2024-05-01,KL005B-KL005Y,Training Partner,opaque,30.000531309105877,magEntry,856.74,1.27999999999997,0,0.0,mag_bottom,mag_top,1214.45361328125,444.61212158203125,1234.3692626953125,210.61386108398438,234.8442441442746,0.0,0.0,,1.0
050124_KL005_TimeOut_Opaque_TrNum6,2024-05-01,KL005B-KL005Y,Training Partner,opaque,30.000531309105877,levPress,866.7,0.75,1,1.0,mid,lev_top,774.501220703125,284.4785461425781,186.69520568847656,180.388671875,596.9510978400504,0.0,0.0,0.0,1.0
050124_KL005_TimeOut_Opaque_TrNum6,2024-05-01,KL005B-KL005Y,Training Partner,opaque,30.000531309105877,levPress,866.85,0.899999999999977,1,1.0,mid,lev_top,776.373046875,288.4268798828125,190.6958770751953,180.52426147460938,595.5339807971125,0.0,0.0,0.0,-1.0
050124_KL005_TimeOut_Opaque_TrNum6,2024-05-01,KL005B-KL005Y,Training Partner,opaque,30.000531309105877,levPress,867.39,1.43999999999994,1,1.0,mid,lev_top,744.6265869140625,228.52932739257812,176.6370086669922,212.433837890625,568.2175866510929,0.0,0.0,0.0,-1.0
050124_KL005_TimeOut_Opaque_TrNum6,2024-05-01,KL005B-KL005Y,Training Partner,opaque,30.000531309105877,levPress,867.54,1.58999999999992,1,1.0,mid,lev_top,724.4456176757812,212.6686553955078,176.58900451660156,216.52418518066406,547.8701795974766,0.0,0.0,0.0,-1.0
050124_KL005_TimeOut_Opaque_TrNum6,2024-05-01,KL005B-KL005Y,Training Partner,opaque,30.000531309105877,magEntry,871.28,15.8199999999999,0,1.0,lev_bottom,mag_top,194.2417755126953,476.6214599609375,1212.597412109375,208.58807373046875,1053.0385077110905,0.0,0.0,,1.0
050124_KL005_TimeOut_Opaque_TrNum6,2024-05-01,KL005B-KL005Y,Training Partner,opaque,30.000531309105877,levPress,879.44,1.99000000000001,1,1.0,lev_bottom,lev_top,188.62461853027344,428.62384033203125,176.56036376953125,212.37884521484375,216.58126455481909,0.0,0.0,0.0,1.0
050124_KL005_TimeOut_Opaque_TrNum6,2024-05-01,KL005B-KL005Y,Training Partner,opaque,30.000531309105877,levPress,879.93,2.4799999999999,1,1.0,lev_bottom,lev_top,186.4573516845703,430.47784423828125,172.52330017089844,220.46072387695312,210.47885555668114,0.0,0.0,0.0,-1.0
050124_KL005_TimeOut_Opaque_TrNum6,2024-05-01,KL005B-KL005Y,Training Partner,opaque,30.000531309105877,levPress,880.27,2.81999999999994,1,1.0,lev_bottom,lev_top,190.50527954101562,438.494873046875,172.62124633789062,226.34149169921875,212.90583801496504,0.0,0.0,0.0,-1.0
050124_KL005_TimeOut_Opaque_TrNum6,2024-05-01,KL005B-KL005Y,Training Partner,opaque,30.000531309105877,levPress,880.5,3.04999999999995,1,0.0,lev_bottom,lev_top,192.52210998535156,448.43353271484375,180.42047119140625,212.4703826904297,236.27326939572166,0.0,0.0,0.0,1.0
050124_KL005_TimeOut_Opaque_TrNum6,2024-05-01,KL005B-KL005Y,Training Partner,opaque,30.000531309105877,levPress,890.48,1.19000000000005,1,1.0,mid,lev_top,850.5740966796875,320.28839111328125,176.57415771484375,212.36236572265625,682.5862177639034,0.0,0.0,0.0,1.0
050124_KL005_TimeOut_Opaque_TrNum6,2024-05-01,KL005B-KL005Y,Training Partner,opaque,30.000531309105877,levPress,890.88,1.59000000000003,1,1.0,mid,lev_top,854.5228271484375,316.2694091796875,172.50001525878906,230.4322509765625,687.4031813035572,0.0,0.0,0.0,-1.0
050124_KL005_TimeOut_Opaque_TrNum6,2024-05-01,KL005B-KL005Y,Training Partner,opaque,30.000531309105877,magEntry,897.66,42.1999999999999,0,1.0,lev_top,mag_top,200.3383331298828,168.56158447265625,1212.52392578125,208.64231872558594,1012.9788444134722,0.0,0.0,,-1.0
050124_KL005_TimeOut_Opaque_TrNum6,2024-05-01,KL005B-KL005Y,Training Partner,opaque,30.000531309105877,levPress,902.14,1.30999999999995,1,0.0,lev_bottom,mag_top,178.6136474609375,516.5122680664062,1236.3099365234375,200.5811004638672,1103.8722492024551,0.0,0.0,0.0,1.0
050124_KL005_TimeOut_Opaque_TrNum6,2024-05-01,KL005B-KL005Y,Training Partner,opaque,30.000531309105877,levPress,911.77,2.38,1,0.0,lev_bottom,lev_top,188.56387329101562,456.448974609375,168.46286010742188,212.5049285888672,244.77080773626304,0.0,0.0,0.0,1.0
050124_KL005_TimeOut_Opaque_TrNum6,2024-05-01,KL005B-KL005Y,Training Partner,opaque,30.000531309105877,levPress,912.85,3.46000000000004,1,1.0,lev_bottom,lev_top,198.59584045410156,452.3788146972656,170.6973419189453,210.6119842529297,243.371170280328,0.0,0.0,0.0,1.0
050124_KL005_TimeOut_Opaque_TrNum6,2024-05-01,KL005B-KL005Y,Training Partner,opaque,30.000531309105877,magEntry,919.74,64.28,0,1.0,lev_bottom,mag_bottom,188.34878540039062,436.45855712890625,1210.51513671875,436.6383361816406,1022.1663671281674,0.0,0.0,,-1.0
050124_KL005_TimeOut_Opaque_TrNum6,2024-05-01,KL005B-KL005Y,Training Partner,opaque,30.000531309105877,magEntry,923.55,68.0899999999999,0,1.0,lev_bottom,mag_top,188.52685546875,440.51513671875,1212.4588623046875,212.5907440185547,1048.9929853963863,0.0,0.0,,-1.0
050124_KL005_TimeOut_Opaque_TrNum6,2024-05-01,KL005B-KL005Y,Training Partner,opaque,30.000531309105877,levPress,923.68,0.8599999999999,1,0.0,lev_bottom,mag_top,184.503173828125,446.45831298828125,1220.513916015625,212.62098693847656,1062.072574253764,0.0,0.0,0.0,1.0
050124_KL005_TimeOut_Opaque_TrNum6,2024-05-01,KL005B-KL005Y,Training Partner,opaque,30.000531309105877,levPress,935.73,1.30000000000007,1,0.0,lev_bottom,lev_top,175.949370214084,442.63460542861424,184.597900390625,168.5642547607422,274.20677269065567,0.0,0.0,1.0,1.0
050124_KL005_TimeOut_Opaque_TrNum6,2024-05-01,KL005B-KL005Y,Training Partner,opaque,30.000531309105877,levPress,936.5,2.07000000000005,1,1.0,lev_bottom,lev_top,199.10405425381487,447.06702009650564,176.41348266601562,224.55943298339844,223.66154868881247,0.0,0.0,1.0,1.0
050124_KL005_TimeOut_Opaque_TrNum6,2024-05-01,KL005B-KL005Y,Training Partner,opaque,30.000531309105877,magEntry,938.89,0.789999999999964,0,1.0,mag_bottom,mag_top,1082.554931640625,440.65997314453125,1220.367431640625,208.5903778076172,269.90476512297636,0.006666666666666667,0.0,,1.0
050124_KL005_TimeOut_Opaque_TrNum6,2024-05-01,KL005B-KL005Y,Training Partner,opaque,30.000531309105877,magEntry,939.28,1.17999999999995,0,0.0,mag_bottom,mag_top,1212.498779296875,444.62249755859375,1236.5111083984375,212.51852416992188,233.34276592963204,0.006666666666666667,0.0,,1.0
050124_KL005_TimeOut_Opaque_TrNum6,2024-05-01,KL005B-KL005Y,Training Partner,opaque,30.000531309105877,magEntry,940.33,2.23000000000002,0,0.0,mag_bottom,mag_top,1216.6058349609375,440.62091064453125,1226.56298828125,204.5682373046875,236.262585893601,0.006666666666666667,0.0,,-1.0
050124_KL005_TimeOut_Opaque_TrNum6,2024-05-01,KL005B-KL005Y,Training Partner,opaque,30.000531309105877,gaze,943.749952568551,,4,0.0,mag_bottom,mag_top,1208.5718994140625,398.4837646484375,1176.4202880859375,200.29246520996094,200.7822633703154,,,,
050124_KL005_TimeOut_Opaque_TrNum6,2024-05-01,KL005B-KL005Y,Training Partner,opaque,30.000531309105877,levPress,949.13,1.34000000000003,1,1.0,mid,lev_top,830.6918334960938,368.3785400390625,180.46937561035156,216.60218811035156,667.7015094664409,0.0,0.0,0.0,1.0
050124_KL005_TimeOut_Opaque_TrNum6,2024-05-01,KL005B-KL005Y,Training Partner,opaque,30.000531309105877,levPress,950.02,2.23000000000002,1,1.0,mid,lev_top,862.427001953125,276.56463623046875,172.54241943359375,220.52976989746094,692.1565165792388,0.0,0.0,0.0,-1.0
050124_KL005_TimeOut_Opaque_TrNum6,2024-05-01,KL005B-KL005Y,Training Partner,opaque,30.000531309105877,levPress,957.22,0.639999999999986,1,0.0,lev_bottom,mid,190.4334716796875,474.598388671875,692.3462524414062,376.51287841796875,511.4070852205025,0.0,0.0,0.0,1.0
050124_KL005_TimeOut_Opaque_TrNum6,2024-05-01,KL005B-KL005Y,Training Partner,opaque,30.000531309105877,levPress,957.4,0.819999999999936,1,0.0,lev_bottom,mid,190.55673217773438,482.391357421875,888.5477294921875,408.3797912597656,701.9039423295707,0.0,0.0,0.0,-1.0
050124_KL005_TimeOut_Opaque_TrNum6,2024-05-01,KL005B-KL005Y,Training Partner,opaque,30.000531309105877,levPress,957.84,1.25999999999999,1,0.0,lev_bottom,mag_bottom,184.43475341796875,512.3828125,1194.450439453125,444.62017822265625,1012.286254298295,0.0,0.0,0.0,-1.0
050124_KL005_TimeOut_Opaque_TrNum6,2024-05-01,KL005B-KL005Y,Training Partner,opaque,30.000531309105877,levPress,958.54,1.95999999999992,1,0.0,lev_bottom,mid,200.65858459472656,514.506103515625,958.440185546875,372.4846496582031,770.9753874783403,0.0,0.0,0.0,-1.0
050124_KL005_TimeOut_Opaque_TrNum6,2024-05-01,KL005B-KL005Y,Training Partner,opaque,30.000531309105877,levPress,958.8,2.21999999999991,1,0.0,lev_bottom,mid,200.56466674804688,496.4605712890625,792.4767456054688,284.521728515625,628.7113663466398,0.0,0.0,0.0,-1.0
050124_KL005_TimeOut_Opaque_TrNum6,2024-05-01,KL005B-KL005Y,Training Partner,opaque,30.000531309105877,levPress,967.62,0.649999999999977,1,,lev_bottom,mid,190.55982971191406,460.3562927246094,392.6168518066406,260.4078674316406,284.2646881955737,0.0,0.0,1.0,1.0
050124_KL005_TimeOut_Opaque_TrNum6,2024-05-01,KL005B-KL005Y,Training Partner,opaque,30.000531309105877,levPress,968.33,1.36000000000001,1,1.0,lev_bottom,lev_top,190.6832275390625,440.48260498046875,172.50547790527344,220.42922973632812,220.80289522125221,0.0,0.0,1.0,1.0
050124_KL005_TimeOut_Opaque_TrNum6,2024-05-01,KL005B-KL005Y,Training Partner,opaque,30.000531309105877,magEntry,971.19,1.2600000000001,0,0.0,mag_bottom,mag_top,1216.40185546875,442.5992736816406,1208.652099609375,216.50726318359375,226.22479069927076,0.0,0.0,,1.0
050124_KL005_TimeOut_Opaque_TrNum6,2024-05-01,KL005B-KL005Y,Training Partner,opaque,30.000531309105877,magEntry,971.25,1.32000000000005,0,1.0,mag_bottom,mag_top,1220.3626708984375,446.360107421875,1230.3963623046875,208.58644104003906,237.9852755695118,0.0,0.0,,1.0
050124_KL005_TimeOut_Opaque_TrNum6,2024-05-01,KL005B-KL005Y,Training Partner,opaque,30.000531309105877,levPress,980.93,0.870000000000005,1,0.0,lev_bottom,lev_top,188.43484497070312,456.6485900878906,200.53192138671875,192.4424591064453,264.4829274376695,0.0,0.0,1.0,1.0
050124_KL005_TimeOut_Opaque_TrNum6,2024-05-01,KL005B-KL005Y,Training Partner,opaque,30.000531309105877,levPress,981.34,1.28000000000009,1,1.0,lev_bottom,lev_top,186.4295196533203,456.37811279296875,180.3556671142578,220.63507080078125,235.82127455426186,0.0,0.0,1.0,1.0
050124_KL005_TimeOut_Opaque_TrNum6,2024-05-01,KL005B-KL005Y,Training Partner,opaque,30.000531309105877,levPress,981.66,1.60000000000002,1,0.0,lev_bottom,lev_top,168.64816284179688,450.477294921875,184.49276733398438,212.42044067382812,238.58356470215983,0.0,0.0,1.0,-2.0
050124_KL005_TimeOut_Opaque_TrNum6,2024-05-01,KL005B-KL005Y,Training Partner,opaque,30.000531309105877,magEntry,983.66,1.13999999999999,0,1.0,mag_bottom,mag_top,1132.373046875,436.4866943359375,1218.5294189453125,222.51541137695312,230.66562461587526,0.0,0.0,,1.0
050124_KL005_TimeOut_Opaque_TrNum6,2024-05-01,KL005B-KL005Y,Training Partner,opaque,30.000531309105877,magEntry,983.9,1.38,0,0.0,mag_bottom,mag_top,1216.389892578125,442.363525390625,1228.3602294921875,210.55081176757812,232.12156979289304,0.0,0.0,,1.0
050124_KL005_TimeOut_Opaque_TrNum6,2024-05-01,KL005B-KL005Y,Training Partner,opaque,30.000531309105877,levPress,992.86,1.45000000000005,1,1.0,lev_bottom,lev_top,188.6455841064453,500.42266845703125,180.40151977539062,208.61627197265625,291.9228282027475,0.0,0.0,1.0,1.0
050124_KL005_TimeOut_Opaque_TrNum6,2024-05-01,KL005B-KL005Y,Training Partner,opaque,30.000531309105877,levPress,992.94,1.53000000000009,1,0.0,lev_bottom,lev_top,184.6046905517578,498.52642822265625,172.63668823242188,212.3810272216797,286.39557188183846,0.0,0.0,1.0,1.0
050124_KL005_TimeOut_Opaque_TrNum6,2024-05-01,KL005B-KL005Y,Training Partner,opaque,30.000531309105877,levPress,993.08,1.67000000000007,1,1.0,lev_bottom,lev_top,184.4235382080078,500.49365234375,176.42518615722656,212.48460388183594,288.12008890645825,0.0,0.0,1.0,-2.0
050124_KL005_TimeOut_Opaque_TrNum6,2024-05-01,KL005B-KL005Y,Training Partner,opaque,30.000531309105877,levPress,1005.78,0.740000000000009,1,1.0,lev_bottom,lev_top,192.64552307128906,470.60528564453125,190.45545959472656,180.51022338867188,290.10332904546664,0.0,0.0,1.0,1.0
050124_KL005_TimeOut_Opaque_TrNum6,2024-05-01,KL005B-KL005Y,Training Partner,opaque,30.000531309105877,levPress,1005.79,0.75,1,0.0,lev_bottom,lev_top,196.49560546875,474.4620361328125,190.70355224609375,180.3639678955078,294.15509790151253,0.0,0.0,1.0,1.0
050124_KL005_TimeOut_Opaque_TrNum6,2024-05-01,KL005B-KL005Y,Training Partner,opaque,30.000531309105877,levPress,1006.04,1.0,1,1.0,lev_bottom,lev_top,204.443359375,484.3642883300781,200.62525939941406,180.5106658935547,303.87760982872845,0.0,0.0,1.0,-2.0
050124_KL005_TimeOut_Opaque_TrNum6,2024-05-01,KL005B-KL005Y,Training Partner,opaque,30.000531309105877,levPress,1006.32,1.28000000000009,1,1.0,lev_bottom,lev_top,204.55543518066406,490.6398620605469,202.4351348876953,184.44337463378906,306.20382849634166,0.0,0.0,1.0,-2.0
050124_KL005_TimeOut_Opaque_TrNum6,2024-05-01,KL005B-KL005Y,Training Partner,opaque,30.000531309105877,levPress,1006.38,1.34000000000003,1,0.0,lev_bottom,lev_top,202.49856567382812,490.53997802734375,204.39463806152344,184.4459686279297,306.099881869804,0.0,0.0,1.0,-2.0
050124_KL005_TimeOut_Opaque_TrNum6,2024-05-01,KL005B-KL005Y,Training Partner,opaque,30.000531309105877,magEntry,1008.03,0.139999999999986,0,1.0,mid,mag_top,374.48321533203125,440.6181640625,1218.7191162109375,218.66452026367188,872.9247827438487,0.0,0.006666666666666667,,1.0
050124_KL005_TimeOut_Opaque_TrNum6,2024-05-01,KL005B-KL005Y,Training Partner,opaque,30.000531309105877,magEntry,1009.28,1.38999999999999,0,0.0,mag_bottom,mag_top,1222.4105224609375,444.5133056640625,1224.5892333984375,220.3680877685547,224.1558062749521,0.0016666666666666668,0.08333333333333333,,1.0
050124_KL005_TimeOut_Opaque_TrNum6,2024-05-01,KL005B-KL005Y,Training Partner,opaque,30.000531309105877,interaction,1012.9487270372513,,21,,mid,mid,1024.580322265625,468.65972900390625,992.0273896358417,359.6273967788508,113.78814917746958,,,,
050124_KL005_TimeOut_Opaque_TrNum6,2024-05-01,KL005B-KL005Y,Training Partner,opaque,30.000531309105877,gaze,1013.615381897258,,1,0.0,mid,mid,954.4815673828125,268.28460693359375,1038.9103264197802,414.95032683534095,169.23075591280715,,,,
050124_KL005_TimeOut_Opaque_TrNum6,2024-05-01,KL005B-KL005Y,Training Partner,opaque,30.000531309105877,interaction,1013.9820420702617,,4,,mid,mag_bottom,960.4156494140625,268.5623779296875,1064.6959417778057,445.37793833851276,205.27572135582597,,,,
050124_KL005_TimeOut_Opaque_TrNum6,2024-05-01,KL005B-KL005Y,Training Partner,opaque,30.000531309105877,levPress,1018.1,0.800000000000068,1,0.0,lev_bottom,mag_top,194.40460205078125,482.54852294921875,1220.442626953125,218.52499389648438,1059.4632850830474,0.0016666666666666668,0.1,0.0,1.0
050124_KL005_TimeOut_Opaque_TrNum6,2024-05-01,KL005B-KL005Y,Training Partner,opaque,30.000531309105877,levPress,1018.54,1.24000000000001,1,0.0,lev_bottom,mag_top,192.01651812590646,505.2953331917998,1220.568115234375,214.4155731201172,1068.8916796073122,0.0016666666666666668,0.056666666666666664,0.0,-1.0
050124_KL005_TimeOut_Opaque_TrNum6,2024-05-01,KL005B-KL005Y,Training Partner,opaque,30.000531309105877,interaction,1022.6818879933497,,9,,lev_top,lev_top,316.4908752441406,136.3813018798828,230.4588060008229,145.71066392130595,86.53643125520581,,,,
050124_KL005_TimeOut_Opaque_TrNum6,2024-05-01,KL005B-KL005Y,Training Partner,opaque,30.000531309105877,gaze,1023.981864970363,,4,0.0,lev_top,lev_top,316.24565278912,130.49272385512612,232.34579124073343,156.14150680946693,87.73281504019646,,,,
050124_KL005_TimeOut_Opaque_TrNum6,2024-05-01,KL005B-KL005Y,Training Partner,opaque,30.000531309105877,gaze,1024.481856115368,,16,0.0,lev_top,lev_top,320.54742431640625,132.33804321289062,233.07155481433966,160.1533694756975,91.79172141456428,,,,
050124_KL005_TimeOut_Opaque_TrNum6,2024-05-01,KL005B-KL005Y,Training Partner,opaque,30.000531309105877,levPress,1027.97,0.819999999999936,1,0.0,lev_bottom,lev_top,196.4817352294922,442.5342712402344,196.47340393066406,200.43955993652344,242.09471144706504,0.03333333333333333,0.0033333333333333335,1.0,1.0
050124_KL005_TimeOut_Opaque_TrNum6,2024-05-01,KL005B-KL005Y,Training Partner,opaque,30.000531309105877,levPress,1028.06,0.909999999999854,1,1.0,lev_bottom,lev_top,206.32296752929688,452.48138427734375,200.57394409179688,200.58168029785156,251.9652994668923,0.03333333333333333,0.0,1.0,1.0
050124_KL005_TimeOut_Opaque_TrNum6,2024-05-01,KL005B-KL005Y,Training Partner,opaque,30.000531309105877,magEntry,1030.33,0.240000000000009,0,1.0,mid,mag_top,904.629638671875,452.46875,1222.7353515625,218.52809143066406,394.8664031106057,0.0,0.0,,1.0
050124_KL005_TimeOut_Opaque_TrNum6,2024-05-01,KL005B-KL005Y,Training Partner,opaque,30.000531309105877,magEntry,1031.03,0.940000000000055,0,0.0,mag_bottom,mag_top,1222.52001953125,444.4774169921875,1234.4151611328125,208.6848907470703,236.09237562186436,0.0,0.0,,1.0
050124_KL005_TimeOut_Opaque_TrNum6,2024-05-01,KL005B-KL005Y,Training Partner,opaque,30.000531309105877,magEntry,1031.28,1.19000000000005,0,0.0,mag_bottom,mag_top,1218.5509033203125,436.6454162597656,1228.5941162109375,200.53408813476562,236.32483025301812,0.0,0.0,,-1.0
050124_KL005_TimeOut_Opaque_TrNum6,2024-05-01,KL005B-KL005Y,Training Partner,opaque,30.000531309105877,interaction,1036.7149727964918,,6,,mid,mid,964.66357421875,390.4637451171875,908.4080810546875,268.51654052734375,134.29743563601315,,,,
050124_KL005_TimeOut_Opaque_TrNum6,2024-05-01,KL005B-KL005Y,Training Partner,opaque,30.000531309105877,levPress,1039.9,0.710000000000036,1,0.0,lev_bottom,lev_top,200.421875,472.38909912109375,180.5658721923828,180.58987426757812,292.4740133287207,0.0,0.02,0.0,1.0
050124_KL005_TimeOut_Opaque_TrNum6,2024-05-01,KL005B-KL005Y,Training Partner,opaque,30.000531309105877,levPress,1040.33,1.13999999999987,1,0.0,lev_bottom,lev_top,192.37713623046875,494.33642578125,176.46444702148438,216.4402618408203,278.3513815497741,0.0,0.02,0.0,-1.0
050124_KL005_TimeOut_Opaque_TrNum6,2024-05-01,KL005B-KL005Y,Training Partner,opaque,30.000531309105877,levPress,1041.09,1.89999999999986,1,1.0,lev_bottom,lev_top,204.36611938476562,496.5443115234375,168.62498474121094,220.43658447265625,278.4113963952579,0.0,0.02,0.0,1.0
050124_KL005_TimeOut_Opaque_TrNum6,2024-05-01,KL005B-KL005Y,Training Partner,opaque,30.000531309105877,levPress,1041.46,2.26999999999998,1,0.0,lev_bottom,lev_top,196.62664794921875,496.48046875,188.4224090576172,204.4959716796875,292.09973650312287,0.0,0.02,0.0,-2.0
050124_KL005_TimeOut_Opaque_TrNum6,2024-05-01,KL005B-KL005Y,Training Partner,opaque,30.000531309105877,levPress,1050.01,0.660000000000082,1,0.0,lev_bottom,lev_top,192.7189204794505,450.1459681740378,186.53457641601562,188.51910400390625,261.69994682267594,0.0,0.0,1.0,1.0
050124_KL005_TimeOut_Opaque_TrNum6,2024-05-01,KL005B-KL005Y,Training Partner,opaque,30.000531309105877,levPress,1050.05,0.700000000000045,1,1.0,lev_bottom,lev_top,194.61427307128906,450.5262145996094,194.48361206054688,188.61312866210938,261.9131185290343,0.0,0.0,1.0,1.0
050124_KL005_TimeOut_Opaque_TrNum6,2024-05-01,KL005B-KL005Y,Training Partner,opaque,30.000531309105877,magEntry,1052.43,0.789999999999964,0,1.0,mid,mag_top,986.38525390625,436.60870361328125,1224.3026123046875,214.6958465576172,325.34594749880955,0.0,0.0,,1.0
050124_KL005_TimeOut_Opaque_TrNum6,2024-05-01,KL005B-KL005Y,Training Partner,opaque,30.000531309105877,magEntry,1053.36,1.7199999999998,0,0.0,mag_bottom,mag_top,1216.3831787109375,436.6452941894531,1224.4307861328125,214.4715118408203,222.31948530957487,0.0,0.0,,1.0
050124_KL005_TimeOut_Opaque_TrNum6,2024-05-01,KL005B-KL005Y,Training Partner,opaque,30.000531309105877,levPress,1059.95,0.779999999999973,1,0.0,lev_bottom,mag_top,196.4080352783203,460.37738037109375,1216.6270751953125,204.55943298339844,1051.8030764429257,0.0,0.0,0.0,1.0
050124_KL005_TimeOut_Opaque_TrNum6,2024-05-01,KL005B-KL005Y,Training Partner,opaque,30.000531309105877,levPress,1069.59,0.689999999999827,1,0.0,lev_bottom,lev_top,188.4351348876953,452.46527099609375,192.43902587890625,200.41168212890625,252.08538792222504,0.0,0.0,1.0,1.0
050124_KL005_TimeOut_Opaque_TrNum6,2024-05-01,KL005B-KL005Y,Training Partner,opaque,30.000531309105877,levPress,1070.33,1.42999999999984,1,1.0,lev_bottom,lev_top,189.8197252578084,437.9531525535644,180.50099182128906,216.3424072265625,221.80658519811848,0.0,0.0,1.0,1.0
050124_KL005_TimeOut_Opaque_TrNum6,2024-05-01,KL005B-KL005Y,Training Partner,opaque,30.000531309105877,magEntry,1073.4,1.88000000000011,0,1.0,mid,mag_top,492.42547607421875,416.3359375,1224.2940673828125,212.57669067382812,759.7035379746459,0.0,0.0,,1.0
050124_KL005_TimeOut_Opaque_TrNum6,2024-05-01,KL005B-KL005Y,Training Partner,opaque,30.000531309105877,magEntry,1074.99,3.47000000000003,0,0.0,mag_bottom,mag_top,1220.5296630859375,436.4408264160156,1188.5787353515625,200.6080322265625,237.9873286506914,0.0,0.0,,1.0
050124_KL005_TimeOut_Opaque_TrNum6,2024-05-01,KL005B-KL005Y,Training Partner,opaque,30.000531309105877,gaze,1080.6475280709365,,5,1.0,lev_bottom,lev_top,188.58462524414062,472.52484130859375,188.32598876953125,224.53335571289062,247.99162046486535,,,,
050124_KL005_TimeOut_Opaque_TrNum6,2024-05-01,KL005B-KL005Y,Training Partner,opaque,30.000531309105877,levPress,1084.71,1.21000000000004,1,0.0,lev_bottom,mid,186.65964566027407,499.7092225139665,696.7024536132812,212.577392578125,585.3104763344777,0.008333333333333333,0.0,0.0,1.0
050124_KL005_TimeOut_Opaque_TrNum6,2024-05-01,KL005B-KL005Y,Training Partner,opaque,30.000531309105877,gaze,1090.5806854850368,,6,0.0,mid,mid,850.5355834960938,404.3936767578125,936.5452880859375,260.3751525878906,167.74684672957213,,,,
050124_KL005_TimeOut_Opaque_TrNum6,2024-05-01,KL005B-KL005Y,Training Partner,opaque,30.000531309105877,interaction,1090.6140182280374,,6,,mid,mid,850.6369018554688,404.42236328125,936.4825439453125,256.57305908203125,170.96458995362366,,,,
050124_KL005_TimeOut_Opaque_TrNum6,2024-05-01,KL005B-KL005Y,Training Partner,opaque,30.000531309105877,levPress,1094.47,1.11000000000013,1,0.0,lev_bottom,lev_top,191.5460863464541,448.2433028859381,178.64208984375,220.40357971191406,228.20484784893964,0.01,0.02,1.0,1.0
050124_KL005_TimeOut_Opaque_TrNum6,2024-05-01,KL005B-KL005Y,Training Partner,opaque,30.000531309105877,levPress,1094.53,1.17000000000007,1,1.0,lev_bottom,lev_top,196.3852996826172,444.38726806640625,178.63107299804688,220.3862762451172,224.7034866264614,0.01,0.02,1.0,1.0
050124_KL005_TimeOut_Opaque_TrNum6,2024-05-01,KL005B-KL005Y,Training Partner,opaque,30.000531309105877,magEntry,1096.72,0.350000000000136,0,1.0,mid,mag_top,524.5413818359375,468.5728759765625,1224.579345703125,216.64581298828125,743.9895133140111,0.0,0.006666666666666667,,1.0
050124_KL005_TimeOut_Opaque_TrNum6,2024-05-01,KL005B-KL005Y,Training Partner,opaque,30.000531309105877,magEntry,1097.56,1.19000000000005,0,0.0,mag_bottom,mag_top,1212.50537109375,446.58087158203125,1228.545654296875,224.36392211914062,222.79511510315783,0.0,0.006666666666666667,,1.0
050124_KL005_TimeOut_Opaque_TrNum6,2024-05-01,KL005B-KL005Y,Training Partner,opaque,30.000531309105877,interaction,1101.3471614741459,,2,,mid,mid,938.628662109375,372.49127197265625,931.3909237888477,257.97281300115367,114.74694898429391,,,,
050124_KL005_TimeOut_Opaque_TrNum6,2024-05-01,KL005B-KL005Y,Training Partner,opaque,30.000531309105877,interaction,1103.6471207411691,,2,,mid,mid,956.5049438476562,264.48602294921875,977.6334062768541,171.74752959908523,95.11487829711388,,,,
050124_KL005_TimeOut_Opaque_TrNum6,2024-05-01,KL005B-KL005Y,Training Partner,opaque,30.000531309105877,levPress,1103.94,0.870000000000118,1,1.0,mid,lev_bottom,836.4436645507812,210.49009704589844,202.43699645996094,474.39666748046875,686.7394943515047,0.013333333333333334,0.013333333333333334,1.0,1.0
050124_KL005_TimeOut_Opaque_TrNum6,2024-05-01,KL005B-KL005Y,Training Partner,opaque,30.000531309105877,levPress,1104.3,1.23000000000002,1,0.0,lev_bottom,lev_top,192.52752685546875,496.4143981933594,328.472412109375,136.61502075195312,384.6252771645687,0.013333333333333334,0.013333333333333334,1.0,-1.0
050124_KL005_TimeOut_Opaque_TrNum6,2024-05-01,KL005B-KL005Y,Training Partner,opaque,30.000531309105877,levPress,1104.66,1.59000000000015,1,1.0,lev_bottom,lev_top,192.6267852783203,492.3250732421875,176.5040283203125,200.3977508544922,292.37220259179287,0.013333333333333334,0.013333333333333334,1.0,1.0
050124_KL005_TimeOut_Opaque_TrNum6,2024-05-01,KL005B-KL005Y,Training Partner,opaque,30.000531309105877,levPress,1105.22,2.15000000000009,1,0.0,lev_bottom,lev_top,190.61309814453125,492.5530090332031,188.6703338623047,188.46009826660156,304.0991165912203,0.013333333333333334,0.013333333333333334,1.0,-2.0
050124_KL005_TimeOut_Opaque_TrNum6,2024-05-01,KL005B-KL005Y,Training Partner,opaque,30.000531309105877,gaze,1106.213741952195,,8,1.0,lev_bottom,lev_top,208.5469207763672,476.52008056640625,224.40640258789062,216.49009704589844,260.51317719648193,,,,
050124_KL005_TimeOut_Opaque_TrNum6,2024-05-01,KL005B-KL005Y,Training Partner,opaque,30.000531309105877,levPress,1114.25,0.660000000000082,1,0.0,lev_bottom,lev_top,189.66194196705888,455.77515452290135,188.3462371826172,176.6234130859375,279.15484202565665,0.0,0.0,1.0,1.0
050124_KL005_TimeOut_Opaque_TrNum6,2024-05-01,KL005B-KL005Y,Training Partner,opaque,30.000531309105877,levPress,1115.12,1.52999999999997,1,1.0,lev_bottom,lev_top,200.43650817871094,448.38641357421875,170.6870880126953,216.5723419189453,233.7151938099241,0.0,0.0,1.0,1.0
050124_KL005_TimeOut_Opaque_TrNum6,2024-05-01,KL005B-KL005Y,Training Partner,opaque,30.000531309105877,levPress,1126.56,0.649999999999864,1,1.0,mag_top,lev_bottom,1128.5010986328125,188.4601287841797,188.63214111328125,448.6148681640625,975.2097957520039,0.016666666666666666,0.0,0.0,1.0
050124_KL005_TimeOut_Opaque_TrNum6,2024-05-01,KL005B-KL005Y,Training Partner,opaque,30.000531309105877,levPress,1127.05,1.13999999999987,1,0.0,lev_bottom,mid,196.62203979492188,472.53155517578125,930.5907592773438,124.5708236694336,812.2725846962328,0.016666666666666666,0.0,0.0,-1.0
050124_KL005_TimeOut_Opaque_TrNum6,2024-05-01,KL005B-KL005Y,Training Partner,opaque,30.000531309105877,gaze,1129.4466638234303,,10,0.0,lev_bottom,lev_top,208.18652694046497,439.5963215553775,180.44015502929688,176.60302734375,264.4528955305963,,,,
050124_KL005_TimeOut_Opaque_TrNum6,2024-05-01,KL005B-KL005Y,Training Partner,opaque,30.000531309105877,levPress,1135.94,3.23000000000002,1,1.0,lev_bottom,lev_top,197.72271501341942,426.02834142975,180.38035583496094,192.55615234375,234.11539996011282,0.0,0.0,0.0,1.0
050124_KL005_TimeOut_Opaque_TrNum6,2024-05-01,KL005B-KL005Y,Training Partner,opaque,30.000531309105877,levPress,1136.4,3.69000000000005,1,1.0,lev_bottom,lev_top,190.69455288100485,440.57158556293945,176.43478393554688,204.45579528808594,236.54599431716542,0.0,0.0,0.0,-1.0
050124_KL005_TimeOut_Opaque_TrNum6,2024-05-01,KL005B-KL005Y,Training Partner,opaque,30.000531309105877,levPress,1136.93,4.22000000000003,1,1.0,lev_bottom,lev_top,190.75761402995352,445.050728211932,176.400146484375,216.5234375,228.97785804408736,0.0,0.0,0.0,-1.0
050124_KL005_TimeOut_Opaque_TrNum6,2024-05-01,KL005B-KL005Y,Training Partner,opaque,30.000531309105877,levPress,1147.05,0.759999999999991,1,0.0,lev_bottom,lev_top,186.61415100097656,478.50018310546875,188.5791015625,218.44544982910156,260.0621566667317,0.0,0.0,1.0,1.0
050124_KL005_TimeOut_Opaque_TrNum6,2024-05-01,KL005B-KL005Y,Training Partner,opaque,30.000531309105877,levPress,1147.31,1.01999999999998,1,1.0,lev_bottom,lev_top,186.58164978027344,492.4836730957031,176.49815368652344,224.48255920410156,268.1907417130798,0.0,0.0,1.0,1.0
050124_KL005_TimeOut_Opaque_TrNum6,2024-05-01,KL005B-KL005Y,Training Partner,opaque,30.000531309105877,levPress,1147.37,1.07999999999993,1,0.0,lev_bottom,lev_top,200.4530487060547,500.5060119628906,176.43377685546875,212.52053833007812,288.98539486234887,0.0,0.0,1.0,-2.0
050324_KL002_TimeOut_Opaque_TrNum9,2024-05-03,KL002B-KL002Y,Training Partner,opaque,29.999791240237695,levPress,10.7,0.69,1,0.0,lev_bottom,mag_top,204.63128662109375,434.353515625,1048.4578857421875,172.4649200439453,883.5320966890157,0.0,0.06666666666666667,0.0,1.0
050324_KL002_TimeOut_Opaque_TrNum9,2024-05-03,KL002B-KL002Y,Training Partner,opaque,29.999791240237695,interaction,14.866770119446546,,20,,mag_top,mag_top,1216.5917737242853,228.279425862768,1218.568359375,212.30796813964844,16.09330148341249,,,,
050324_KL002_TimeOut_Opaque_TrNum9,2024-05-03,KL002B-KL002Y,Training Partner,opaque,29.999791240237695,magEntry,14.88,,0,1.0,mag_top,mag_top,1216.5917737242853,228.279425862768,1218.568359375,212.30796813964844,16.09330148341249,0.0,0.11666666666666667,,0.0
050324_KL002_TimeOut_Opaque_TrNum9,2024-05-03,KL002B-KL002Y,Training Partner,opaque,29.999791240237695,magEntry,17.06,,0,1.0,lev_bottom,mag_bottom,202.62857055664062,436.59454345703125,1220.458251953125,448.4440612792969,1017.8986547806658,0.0,0.11666666666666667,,0.0
050324_KL002_TimeOut_Opaque_TrNum9,2024-05-03,KL002B-KL002Y,Training Partner,opaque,29.999791240237695,interaction,18.500128736082587,,15,,lev_bottom,lev_bottom,200.36190795898438,430.6121520996094,190.60147094726562,490.3575134277344,60.53737961696016,,,,
050324_KL002_TimeOut_Opaque_TrNum9,2024-05-03,KL002B-KL002Y,Training Partner,opaque,29.999791240237695,levPress,20.59,0.84,1,1.0,mid,lev_top,924.5618896484375,382.56744384765625,184.6074676513672,226.53445434570312,756.2267123329716,0.0016666666666666668,0.05,0.0,1.0
050324_KL002_TimeOut_Opaque_TrNum9,2024-05-03,KL002B-KL002Y,Training Partner,opaque,29.999791240237695,levPress,20.77,1.02,1,1.0,mid,lev_top,924.6535034179688,382.4857177734375,184.45252990722656,232.5410919189453,755.2356400547409,0.0016666666666666668,0.05,0.0,-1.0
050324_KL002_TimeOut_Opaque_TrNum9,2024-05-03,KL002B-KL002Y,Training Partner,opaque,29.999791240237695,levPress,21.33,1.58,1,1.0,mid,lev_top,924.6514892578125,382.560302734375,184.4603271484375,228.52122497558594,756.0495975407998,0.0016666666666666668,0.05,0.0,-1.0
050324_KL002_TimeOut_Opaque_TrNum9,2024-05-03,KL002B-KL002Y,Training Partner,opaque,29.999791240237695,magEntry,23.3,,0,1.0,lev_top,mag_top,208.5417938232422,196.43972778320312,1224.633544921875,226.677490234375,1016.5415726514777,0.0016666666666666668,0.05,,0.0
050324_KL002_TimeOut_Opaque_TrNum9,2024-05-03,KL002B-KL002Y,Training Partner,opaque,29.999791240237695,gaze,25.03350753296941,,1,1.0,mag_bottom,mag_top,1092.6502685546875,444.28399658203125,1120.4219970703125,244.35263061523438,201.85098464484844,,,,
050324_KL002_TimeOut_Opaque_TrNum9,2024-05-03,KL002B-KL002Y,Training Partner,opaque,29.999791240237695,levPress,28.4,0.459999999999997,1,0.0,lev_bottom,lev_top,198.4786376953125,440.54998779296875,198.5614776611328,228.4569854736328,212.09301849728524,0.0016666666666666668,0.0,1.0,1.0
050324_KL002_TimeOut_Opaque_TrNum9,2024-05-03,KL002B-KL002Y,Training Partner,opaque,29.999791240237695,levPress,28.68,0.739999999999998,1,0.0,lev_bottom,lev_top,208.41627502441406,424.66314697265625,192.4656982421875,236.50210571289062,188.83590322723305,0.0016666666666666668,0.0,1.0,-1.0
050324_KL002_TimeOut_Opaque_TrNum9,2024-05-03,KL002B-KL002Y,Training Partner,opaque,29.999791240237695,levPress,28.81,0.869999999999997,1,1.0,lev_bottom,lev_top,216.46884155273438,420.4083557128906,188.57565307617188,244.3448486328125,178.25932931750236,0.0016666666666666668,0.0,1.0,1.0
050324_KL002_TimeOut_Opaque_TrNum9,2024-05-03,KL002B-KL002Y,Training Partner,opaque,29.999791240237695,levPress,29.51,1.57,1,1.0,lev_bottom,lev_top,206.6583251953125,412.60614013671875,192.419189453125,236.4599609375,176.7207668418393,0.0016666666666666668,0.0,1.0,-2.0
050324_KL002_TimeOut_Opaque_TrNum9,2024-05-03,KL002B-KL002Y,Training Partner,opaque,29.999791240237695,magEntry,30.96,0.870000000000001,0,1.0,mid,mag_bottom,948.5419921875,504.51068115234375,1232.4132080078125,454.4071350097656,288.25896778307504,0.0,0.0,,1.0
050324_KL002_TimeOut_Opaque_TrNum9,2024-05-03,KL002B-KL002Y,Training Partner,opaque,29.999791240237695,magEntry,32.19,2.1,0,0.0,mag_top,mag_bottom,1236.450927734375,222.3568878173828,1212.61474609375,460.51739501953125,239.35035146410266,0.0,0.0,,1.0
050324_KL002_TimeOut_Opaque_TrNum9,2024-05-03,KL002B-KL002Y,Training Partner,opaque,29.999791240237695,levPress,41.29,0.789999999999999,1,0.0,lev_bottom,lev_top,204.5869598388672,436.578857421875,194.55618286132812,232.53982543945312,204.28544504956025,0.0,0.0,1.0,1.0
050324_KL002_TimeOut_Opaque_TrNum9,2024-05-03,KL002B-KL002Y,Training Partner,opaque,29.999791240237695,levPress,41.39,0.890000000000001,1,1.0,lev_bottom,lev_top,210.4051055908203,424.66131591796875,192.62844848632812,230.38949584960938,195.0834426866711,0.0,0.0,1.0,1.0
050324_KL002_TimeOut_Opaque_TrNum9,2024-05-03,KL002B-KL002Y,Training Partner,opaque,29.999791240237695,levPress,41.56,1.06,1,0.0,lev_bottom,lev_top,204.65350341796875,408.45123291015625,188.43801879882812,232.4849090576172,176.7118815235983,0.0,0.0,1.0,-2.0
050324_KL002_TimeOut_Opaque_TrNum9,2024-05-03,KL002B-KL002Y,Training Partner,opaque,29.999791240237695,levPress,41.77,1.27,1,1.0,lev_bottom,lev_top,206.66343688964844,412.64288330078125,184.4740753173828,224.5361328125,189.4109747249225,0.0,0.0,1.0,-2.0
050324_KL002_TimeOut_Opaque_TrNum9,2024-05-03,KL002B-KL002Y,Training Partner,opaque,29.999791240237695,levPress,42.08,1.58,1,1.0,lev_bottom,lev_top,206.5254364013672,408.49359130859375,188.50308227539062,230.3876495361328,179.01545112893845,0.0,0.0,1.0,-2.0
050324_KL002_TimeOut_Opaque_TrNum9,2024-05-03,KL002B-KL002Y,Training Partner,opaque,29.999791240237695,magEntry,44.14,1.46,0,,other,mag_bottom,1477.0097568535973,592.4478753725075,1134.490966796875,412.41851806640625,386.94920988931983,0.0,0.0,,1.0
050324_KL002_TimeOut_Opaque_TrNum9,2024-05-03,KL002B-KL002Y,Training Partner,opaque,29.999791240237695,levPress,48.77,8.27,1,0.0,lev_bottom,mid,200.45809936523438,448.54644775390625,370.442138671875,452.415283203125,170.02806093917167,0.0,0.03333333333333333,1.0,-2.0
050324_KL002_TimeOut_Opaque_TrNum9,2024-05-03,KL002B-KL002Y,Training Partner,opaque,29.999791240237695,interaction,49.43367732542428,,10,,lev_bottom,lev_bottom,208.506591796875,416.26641845703125,180.54542541503906,472.4171447753906,62.72743332475838,,,,
050324_KL002_TimeOut_Opaque_TrNum9,2024-05-03,KL002B-KL002Y,Training Partner,opaque,29.999791240237695,magEntry,53.65,10.97,0,0.0,mag_bottom,lev_top,1220.4208984375,456.44000244140625,184.56454467773438,208.53927612304688,1065.1071099817364,0.0,0.13666666666666666,,-2.0
050324_KL002_TimeOut_Opaque_TrNum9,2024-05-03,KL002B-KL002Y,Training Partner,opaque,29.999791240237695,interaction,54.7670477718625,,2,,mid,mag_top,1018.559326171875,268.491943359375,1138.4598388671875,204.55120849609375,135.8843277183032,,,,
050324_KL002_TimeOut_Opaque_TrNum9,2024-05-03,KL002B-KL002Y,Training Partner,opaque,29.999791240237695,magEntry,55.05,12.37,0,1.0,mag_top,mag_top,1179.9691911348395,266.0018291950365,1226.6534423828125,220.51365661621094,65.18123318214288,0.0,0.10333333333333333,,1.0
050324_KL002_TimeOut_Opaque_TrNum9,2024-05-03,KL002B-KL002Y,Training Partner,opaque,29.999791240237695,interaction,55.200384120635604,,1,,mag_top,mag_top,1298.3732356372843,248.6289095791897,1210.43505859375,240.40383911132812,88.32199480277421,,,,
050324_KL002_TimeOut_Opaque_TrNum9,2024-05-03,KL002B-KL002Y,Training Partner,opaque,29.999791240237695,magEntry,56.26,13.58,0,1.0,other,mag_top,2031.5789928917452,141.03064388633666,1220.558837890625,238.61231994628906,816.8695583266098,0.0,0.10666666666666667,,-1.0
050324_KL002_TimeOut_Opaque_TrNum9,2024-05-03,KL002B-KL002Y,Training Partner,opaque,29.999791240237695,interaction,56.83372881985731,,28,,mag_top,mag_top,1178.582763671875,172.3694305419922,1228.6219482421875,226.44180297851562,73.67320716092046,,,,
050324_KL002_TimeOut_Opaque_TrNum9,2024-05-03,KL002B-KL002Y,Training Partner,opaque,29.999791240237695,magEntry,57.18,14.5,0,0.0,mag_top,mag_top,1232.351318359375,228.29637145996094,1164.8926283136013,181.9759114060807,81.83067812437385,0.0,0.10666666666666667,,-1.0
050324_KL002_TimeOut_Opaque_TrNum9,2024-05-03,KL002B-KL002Y,Training Partner,opaque,29.999791240237695,interaction,60.23375247946168,,1,,mid,mid,484.84593368451,327.9358708790894,504.5046691894531,328.3807373046875,19.66376840257066,,,,
050324_KL002_TimeOut_Opaque_TrNum9,2024-05-03,KL002B-KL002Y,Training Partner,opaque,29.999791240237695,interaction,62.233766396876014,,87,,lev_bottom,lev_bottom,204.58523559570312,432.4127197265625,192.28607177734375,492.64434814453125,61.47453531756951,,,,
050324_KL002_TimeOut_Opaque_TrNum9,2024-05-03,KL002B-KL002Y,Training Partner,opaque,29.999791240237695,levPress,62.84,0.480000000000004,1,0.0,lev_bottom,lev_bottom,202.67868041992188,424.4276123046875,196.5802764892578,492.6047668457031,68.44936034625208,0.0,0.29333333333333333,0.0,1.0
050324_KL002_TimeOut_Opaque_TrNum9,2024-05-03,KL002B-KL002Y,Training Partner,opaque,29.999791240237695,levPress,64.01,1.65000000000001,1,0.0,lev_bottom,lev_bottom,208.3961639404297,408.43798828125,192.6636199951172,502.458984375,95.328173408768,0.0,0.29333333333333333,0.0,-1.0
050324_KL002_TimeOut_Opaque_TrNum9,2024-05-03,KL002B-KL002Y,Training Partner,opaque,29.999791240237695,magEntry,66.04,23.36,0,0.0,mag_bottom,mag_top,1236.6173095703125,462.36016845703125,1042.4637451171875,216.35755920410156,313.3893590234094,0.0,0.29,,-1.0
050324_KL002_TimeOut_Opaque_TrNum9,2024-05-03,KL002B-KL002Y,Training Partner,opaque,29.999791240237695,magEntry,66.38,23.7,0,1.0,mag_bottom,mag_top,1234.49462890625,460.44891357421875,1228.417724609375,228.6448516845703,231.8837033393536,0.0,0.29,,-1.0
050324_KL002_TimeOut_Opaque_TrNum9,2024-05-03,KL002B-KL002Y,Training Partner,opaque,29.999791240237695,levPress,72.25,0.260000000000005,1,0.0,lev_bottom,mid,196.37109375,426.5375671386719,448.5206604003906,388.5291748046875,254.99812126718476,0.0,0.15666666666666668,0.0,1.0
050324_KL002_TimeOut_Opaque_TrNum9,2024-05-03,KL002B-KL002Y,Training Partner,opaque,29.999791240237695,levPress,72.72,0.730000000000004,1,0.0,lev_bottom,lev_bottom,216.45401000976562,400.4541015625,200.44784545898438,490.50048828125,91.45790870520364,0.0,0.15666666666666668,0.0,-1.0
050324_KL002_TimeOut_Opaque_TrNum9,2024-05-03,KL002B-KL002Y,Training Partner,opaque,29.999791240237695,interaction,72.83384015917198,,47,,lev_bottom,lev_bottom,216.50575256347656,404.3956298828125,192.429443359375,490.32977294921875,89.2431824256009,,,,
050324_KL002_TimeOut_Opaque_TrNum9,2024-05-03,KL002B-KL002Y,Training Partner,opaque,29.999791240237695,magEntry,75.66,32.98,0,0.0,mag_bottom,mag_top,1240.4593505859375,456.38494873046875,1224.522216796875,232.6470489501953,224.3047927073743,0.0,0.15666666666666668,,-1.0
050324_KL002_TimeOut_Opaque_TrNum9,2024-05-03,KL002B-KL002Y,Training Partner,opaque,29.999791240237695,magEntry,76.23,33.55,0,1.0,mag_bottom,mag_top,1228.6697998046875,456.62347412109375,1224.619873046875,230.41546630859375,226.244258944274,0.0,0.15666666666666668,,-1.0
050324_KL002_TimeOut_Opaque_TrNum9,2024-05-03,KL002B-KL002Y,Training Partner,opaque,29.999791240237695,levPress,78.54,6.55000000000001,1,0.0,lev_bottom,lev_top,200.6561737060547,436.5777587890625,210.38812255859375,212.46847534179688,224.32048893428188,0.0,0.08666666666666667,0.0,-1.0
050324_KL002_TimeOut_Opaque_TrNum9,2024-05-03,KL002B-KL002Y,Training Partner,opaque,29.999791240237695,levPress,80.2,8.21000000000001,1,0.0,lev_bottom,mid,196.60023498535156,444.35028076171875,476.33404541015625,288.35418701171875,320.29015901216724,0.0,0.0,0.0,-1.0
050324_KL002_TimeOut_Opaque_TrNum9,2024-05-03,KL002B-KL002Y,Training Partner,opaque,29.999791240237695,levPress,80.71,8.72,1,0.0,lev_bottom,mid,194.66571044921875,440.40887451171875,472.61083984375,284.62255859375,318.6265387274511,0.0,0.0,0.0,-1.0
050324_KL002_TimeOut_Opaque_TrNum9,2024-05-03,KL002B-KL002Y,Training Partner,opaque,29.999791240237695,levPress,82.47,10.48,1,0.0,lev_bottom,mid,202.50473022460938,440.53472900390625,472.6545715332031,284.5173645019531,311.965310227265,0.0,0.0,0.0,-1.0
050324_KL002_TimeOut_Opaque_TrNum9,2024-05-03,KL002B-KL002Y,Training Partner,opaque,29.999791240237695,levPress,83.62,0.320000000000007,1,0.0,lev_bottom,mid,196.42208862304688,438.4044189453125,472.656982421875,284.48809814453125,316.22136291038095,0.0,0.0,0.0,1.0
050324_KL002_TimeOut_Opaque_TrNum9,2024-05-03,KL002B-KL002Y,Training Partner,opaque,29.999791240237695,levPress,84.15,0.850000000000009,1,0.0,lev_bottom,mid,208.61190795898438,420.5618591308594,472.53338623046875,280.36041259765625,298.84944755346,0.0,0.0,0.0,-1.0
050324_KL002_TimeOut_Opaque_TrNum9,2024-05-03,KL002B-KL002Y,Training Partner,opaque,29.999791240237695,levPress,85.28,1.98,1,1.0,lev_bottom,lev_top,212.63978576660156,412.5784606933594,188.53421020507812,230.4061279296875,183.76027208760416,0.0,0.0,0.0,1.0
050324_KL002_TimeOut_Opaque_TrNum9,2024-05-03,KL002B-KL002Y,Training Partner,opaque,29.999791240237695,magEntry,87.55,44.87,0,1.0,mag_bottom,mag_top,1104.5889892578125,486.46636962890625,1228.4378662109375,220.3023223876953,293.56744432305817,0.0,0.0,,-1.0
050324_KL002_TimeOut_Opaque_TrNum9,2024-05-03,KL002B-KL002Y,Training Partner,opaque,29.999791240237695,magEntry,87.82,45.14,0,0.0,mag_bottom,mag_top,1240.5679931640625,458.4332275390625,1224.584228515625,218.4599609375,240.5049883386231,0.0,0.0,,-1.0
050324_KL002_TimeOut_Opaque_TrNum9,2024-05-03,KL002B-KL002Y,Training Partner,opaque,29.999791240237695,levPress,91.18,0.910000000000011,1,1.0,mid,lev_top,502.6512451171875,456.4950256347656,186.55186462402344,214.49900817871094,398.0965847790624,0.0,0.0,1.0,1.0
050324_KL002_TimeOut_Opaque_TrNum9,2024-05-03,KL002B-KL002Y,Training Partner,opaque,29.999791240237695,levPress,91.39,1.12,1,1.0,lev_bottom,lev_top,252.5574188232422,428.590087890625,184.47166442871094,212.5201873779297,226.5433112211404,0.0,0.0,1.0,-1.0
050324_KL002_TimeOut_Opaque_TrNum9,2024-05-03,KL002B-KL002Y,Training Partner,opaque,29.999791240237695,levPress,91.68,1.41000000000001,1,0.0,lev_bottom,lev_top,216.31748962402344,404.5088195800781,192.4041290283203,218.5148468017578,187.5249496062929,0.0,0.0,1.0,1.0
050324_KL002_TimeOut_Opaque_TrNum9,2024-05-03,KL002B-KL002Y,Training Partner,opaque,29.999791240237695,levPress,92.11,1.84,1,1.0,lev_bottom,lev_top,216.36676025390625,412.49896240234375,184.58078002929688,210.5186767578125,204.4660957906853,0.0,0.0,1.0,-2.0
050324_KL002_TimeOut_Opaque_TrNum9,2024-05-03,KL002B-KL002Y,Training Partner,opaque,29.999791240237695,levPress,102.47,1.02,1,0.0,lev_bottom,lev_top,202.42471313476562,424.36761474609375,192.34898376464844,228.42562866210938,196.20087215116087,0.0,0.0,1.0,1.0
050324_KL002_TimeOut_Opaque_TrNum9,2024-05-03,KL002B-KL002Y,Training Partner,opaque,29.999791240237695,levPress,102.59,1.14,1,1.0,lev_bottom,lev_top,212.59573364257812,420.64068603515625,188.46432495117188,212.47410583496094,209.56061175153127,0.0,0.0,1.0,1.0
050324_KL002_TimeOut_Opaque_TrNum9,2024-05-03,KL002B-KL002Y,Training Partner,opaque,29.999791240237695,magEntry,104.46,0.279999999999987,0,1.0,mid,mag_top,364.5730895996094,492.323974609375,1228.402099609375,220.48782348632812,905.5912166048453,0.0,0.0,,1.0
050324_KL002_TimeOut_Opaque_TrNum9,2024-05-03,KL002B-KL002Y,Training Partner,opaque,29.999791240237695,magEntry,105.37,1.19,0,0.0,mag_bottom,mag_top,1236.3697509765625,458.38848876953125,1224.450439453125,228.42910766601562,230.26807626048534,0.0,0.0,,1.0
050324_KL002_TimeOut_Opaque_TrNum9,2024-05-03,KL002B-KL002Y,Training Partner,opaque,29.999791240237695,levPress,112.09,10.64,1,0.0,lev_bottom,lev_top,204.53379821777344,420.4949951171875,194.6136474609375,220.42343139648438,200.3173482269714,0.0,0.0,1.0,-2.0
050324_KL002_TimeOut_Opaque_TrNum9,2024-05-03,KL002B-KL002Y,Training Partner,opaque,29.999791240237695,levPress,113.25,0.170000000000002,1,0.0,lev_bottom,lev_top,192.53480529785156,448.60479736328125,184.4111328125,220.48080444335938,228.26859223374956,0.0,0.0,0.0,1.0
050324_KL002_TimeOut_Opaque_TrNum9,2024-05-03,KL002B-KL002Y,Training Partner,opaque,29.999791240237695,levPress,113.85,0.769999999999996,1,0.0,lev_bottom,lev_top,212.39602661132812,416.6390380859375,192.55311584472656,224.4547119140625,193.20599455976762,0.0,0.0,0.0,-1.0
050324_KL002_TimeOut_Opaque_TrNum9,2024-05-03,KL002B-KL002Y,Training Partner,opaque,29.999791240237695,levPress,114.2,1.12,1,0.0,lev_bottom,lev_top,200.42430114746094,420.3785400390625,184.54847717285156,220.3661346435547,200.64148150113363,0.0,0.0,0.0,-1.0
050324_KL002_TimeOut_Opaque_TrNum9,2024-05-03,KL002B-KL002Y,Training Partner,opaque,29.999791240237695,levPress,114.34,1.26000000000001,1,1.0,lev_bottom,lev_top,214.40533447265625,412.633544921875,180.35850524902344,212.3648681640625,203.14214105032073,0.0,0.0,0.0,1.0
050324_KL002_TimeOut_Opaque_TrNum9,2024-05-03,KL002B-KL002Y,Training Partner,opaque,29.999791240237695,levPress,114.35,1.27,1,0.0,lev_bottom,lev_top,214.40533447265625,412.633544921875,180.35850524902344,212.3648681640625,203.14214105032073,0.0,0.0,0.0,-2.0
050324_KL002_TimeOut_Opaque_TrNum9,2024-05-03,KL002B-KL002Y,Training Partner,opaque,29.999791240237695,magEntry,118.58,14.4,0,1.0,mag_bottom,mag_top,1228.525634765625,454.5923767089844,1214.593505859375,220.532958984375,234.47369840014798,0.0,0.016666666666666666,,-1.0
050324_KL002_TimeOut_Opaque_TrNum9,2024-05-03,KL002B-KL002Y,Training Partner,opaque,29.999791240237695,magEntry,118.73,14.55,0,0.0,mag_bottom,mag_top,1228.502197265625,460.36419677734375,1204.462158203125,202.37342834472656,259.1083944502355,0.0,0.016666666666666666,,-1.0
050324_KL002_TimeOut_Opaque_TrNum9,2024-05-03,KL002B-KL002Y,Training Partner,opaque,29.999791240237695,levPress,121.57,0.86999999999999,1,1.0,mag_top,lev_top,1196.4427490234375,216.61209106445312,192.5938720703125,232.43194580078125,1003.9735233381052,0.0,0.016666666666666666,0.0,1.0
050324_KL002_TimeOut_Opaque_TrNum9,2024-05-03,KL002B-KL002Y,Training Partner,opaque,29.999791240237695,levPress,121.91,1.20999999999999,1,1.0,mag_top,lev_top,1156.321533203125,192.5967254638672,180.63739013671875,216.3721160888672,975.9737784544208,0.0,0.016666666666666666,0.0,-1.0
050324_KL002_TimeOut_Opaque_TrNum9,2024-05-03,KL002B-KL002Y,Training Partner,opaque,29.999791240237695,levPress,122.51,1.81,1,1.0,mid,lev_top,618.4799194335938,176.5266571044922,180.5896453857422,218.50289916992188,439.8975983153785,0.0,0.016666666666666666,0.0,-1.0
050324_KL002_TimeOut_Opaque_TrNum9,2024-05-03,KL002B-KL002Y,Training Partner,opaque,29.999791240237695,levPress,122.83,2.13,1,1.0,mid,lev_top,496.51617431640625,208.6043243408203,184.43411254882812,216.5354461669922,312.1828245924558,0.0,0.016666666666666666,0.0,-1.0
050324_KL002_TimeOut_Opaque_TrNum9,2024-05-03,KL002B-KL002Y,Training Partner,opaque,29.999791240237695,interaction,123.30085800859366,,5,,lev_top,lev_top,184.44906616210938,188.4071807861328,186.31214904785156,242.39808654785156,54.02304122140793,,,,
050324_KL002_TimeOut_Opaque_TrNum9,2024-05-03,KL002B-KL002Y,Training Partner,opaque,29.999791240237695,levPress,129.1,0.780000000000001,1,0.0,lev_bottom,lev_top,204.54696655273438,412.65142822265625,196.5569305419922,224.56919860839844,188.25186791137918,0.0,0.0,1.0,1.0
050324_KL002_TimeOut_Opaque_TrNum9,2024-05-03,KL002B-KL002Y,Training Partner,opaque,29.999791240237695,levPress,129.19,0.870000000000005,1,1.0,lev_bottom,lev_top,202.45602416992188,420.5137634277344,200.4068145751953,228.58595275878906,191.9387500431782,0.0,0.0,1.0,1.0
050324_KL002_TimeOut_Opaque_TrNum9,2024-05-03,KL002B-KL002Y,Training Partner,opaque,29.999791240237695,levPress,129.32,1.0,1,0.0,lev_bottom,lev_top,210.32496643066406,416.62353515625,192.365234375,220.5743408203125,196.87010584464426,0.0,0.0,1.0,-2.0
050324_KL002_TimeOut_Opaque_TrNum9,2024-05-03,KL002B-KL002Y,Training Partner,opaque,29.999791240237695,levPress,140.88,0.400000000000006,1,0.0,lev_bottom,lev_top,192.5481414794922,430.47882080078125,196.5364227294922,220.589599609375,209.9271101112578,0.0,0.0,1.0,1.0
050324_KL002_TimeOut_Opaque_TrNum9,2024-05-03,KL002B-KL002Y,Training Partner,opaque,29.999791240237695,levPress,141.24,0.760000000000019,1,0.0,lev_bottom,lev_top,210.41441345214844,436.69000244140625,196.6290283203125,232.33016967773438,204.82426147902737,0.0,0.0,1.0,-1.0
050324_KL002_TimeOut_Opaque_TrNum9,2024-05-03,KL002B-KL002Y,Training Partner,opaque,29.999791240237695,levPress,141.62,1.14000000000001,1,0.0,lev_bottom,lev_top,210.6599884033203,420.614013671875,184.38204956054688,216.4178924560547,205.880028146031,0.0,0.0,1.0,-1.0
050324_KL002_TimeOut_Opaque_TrNum9,2024-05-03,KL002B-KL002Y,Training Partner,opaque,29.999791240237695,levPress,141.62,1.14000000000001,1,1.0,lev_bottom,lev_top,210.6599884033203,420.614013671875,184.38204956054688,216.4178924560547,205.880028146031,0.0,0.0,1.0,1.0
050324_KL002_TimeOut_Opaque_TrNum9,2024-05-03,KL002B-KL002Y,Training Partner,opaque,29.999791240237695,levPress,141.82,1.34,1,1.0,lev_bottom,lev_top,214.4308624267578,416.6208190917969,180.39512634277344,212.36207580566406,207.0750239396556,0.0,0.0,1.0,-2.0
050324_KL002_TimeOut_Opaque_TrNum9,2024-05-03,KL002B-KL002Y,Training Partner,opaque,29.999791240237695,magEntry,145.99,2.43000000000001,0,1.0,lev_bottom,mag_top,206.61801147460938,424.45379638671875,1220.5567626953125,224.3321075439453,1033.4991444468073,0.0,0.0,,1.0
050324_KL002_TimeOut_Opaque_TrNum9,2024-05-03,KL002B-KL002Y,Training Partner,opaque,29.999791240237695,magEntry,153.99,10.43,0,0.0,mag_top,mid,1214.388916015625,220.50083923339844,456.481201171875,272.62530517578125,759.6980085332946,0.0,0.02,,-2.0
050324_KL002_TimeOut_Opaque_TrNum9,2024-05-03,KL002B-KL002Y,Training Partner,opaque,29.999791240237695,magEntry,154.15,10.59,1,0.0,mag_top,mid,1216.451416015625,216.47979736328125,504.5213623046875,312.5975646972656,718.3891887926268,0.0,0.02,,-2.0
050324_KL002_TimeOut_Opaque_TrNum9,2024-05-03,KL002B-KL002Y,Training Partner,opaque,29.999791240237695,interaction,157.30109460463734,,6,,mid,mid,480.60662841796875,288.41363525390625,539.5171957498528,354.59267399719533,88.60090356396036,,,,
050324_KL002_TimeOut_Opaque_TrNum9,2024-05-03,KL002B-KL002Y,Training Partner,opaque,29.999791240237695,levPress,161.0,20.52,1,0.0,lev_bottom,lev_top,198.6231689453125,460.4272766113281,200.52670288085938,236.58184814453125,223.85352194443502,0.0,0.03,1.0,-2.0
050324_KL002_TimeOut_Opaque_TrNum9,2024-05-03,KL002B-KL002Y,Training Partner,opaque,29.999791240237695,interaction,165.86782088422873,,59,,mag_bottom,mag_bottom,1139.7277190461652,484.9483708627671,1190.641357421875,422.53607177734375,80.54497904761587,,,,
050324_KL002_TimeOut_Opaque_TrNum9,2024-05-03,KL002B-KL002Y,Training Partner,opaque,29.999791240237695,magEntry,166.25,22.69,0,0.0,mag_bottom,mag_bottom,1172.4957275390625,496.52386474609375,1240.411376953125,452.6217041015625,80.86986549136877,0.0,0.23666666666666666,,1.0
050324_KL002_TimeOut_Opaque_TrNum9,2024-05-03,KL002B-KL002Y,Training Partner,opaque,29.999791240237695,interaction,168.6011732380283,,12,,mag_bottom,mid,1160.6470172931236,442.77428835595515,1032.45947265625,452.5857238769531,128.56247845702552,,,,
050324_KL002_TimeOut_Opaque_TrNum9,2024-05-03,KL002B-KL002Y,Training Partner,opaque,29.999791240237695,levPress,171.09,30.61,1,0.0,lev_bottom,lev_top,200.50369262695312,440.51190185546875,196.52426147460938,212.36227416992188,228.18433006091786,0.0,0.21666666666666667,1.0,-2.0
050324_KL002_TimeOut_Opaque_TrNum9,2024-05-03,KL002B-KL002Y,Training Partner,opaque,29.999791240237695,levPress,173.1,32.62,1,0.0,lev_bottom,lev_top,198.38755798339844,448.427001953125,182.62925720214844,210.56300354003906,238.38541437045365,0.0,0.04,1.0,-2.0
050324_KL002_TimeOut_Opaque_TrNum9,2024-05-03,KL002B-KL002Y,Training Partner,opaque,29.999791240237695,levPress,173.33,32.85,1,0.0,lev_bottom,lev_top,198.4344940185547,448.5468444824219,188.4794464111328,218.35552978515625,230.40647633024903,0.0,0.04,1.0,-2.0
050324_KL002_TimeOut_Opaque_TrNum9,2024-05-03,KL002B-KL002Y,Training Partner,opaque,29.999791240237695,levPress,174.02,0.159999999999997,1,0.0,lev_bottom,lev_top,196.60690307617188,456.5057373046875,192.4002227783203,224.5773468017578,231.9665374152224,0.0,0.0,1.0,1.0
050324_KL002_TimeOut_Opaque_TrNum9,2024-05-03,KL002B-KL002Y,Training Partner,opaque,29.999791240237695,levPress,174.61,0.75,1,0.0,lev_bottom,lev_top,206.47959899902344,444.7016906738281,192.46047973632812,228.6059112548828,216.5500440719954,0.0,0.0,1.0,-1.0
050324_KL002_TimeOut_Opaque_TrNum9,2024-05-03,KL002B-KL002Y,Training Partner,opaque,29.999791240237695,levPress,174.72,0.859999999999985,1,1.0,lev_bottom,lev_top,212.4636688232422,448.37384033203125,188.47637939453125,232.34103393554688,217.36044601922782,0.0,0.0,1.0,1.0
050324_KL002_TimeOut_Opaque_TrNum9,2024-05-03,KL002B-KL002Y,Training Partner,opaque,29.999791240237695,levPress,174.94,1.07999999999998,1,0.0,lev_bottom,lev_top,216.41244506835938,424.53692626953125,184.4527130126953,214.54428100585938,212.4107707671722,0.0,0.0,1.0,-2.0
050324_KL002_TimeOut_Opaque_TrNum9,2024-05-03,KL002B-KL002Y,Training Partner,opaque,29.999791240237695,levPress,174.99,1.13,1,1.0,lev_bottom,lev_top,216.476806640625,424.40869140625,184.46629333496094,214.57489013671875,212.26138866339593,0.0,0.0,1.0,-2.0
050324_KL002_TimeOut_Opaque_TrNum9,2024-05-03,KL002B-KL002Y,Training Partner,opaque,29.999791240237695,magEntry,176.82,0.509999999999991,0,1.0,mid,mag_top,540.4410400390625,502.37786865234375,1232.3829345703125,224.57752990722656,745.6249818872737,0.0,0.0,,1.0
050324_KL002_TimeOut_Opaque_TrNum9,2024-05-03,KL002B-KL002Y,Training Partner,opaque,29.999791240237695,magEntry,177.53,1.22,0,0.0,mag_bottom,mag_top,1232.6331787109375,458.4953918457031,1236.447998046875,228.33836364746094,230.18864106556669,0.0,0.0,,1.0
050324_KL002_TimeOut_Opaque_TrNum9,2024-05-03,KL002B-KL002Y,Training Partner,opaque,29.999791240237695,levPress,185.08,11.22,1,0.0,lev_bottom,lev_top,192.5184326171875,432.59051513671875,200.42433166503906,232.59730529785156,200.1494122434737,0.0,0.0,1.0,-2.0
050324_KL002_TimeOut_Opaque_TrNum9,2024-05-03,KL002B-KL002Y,Training Partner,opaque,29.999791240237695,levPress,186.0,0.560000000000002,1,0.0,lev_bottom,lev_top,196.4268798828125,424.46417236328125,192.56178283691406,220.34825134277344,204.15251208159157,0.0,0.0,1.0,1.0
050324_KL002_TimeOut_Opaque_TrNum9,2024-05-03,KL002B-KL002Y,Training Partner,opaque,29.999791240237695,levPress,186.15,0.710000000000008,1,0.0,lev_bottom,lev_top,204.4589080810547,436.403076171875,196.5362548828125,228.4241485595703,208.12977385387197,0.0,0.0,1.0,-1.0
050324_KL002_TimeOut_Opaque_TrNum9,2024-05-03,KL002B-KL002Y,Training Partner,opaque,29.999791240237695,levPress,186.51,1.06999999999999,1,1.0,lev_bottom,lev_top,210.3321990966797,416.4757080078125,180.5442657470703,212.32325744628906,206.31418769322687,0.0,0.0,1.0,1.0
050324_KL002_TimeOut_Opaque_TrNum9,2024-05-03,KL002B-KL002Y,Training Partner,opaque,29.999791240237695,levPress,186.57,1.13,1,0.0,lev_bottom,lev_top,210.47366333007812,416.44525146484375,180.58091735839844,212.37037658691406,206.25258984597025,0.0,0.0,1.0,-2.0
050324_KL002_TimeOut_Opaque_TrNum9,2024-05-03,KL002B-KL002Y,Training Partner,opaque,29.999791240237695,levPress,195.18,9.74000000000001,1,0.0,lev_bottom,lev_top,204.51922607421875,444.5490417480469,196.63731384277344,228.6490936279297,216.0437736633331,0.0,0.0,1.0,-2.0
050324_KL002_TimeOut_Opaque_TrNum9,2024-05-03,KL002B-KL002Y,Training Partner,opaque,29.999791240237695,levPress,195.68,0.27000000000001,1,0.0,lev_bottom,lev_top,196.77790496368021,439.530468286506,196.35333251953125,224.62574768066406,214.90514000468977,0.0,0.0,1.0,1.0
050324_KL002_TimeOut_Opaque_TrNum9,2024-05-03,KL002B-KL002Y,Training Partner,opaque,29.999791240237695,levPress,196.15,0.740000000000009,1,0.0,lev_bottom,lev_top,210.44068908691406,440.3116149902344,196.3446807861328,232.5995330810547,208.18983265534717,0.0,0.0,1.0,-1.0
050324_KL002_TimeOut_Opaque_TrNum9,2024-05-03,KL002B-KL002Y,Training Partner,opaque,29.999791240237695,levPress,196.49,1.08000000000001,1,1.0,lev_bottom,lev_top,210.6001434326172,420.62109375,184.56736755371094,212.5205535888672,209.7225315394524,0.0,0.0,1.0,1.0
050324_KL002_TimeOut_Opaque_TrNum9,2024-05-03,KL002B-KL002Y,Training Partner,opaque,29.999791240237695,levPress,196.56,1.15000000000001,1,0.0,lev_bottom,lev_top,216.37364196777344,420.613525390625,188.4909210205078,216.34703063964844,206.16073099713685,0.0,0.0,1.0,-2.0
050324_KL002_TimeOut_Opaque_TrNum9,2024-05-03,KL002B-KL002Y,Training Partner,opaque,29.999791240237695,levPress,196.82,1.41,1,1.0,lev_bottom,lev_top,210.5120849609375,428.4219970703125,180.5013427734375,208.59832763671875,221.86277355585025,0.0,0.0,1.0,-2.0
050324_KL002_TimeOut_Opaque_TrNum9,2024-05-03,KL002B-KL002Y,Training Partner,opaque,29.999791240237695,magEntry,198.52,0.130000000000024,0,1.0,lev_bottom,mag_top,214.60435485839844,424.4007568359375,1232.3585205078125,220.5763397216797,1037.9633590395674,0.0,0.0,,1.0
050324_KL002_TimeOut_Opaque_TrNum9,2024-05-03,KL002B-KL002Y,Training Partner,opaque,29.999791240237695,magEntry,199.71,1.32000000000002,0,0.0,mag_bottom,mag_top,1240.5728759765625,454.33587646484375,1228.6099853515625,236.3624725341797,218.30143282449188,0.0,0.0,,1.0
050324_KL002_TimeOut_Opaque_TrNum9,2024-05-03,KL002B-KL002Y,Training Partner,opaque,29.999791240237695,levPress,204.94,9.53,1,0.0,lev_bottom,lev_top,194.65528869628906,444.65557861328125,196.47361755371094,226.4522705078125,218.21088421067327,0.0,0.0,1.0,-2.0
050324_KL002_TimeOut_Opaque_TrNum9,2024-05-03,KL002B-KL002Y,Training Partner,opaque,29.999791240237695,levPress,205.06,9.65000000000001,1,0.0,lev_bottom,lev_top,196.57244873046875,444.60955810546875,196.57749938964844,226.56240844726562,218.0471497166977,0.0,0.0,1.0,-2.0
050324_KL002_TimeOut_Opaque_TrNum9,2024-05-03,KL002B-KL002Y,Training Partner,opaque,29.999791240237695,levPress,206.9,11.49,1,0.0,lev_bottom,lev_top,192.55491638183594,452.38214111328125,196.51962280273438,224.43377685546875,227.98284072450778,0.0,0.0,1.0,-2.0
050324_KL002_TimeOut_Opaque_TrNum9,2024-05-03,KL002B-KL002Y,Training Partner,opaque,29.999791240237695,levPress,208.12,0.5,1,0.0,lev_bottom,lev_top,191.41963282119463,431.1329275709886,192.5460205078125,222.41525268554688,208.72071425425298,0.0,0.0,1.0,1.0
050324_KL002_TimeOut_Opaque_TrNum9,2024-05-03,KL002B-KL002Y,Training Partner,opaque,29.999791240237695,levPress,208.38,0.759999999999991,1,0.0,lev_bottom,lev_top,210.5429229736328,436.4337158203125,204.52520751953125,232.37867736816406,204.14375233397251,0.0,0.0,1.0,-1.0
050324_KL002_TimeOut_Opaque_TrNum9,2024-05-03,KL002B-KL002Y,Training Partner,opaque,29.999791240237695,levPress,208.49,0.870000000000005,1,1.0,lev_bottom,lev_top,214.3750762939453,438.630126953125,208.5677947998047,228.4734649658203,210.23688329120185,0.0,0.0,1.0,1.0
050324_KL002_TimeOut_Opaque_TrNum9,2024-05-03,KL002B-KL002Y,Training Partner,opaque,29.999791240237695,levPress,208.82,1.19999999999999,1,0.0,lev_bottom,lev_top,210.4025421142578,424.6679382324219,210.5035400390625,220.4130859375,204.25487726514922,0.0,0.0,1.0,-2.0
050324_KL002_TimeOut_Opaque_TrNum9,2024-05-03,KL002B-KL002Y,Training Partner,opaque,29.999791240237695,levPress,209.2,1.57999999999998,1,1.0,lev_bottom,lev_top,206.40953063964844,424.3892517089844,192.57427978515625,224.52565002441406,200.34189138703692,0.0,0.0,1.0,-2.0
050324_KL002_TimeOut_Opaque_TrNum9,2024-05-03,KL002B-KL002Y,Training Partner,opaque,29.999791240237695,levPress,220.76,0.0099999999999909,1,0.0,lev_bottom,lev_top,194.50787353515625,456.3463134765625,188.36289978027344,226.63433837890625,229.7941518092104,0.0,0.0,0.0,1.0
050324_KL002_TimeOut_Opaque_TrNum9,2024-05-03,KL002B-KL002Y,Training Partner,opaque,29.999791240237695,levPress,220.94,0.189999999999998,1,0.0,lev_bottom,lev_top,188.5968017578125,448.5171813964844,196.4014129638672,224.54959106445312,224.10353293782376,0.0,0.0,0.0,-1.0
050324_KL002_TimeOut_Opaque_TrNum9,2024-05-03,KL002B-KL002Y,Training Partner,opaque,29.999791240237695,levPress,221.5,0.75,1,0.0,lev_bottom,lev_top,202.5194549560547,436.60125732421875,192.5216522216797,232.32313537597656,204.52263240584497,0.0,0.0,0.0,-1.0
050324_KL002_TimeOut_Opaque_TrNum9,2024-05-03,KL002B-KL002Y,Training Partner,opaque,29.999791240237695,levPress,221.92,1.16999999999999,1,0.0,lev_bottom,lev_top,214.34085083007812,424.3720397949219,180.4256134033203,212.56130981445312,214.50880789508946,0.0,0.0,0.0,-1.0
050324_KL002_TimeOut_Opaque_TrNum9,2024-05-03,KL002B-KL002Y,Training Partner,opaque,29.999791240237695,levPress,222.04,1.28999999999999,1,1.0,lev_bottom,lev_top,210.53909301757812,424.5975341796875,180.46005249023438,212.3585662841797,214.3598100680162,0.0,0.0,0.0,1.0
050324_KL002_TimeOut_Opaque_TrNum9,2024-05-03,KL002B-KL002Y,Training Partner,opaque,29.999791240237695,levPress,222.24,1.49000000000001,1,1.0,lev_bottom,lev_top,206.53890991210938,416.4942932128906,188.43177795410156,214.59219360351562,202.71242205256857,0.0,0.0,0.0,-2.0
050324_KL002_TimeOut_Opaque_TrNum9,2024-05-03,KL002B-KL002Y,Training Partner,opaque,29.999791240237695,magEntry,223.87,13.38,0,1.0,mid,mag_top,468.671875,514.7302856445312,1224.5167236328125,220.63052368164062,811.0463027419509,0.0,0.0,,1.0
050324_KL002_TimeOut_Opaque_TrNum9,2024-05-03,KL002B-KL002Y,Training Partner,opaque,29.999791240237695,magEntry,224.77,14.28,0,0.0,mag_bottom,mag_top,1238.4945068359375,454.4963073730469,1220.5604248046875,228.3473663330078,226.858931567251,0.0,0.0,,1.0
050324_KL002_TimeOut_Opaque_TrNum9,2024-05-03,KL002B-KL002Y,Training Partner,opaque,29.999791240237695,levPress,229.46,8.71000000000001,1,0.0,lev_bottom,lev_top,196.44192504882812,452.6385498046875,196.5588836669922,224.3599090576172,228.27867070895684,0.0,0.0,0.0,-2.0
050324_KL002_TimeOut_Opaque_TrNum9,2024-05-03,KL002B-KL002Y,Training Partner,opaque,29.999791240237695,levPress,230.35,0.739999999999981,1,0.0,lev_bottom,lev_top,204.616943359375,436.4256896972656,192.36740112304688,224.32936096191406,212.44976805827278,0.0,0.0,1.0,1.0
050324_KL002_TimeOut_Opaque_TrNum9,2024-05-03,KL002B-KL002Y,Training Partner,opaque,29.999791240237695,levPress,230.5,0.889999999999986,1,1.0,lev_bottom,lev_top,212.28506469726562,434.62530517578125,200.39808654785156,228.63494873046875,206.3330492141081,0.0,0.0,1.0,1.0
050324_KL002_TimeOut_Opaque_TrNum9,2024-05-03,KL002B-KL002Y,Training Partner,opaque,29.999791240237695,levPress,230.85,1.23999999999998,1,1.0,lev_bottom,lev_top,206.6746368408203,436.51702880859375,184.513916015625,220.36282348632812,217.28722471878646,0.0,0.0,1.0,-2.0
050324_KL002_TimeOut_Opaque_TrNum9,2024-05-03,KL002B-KL002Y,Training Partner,opaque,29.999791240237695,levPress,241.49,11.88,1,0.0,lev_bottom,lev_top,196.46603393554688,448.37677001953125,196.46185302734375,204.34913635253906,244.02763370280778,0.0,0.0,1.0,-2.0
050324_KL002_TimeOut_Opaque_TrNum9,2024-05-03,KL002B-KL002Y,Training Partner,opaque,29.999791240237695,levPress,241.76,0.189999999999998,1,0.0,lev_bottom,lev_top,192.45281982421875,440.3913269042969,190.4991912841797,200.5768585205078,239.82242578764777,0.0,0.0,1.0,1.0
050324_KL002_TimeOut_Opaque_TrNum9,2024-05-03,KL002B-KL002Y,Training Partner,opaque,29.999791240237695,levPress,242.35,0.780000000000001,1,0.0,lev_bottom,lev_top,210.60594177246094,436.49102783203125,196.55474853515625,228.63038635253906,208.33502419818436,0.0,0.0,1.0,-1.0
050324_KL002_TimeOut_Opaque_TrNum9,2024-05-03,KL002B-KL002Y,Training Partner,opaque,29.999791240237695,levPress,242.67,1.09999999999999,1,1.0,lev_bottom,lev_top,216.55393981933594,436.5731201171875,180.59571838378906,214.48873901367188,224.9765899353517,0.0,0.0,1.0,1.0
050324_KL002_TimeOut_Opaque_TrNum9,2024-05-03,KL002B-KL002Y,Training Partner,opaque,29.999791240237695,levPress,242.95,1.38,1,1.0,lev_bottom,lev_top,216.56838989257812,440.54095458984375,180.497314453125,212.43853759765625,230.93686392829645,0.0,0.0,1.0,-2.0
050324_KL002_TimeOut_Opaque_TrNum9,2024-05-03,KL002B-KL002Y,Training Partner,opaque,29.999791240237695,magEntry,245.58,1.21000000000001,0,1.0,mag_bottom,mag_top,1208.528076171875,466.34063720703125,1224.33642578125,226.3280792236328,240.53260050792787,0.0,0.0,,1.0
050324_KL002_TimeOut_Opaque_TrNum9,2024-05-03,KL002B-KL002Y,Training Partner,opaque,29.999791240237695,magEntry,245.81,1.44,0,0.0,mag_bottom,mag_top,1242.39794921875,454.49139404296875,1212.330322265625,222.49066162109375,233.9410225567092,0.0,0.0,,1.0
050324_KL002_TimeOut_Opaque_TrNum9,2024-05-03,KL002B-KL002Y,Training Partner,opaque,29.999791240237695,levPress,253.63,1.21000000000001,1,1.0,mag_top,lev_top,1188.4991455078125,204.4749755859375,184.40138244628906,214.5837860107422,1004.1486472795549,0.0,0.0,0.0,1.0
050324_KL002_TimeOut_Opaque_TrNum9,2024-05-03,KL002B-KL002Y,Training Partner,opaque,29.999791240237695,levPress,253.96,1.54000000000002,1,1.0,mag_top,lev_top,1188.66552734375,204.40628051757812,178.53524780273438,214.57081604003906,1010.1814190668911,0.0,0.0,0.0,-1.0
050324_KL002_TimeOut_Opaque_TrNum9,2024-05-03,KL002B-KL002Y,Training Partner,opaque,29.999791240237695,levPress,254.38,1.96000000000001,1,1.0,mag_top,lev_top,1224.4346923828125,212.48956298828125,188.37802124023438,210.45152282714844,1036.0586756679077,0.0,0.0,0.0,-1.0
050324_KL002_TimeOut_Opaque_TrNum9,2024-05-03,KL002B-KL002Y,Training Partner,opaque,29.999791240237695,levPress,258.67,6.25000000000003,1,0.0,lev_bottom,lev_top,196.55955505371094,452.6398010253906,208.51861572265625,196.3837127685547,256.53499157186883,0.0,0.0,0.0,1.0
050324_KL002_TimeOut_Opaque_TrNum9,2024-05-03,KL002B-KL002Y,Training Partner,opaque,29.999791240237695,levPress,259.36,6.94000000000003,1,0.0,lev_bottom,lev_top,200.637939453125,464.4200439453125,188.45306396484375,206.60357666015625,258.1042463696848,0.0,0.0,0.0,-2.0
050324_KL002_TimeOut_Opaque_TrNum9,2024-05-03,KL002B-KL002Y,Training Partner,opaque,29.999791240237695,levPress,261.02,0.0399999999999636,1,0.0,lev_bottom,lev_top,204.50682067871094,460.4461669921875,184.57569885253906,206.57733154296875,254.6500249942894,0.0,0.0,1.0,1.0
050324_KL002_TimeOut_Opaque_TrNum9,2024-05-03,KL002B-KL002Y,Training Partner,opaque,29.999791240237695,levPress,261.67,0.689999999999998,1,0.0,lev_bottom,lev_top,198.65573120117188,440.41131591796875,196.41116333007812,220.5211944580078,219.90157707620997,0.0,0.0,1.0,-1.0
050324_KL002_TimeOut_Opaque_TrNum9,2024-05-03,KL002B-KL002Y,Training Partner,opaque,29.999791240237695,levPress,261.96,0.979999999999961,1,1.0,lev_bottom,lev_top,214.55984497070312,428.4717712402344,184.5302276611328,226.46795654296875,204.2236985954531,0.0,0.0,1.0,1.0
050324_KL002_TimeOut_Opaque_TrNum9,2024-05-03,KL002B-KL002Y,Training Partner,opaque,29.999791240237695,levPress,262.2,1.21999999999997,1,0.0,lev_bottom,lev_top,220.42433166503906,432.4143371582031,180.49185180664062,210.5955047607422,225.38455438164848,0.0,0.0,1.0,-2.0
050324_KL002_TimeOut_Opaque_TrNum9,2024-05-03,KL002B-KL002Y,Training Partner,opaque,29.999791240237695,levPress,262.2,1.21999999999997,1,1.0,lev_bottom,lev_top,220.42433166503906,432.4143371582031,180.49185180664062,210.5955047607422,225.38455438164848,0.0,0.0,1.0,-2.0
050324_KL002_TimeOut_Opaque_TrNum9,2024-05-03,KL002B-KL002Y,Training Partner,opaque,29.999791240237695,magEntry,264.05,0.300000000000011,0,1.0,mid,mag_top,664.6007080078125,488.5729064941406,1232.4317626953125,224.5621337890625,626.2058725146635,0.0,0.0,,1.0
050324_KL002_TimeOut_Opaque_TrNum9,2024-05-03,KL002B-KL002Y,Training Partner,opaque,29.999791240237695,levPress,271.74,0.980000000000018,1,1.0,mid,lev_top,538.565673828125,152.34312438964844,184.50857543945312,220.42086791992188,360.54265778625887,0.0,0.08,0.0,1.0
050324_KL002_TimeOut_Opaque_TrNum9,2024-05-03,KL002B-KL002Y,Training Partner,opaque,29.999791240237695,levPress,272.07,1.31,1,1.0,lev_top,lev_top,338.4422607421875,176.55323791503906,184.62808227539062,218.37144470214844,159.39750285467173,0.0,0.08,0.0,-1.0
050324_KL002_TimeOut_Opaque_TrNum9,2024-05-03,KL002B-KL002Y,Training Partner,opaque,29.999791240237695,interaction,272.16856059480057,,24,,lev_top,lev_top,276.20100287264097,173.62763661488538,186.52577209472656,224.5454559326172,103.12260343467571,,,,
050324_KL002_TimeOut_Opaque_TrNum9,2024-05-03,KL002B-KL002Y,Training Partner,opaque,29.999791240237695,levPress,272.69,1.93000000000001,1,0.0,lev_top,lev_top,193.27771544687016,277.6418235051678,208.6886749267578,260.53643798828125,23.023724411399016,0.0,0.08,0.0,-1.0
050324_KL002_TimeOut_Opaque_TrNum9,2024-05-03,KL002B-KL002Y,Training Partner,opaque,29.999791240237695,levPress,273.31,2.55000000000001,1,1.0,other,lev_top,188.02223587912778,-180.69313619021813,200.47059631347656,256.4622802734375,437.33261920535455,0.0,0.08,0.0,-1.0
050324_KL002_TimeOut_Opaque_TrNum9,2024-05-03,KL002B-KL002Y,Training Partner,opaque,29.999791240237695,magEntry,275.77,12.02,0,0.0,mag_bottom,mag_top,1228.4755859375,456.38677978515625,1228.513916015625,224.4123992919922,231.97438365988202,0.0,0.08,,1.0
050324_KL002_TimeOut_Opaque_TrNum9,2024-05-03,KL002B-KL002Y,Training Partner,opaque,29.999791240237695,magEntry,276.42,12.67,0,1.0,mag_bottom,mag_top,1224.48388671875,456.46844482421875,1224.5048828125,224.35067749023438,232.11776828357984,0.0,0.08,,-1.0
050324_KL002_TimeOut_Opaque_TrNum9,2024-05-03,KL002B-KL002Y,Training Partner,opaque,29.999791240237695,levPress,280.02,9.25999999999999,1,0.0,lev_bottom,lev_top,190.72610473632812,448.56353759765625,184.47659301757812,202.5853729248047,246.0575418322862,0.0,0.0,0.0,1.0
050324_KL002_TimeOut_Opaque_TrNum9,2024-05-03,KL002B-KL002Y,Training Partner,opaque,29.999791240237695,levPress,280.6,9.84000000000003,1,0.0,lev_bottom,lev_top,196.5743408203125,456.58966064453125,200.44630432128906,216.4612579345703,240.15961752424172,0.0,0.0,0.0,-2.0
050324_KL002_TimeOut_Opaque_TrNum9,2024-05-03,KL002B-KL002Y,Training Partner,opaque,29.999791240237695,levPress,282.67,0.180000000000007,1,0.0,lev_bottom,lev_top,192.42320251464844,452.42083740234375,196.5099334716797,240.58937072753906,211.8708843695,0.0,0.0,0.0,1.0
050324_KL002_TimeOut_Opaque_TrNum9,2024-05-03,KL002B-KL002Y,Training Partner,opaque,29.999791240237695,levPress,283.21,0.71999999999997,1,0.0,lev_bottom,lev_top,204.4970703125,440.493408203125,200.6289825439453,236.44187927246094,204.0881881979623,0.0,0.0,0.0,-1.0
050324_KL002_TimeOut_Opaque_TrNum9,2024-05-03,KL002B-KL002Y,Training Partner,opaque,29.999791240237695,levPress,283.69,1.19999999999999,1,0.0,lev_bottom,lev_top,194.57113647460938,416.6053466796875,178.5489501953125,216.4279022216797,200.81762801832735,0.0,0.0,0.0,-1.0
050324_KL002_TimeOut_Opaque_TrNum9,2024-05-03,KL002B-KL002Y,Training Partner,opaque,29.999791240237695,levPress,283.71,1.21999999999997,1,1.0,lev_bottom,lev_top,198.49684143066406,412.63604736328125,180.44741821289062,212.54966735839844,200.89883310251622,0.0,0.0,0.0,1.0
050324_KL002_TimeOut_Opaque_TrNum9,2024-05-03,KL002B-KL002Y,Training Partner,opaque,29.999791240237695,levPress,283.8,1.31,1,1.0,lev_bottom,lev_top,206.6884002685547,408.5787353515625,180.4730682373047,212.5607452392578,197.76323237947003,0.0,0.0,0.0,-2.0
050324_KL002_TimeOut_Opaque_TrNum9,2024-05-03,KL002B-KL002Y,Training Partner,opaque,29.999791240237695,magEntry,286.62,22.87,0,1.0,mag_bottom,mag_top,1232.48828125,466.3212585449219,1216.6246337890625,228.38092041015625,238.46857198056836,0.0,0.0,,-1.0
050324_KL002_TimeOut_Opaque_TrNum9,2024-05-03,KL002B-KL002Y,Training Partner,opaque,29.999791240237695,magEntry,286.71,22.96,0,0.0,mag_bottom,mag_top,1236.553955078125,462.3637390136719,1208.59326171875,196.5172576904297,267.3128354663987,0.0,0.0,,-1.0
050324_KL002_TimeOut_Opaque_TrNum9,2024-05-03,KL002B-KL002Y,Training Partner,opaque,29.999791240237695,levPress,289.74,7.25,1,0.0,lev_bottom,lev_top,196.33541870117188,432.48162841796875,192.58651733398438,200.43492126464844,232.07698843737114,0.0,0.0,0.0,-2.0
050324_KL002_TimeOut_Opaque_TrNum9,2024-05-03,KL002B-KL002Y,Training Partner,opaque,29.999791240237695,levPress,290.49,0.170000000000016,1,0.0,lev_bottom,lev_top,194.515869140625,444.52801513671875,182.44313049316406,228.505126953125,216.35997605294594,0.0,0.0,1.0,1.0
050324_KL002_TimeOut_Opaque_TrNum9,2024-05-03,KL002B-KL002Y,Training Partner,opaque,29.999791240237695,levPress,291.18,0.860000000000014,1,0.0,lev_bottom,lev_top,204.5825653076172,424.6152648925781,196.41908264160156,228.56887817382812,196.21627912769117,0.0,0.0,1.0,-1.0
050324_KL002_TimeOut_Opaque_TrNum9,2024-05-03,KL002B-KL002Y,Training Partner,opaque,29.999791240237695,levPress,291.41,1.09000000000003,1,1.0,lev_bottom,lev_top,216.41123962402344,424.62054443359375,180.58522033691406,220.37498474121094,207.36381630365275,0.0,0.0,1.0,1.0
050324_KL002_TimeOut_Opaque_TrNum9,2024-05-03,KL002B-KL002Y,Training Partner,opaque,29.999791240237695,levPress,291.67,1.35000000000002,1,0.0,lev_bottom,lev_top,212.4695281982422,428.63018798828125,184.48880004882812,216.533447265625,213.93444924309193,0.0,0.0,1.0,-2.0
050324_KL002_TimeOut_Opaque_TrNum9,2024-05-03,KL002B-KL002Y,Training Partner,opaque,29.999791240237695,levPress,296.83,6.50999999999999,1,0.0,lev_bottom,lev_top,200.46237182617188,448.530517578125,196.63409423828125,200.3901824951172,248.16986441628512,0.0,0.0,1.0,-2.0
050324_KL002_TimeOut_Opaque_TrNum9,2024-05-03,KL002B-KL002Y,Training Partner,opaque,29.999791240237695,levPress,299.78,9.45999999999998,1,0.0,lev_bottom,lev_top,206.66763305664062,462.52581787109375,184.65599060058594,228.51382446289062,235.04494349484332,0.0,0.0,1.0,-2.0
050324_KL002_TimeOut_Opaque_TrNum9,2024-05-03,KL002B-KL002Y,Training Partner,opaque,29.999791240237695,levPress,301.61,11.29,1,0.0,lev_bottom,lev_top,216.4285888671875,466.4374694824219,174.56138610839844,236.58908081054688,233.63035856220156,0.0,0.0,1.0,-2.0
050324_KL002_TimeOut_Opaque_TrNum9,2024-05-03,KL002B-KL002Y,Training Partner,opaque,29.999791240237695,levPress,305.14,14.82,1,0.0,lev_bottom,lev_top,204.65663146972656,464.6480712890625,178.3221435546875,204.41720581054688,261.55995221257524,0.0,0.0,1.0,-2.0
050324_KL002_TimeOut_Opaque_TrNum9,2024-05-03,KL002B-KL002Y,Training Partner,opaque,29.999791240237695,levPress,306.95,16.63,1,0.0,lev_bottom,lev_top,192.5944366455078,450.3458251953125,188.370849609375,232.53834533691406,217.848426594544,0.0,0.0,1.0,-2.0
050324_KL002_TimeOut_Opaque_TrNum9,2024-05-03,KL002B-KL002Y,Training Partner,opaque,29.999791240237695,levPress,307.47,17.15,1,0.0,lev_bottom,lev_top,186.67201232910156,448.5955810546875,172.5877685546875,226.542236328125,222.4995591612503,0.0,0.0,1.0,-2.0
050324_KL002_TimeOut_Opaque_TrNum9,2024-05-03,KL002B-KL002Y,Training Partner,opaque,29.999791240237695,levPress,310.73,20.41,1,0.0,lev_bottom,lev_top,188.4527130126953,436.4411926269531,264.6376953125,252.51205444335938,199.08309672340613,0.0,0.0,1.0,-2.0
050324_KL002_TimeOut_Opaque_TrNum9,2024-05-03,KL002B-KL002Y,Training Partner,opaque,29.999791240237695,levPress,323.16,32.84,1,0.0,lev_bottom,lev_top,200.4136199951172,456.533203125,196.58412170410156,224.50732421875,232.05747895592307,0.0,0.0,1.0,-2.0
050324_KL002_TimeOut_Opaque_TrNum9,2024-05-03,KL002B-KL002Y,Training Partner,opaque,29.999791240237695,levPress,324.19,0.779999999999973,1,0.0,lev_bottom,lev_top,210.31158447265625,432.6316833496094,192.5435028076172,228.43629455566406,204.9669766834794,0.0,0.0,1.0,1.0
050324_KL002_TimeOut_Opaque_TrNum9,2024-05-03,KL002B-KL002Y,Training Partner,opaque,29.999791240237695,levPress,324.34,0.92999999999995,1,1.0,lev_bottom,lev_top,210.45208740234375,432.46722412109375,188.4712371826172,224.50328063964844,209.12235548772836,0.0,0.0,1.0,1.0
050324_KL002_TimeOut_Opaque_TrNum9,2024-05-03,KL002B-KL002Y,Training Partner,opaque,29.999791240237695,levPress,324.54,1.13,1,1.0,lev_bottom,lev_top,216.325439453125,432.56890869140625,188.54437255859375,232.4948272705078,201.99362795448454,0.0,0.0,1.0,-2.0
050324_KL002_TimeOut_Opaque_TrNum9,2024-05-03,KL002B-KL002Y,Training Partner,opaque,29.999791240237695,levPress,324.92,1.50999999999999,1,1.0,lev_bottom,lev_top,208.64471435546875,432.6236572265625,184.6722412109375,232.56959533691406,201.48525292738563,0.0,0.0,1.0,-2.0
050324_KL002_TimeOut_Opaque_TrNum9,2024-05-03,KL002B-KL002Y,Training Partner,opaque,29.999791240237695,magEntry,326.41,0.689999999999998,0,1.0,lev_bottom,mag_top,292.6539611816406,452.552490234375,1232.4547119140625,228.23902893066406,966.1997619536423,0.0,0.0,,1.0
050324_KL002_TimeOut_Opaque_TrNum9,2024-05-03,KL002B-KL002Y,Training Partner,opaque,29.999791240237695,magEntry,327.49,1.76999999999998,0,0.0,mag_bottom,mag_top,1232.5936279296875,462.3165283203125,1236.3280029296875,240.33901977539062,222.0089184164715,0.0,0.0,,1.0
050324_KL002_TimeOut_Opaque_TrNum9,2024-05-03,KL002B-KL002Y,Training Partner,opaque,29.999791240237695,levPress,335.02,0.419999999999959,1,0.0,lev_bottom,lev_top,192.60806274414062,428.5802307128906,192.4512481689453,224.53189086914062,204.0484001010581,0.0,0.0,1.0,1.0
050324_KL002_TimeOut_Opaque_TrNum9,2024-05-03,KL002B-KL002Y,Training Partner,opaque,29.999791240237695,levPress,335.39,0.789999999999964,1,0.0,lev_bottom,lev_top,202.50148010253906,424.3817138671875,192.4219970703125,228.4833984375,196.15745197770664,0.0,0.0,1.0,-1.0
050324_KL002_TimeOut_Opaque_TrNum9,2024-05-03,KL002B-KL002Y,Training Partner,opaque,29.999791240237695,levPress,335.63,1.02999999999997,1,0.0,lev_bottom,lev_top,208.4461669921875,420.53009033203125,184.46026611328125,224.47872924804688,197.5131884808089,0.0,0.0,1.0,-1.0
050324_KL002_TimeOut_Opaque_TrNum9,2024-05-03,KL002B-KL002Y,Training Partner,opaque,29.999791240237695,levPress,335.88,1.27999999999997,1,1.0,lev_bottom,lev_top,206.39407348632812,408.3792724609375,180.566650390625,206.59642028808594,203.42904221073087,0.0,0.0,1.0,1.0
050324_KL002_TimeOut_Opaque_TrNum9,2024-05-03,KL002B-KL002Y,Training Partner,opaque,29.999791240237695,levPress,335.98,1.38,1,0.0,lev_bottom,lev_top,214.33206176757812,408.5584716796875,180.5633087158203,212.3352508544922,199.10771224059596,0.0,0.0,1.0,-2.0
050324_KL002_TimeOut_Opaque_TrNum9,2024-05-03,KL002B-KL002Y,Training Partner,opaque,29.999791240237695,levPress,336.39,1.78999999999996,1,1.0,lev_bottom,lev_top,206.52532958984375,416.5497741699219,184.50209045410156,210.59120178222656,207.1327028791147,0.0,0.0,1.0,-2.0
050324_KL002_TimeOut_Opaque_TrNum9,2024-05-03,KL002B-KL002Y,Training Partner,opaque,29.999791240237695,magEntry,337.92,0.400000000000034,0,1.0,mid,mag_top,584.6454467773438,514.54443359375,1228.34033203125,222.51455688476562,706.8412510547925,0.0,0.0,,1.0
050324_KL002_TimeOut_Opaque_TrNum9,2024-05-03,KL002B-KL002Y,Training Partner,opaque,29.999791240237695,magEntry,339.79,2.27000000000004,0,0.0,mag_bottom,mag_top,1236.543701171875,464.38970947265625,1154.4705810546875,178.59622192382812,297.34477390916504,0.0,0.0,,1.0
050324_KL002_TimeOut_Opaque_TrNum9,2024-05-03,KL002B-KL002Y,Training Partner,opaque,29.999791240237695,levPress,344.73,0.970000000000027,1,1.0,mid,lev_top,578.4483642578125,268.325927734375,188.583251953125,228.37950134277344,391.90626784194995,0.0,0.0,1.0,1.0
050324_KL002_TimeOut_Opaque_TrNum9,2024-05-03,KL002B-KL002Y,Training Partner,opaque,29.999791240237695,levPress,345.44,1.68000000000001,1,0.0,lev_bottom,lev_top,220.3475341796875,420.38360595703125,184.4935760498047,214.51065063476562,208.97172068656315,0.0,0.0,1.0,1.0
050324_KL002_TimeOut_Opaque_TrNum9,2024-05-03,KL002B-KL002Y,Training Partner,opaque,29.999791240237695,levPress,345.46,1.69999999999999,1,1.0,lev_bottom,lev_top,220.3475341796875,420.38360595703125,184.4935760498047,214.51065063476562,208.97172068656315,0.0,0.0,1.0,-2.0
050324_KL002_TimeOut_Opaque_TrNum9,2024-05-03,KL002B-KL002Y,Training Partner,opaque,29.999791240237695,levPress,345.68,1.92000000000002,1,1.0,lev_bottom,lev_top,216.60488891601562,408.637939453125,184.55384826660156,214.55384826660156,196.71274401626636,0.0,0.0,1.0,-2.0
050324_KL002_TimeOut_Opaque_TrNum9,2024-05-03,KL002B-KL002Y,Training Partner,opaque,29.999791240237695,levPress,345.75,1.99000000000001,1,0.0,lev_bottom,lev_top,210.650390625,408.45758056640625,188.52325439453125,218.58978271484375,191.15279443095653,0.0,0.0,1.0,-2.0
050324_KL002_TimeOut_Opaque_TrNum9,2024-05-03,KL002B-KL002Y,Training Partner,opaque,29.999791240237695,levPress,346.1,2.34000000000003,1,1.0,lev_bottom,lev_top,212.31553649902344,412.6349182128906,188.41600036621094,220.5258026123047,193.59003105584466,0.0,0.0,1.0,-2.0
050324_KL002_TimeOut_Opaque_TrNum9,2024-05-03,KL002B-KL002Y,Training Partner,opaque,29.999791240237695,levPress,357.17,0.78000000000003,1,0.0,lev_bottom,lev_top,204.3637237548828,428.5823974609375,184.503662109375,226.34271240234375,203.21248057430566,0.0016666666666666668,0.0,1.0,1.0
050324_KL002_TimeOut_Opaque_TrNum9,2024-05-03,KL002B-KL002Y,Training Partner,opaque,29.999791240237695,levPress,357.37,0.980000000000018,1,0.0,lev_bottom,lev_top,210.3563232421875,424.7030029296875,192.43197631835938,232.39784240722656,193.13869880532803,0.0016666666666666668,0.0,1.0,-1.0
050324_KL002_TimeOut_Opaque_TrNum9,2024-05-03,KL002B-KL002Y,Training Partner,opaque,29.999791240237695,levPress,357.76,1.37,1,0.0,lev_bottom,lev_top,206.69415283203125,412.36199951171875,184.60113525390625,220.4679412841797,193.16167065114522,0.0016666666666666668,0.0,1.0,-1.0
050324_KL002_TimeOut_Opaque_TrNum9,2024-05-03,KL002B-KL002Y,Training Partner,opaque,29.999791240237695,levPress,357.8,1.41000000000003,1,1.0,lev_bottom,lev_top,206.49478149414062,412.32452392578125,184.58673095703125,218.6383514404297,194.92125612760117,0.0016666666666666668,0.0,1.0,1.0
050324_KL002_TimeOut_Opaque_TrNum9,2024-05-03,KL002B-KL002Y,Training Partner,opaque,29.999791240237695,levPress,357.97,1.58000000000004,1,1.0,lev_bottom,lev_top,210.63204956054688,408.44281005859375,178.48049926757812,216.42832946777344,194.68765482896907,0.0016666666666666668,0.0,1.0,-2.0
050324_KL002_TimeOut_Opaque_TrNum9,2024-05-03,KL002B-KL002Y,Training Partner,opaque,29.999791240237695,levPress,358.39,2.0,1,1.0,lev_bottom,lev_top,208.52923583984375,412.6428527832031,188.63980102539062,232.47244262695312,181.26490645767518,0.0016666666666666668,0.0,1.0,-2.0
050324_KL002_TimeOut_Opaque_TrNum9,2024-05-03,KL002B-KL002Y,Training Partner,opaque,29.999791240237695,gaze,361.93585192141387,,1,0.0,mag_bottom,mag_top,1196.511962890625,460.66925048828125,1232.406494140625,224.5431671142578,238.83874188082112,,,,
050324_KL002_TimeOut_Opaque_TrNum9,2024-05-03,KL002B-KL002Y,Training Partner,opaque,29.999791240237695,levPress,366.75,10.36,1,0.0,lev_bottom,lev_top,200.60963439941406,448.59735107421875,200.7151336669922,208.56405639648438,240.0333178622158,0.0016666666666666668,0.0,1.0,-2.0
050324_KL002_TimeOut_Opaque_TrNum9,2024-05-03,KL002B-KL002Y,Training Partner,opaque,29.999791240237695,levPress,368.65,0.71999999999997,1,0.0,lev_bottom,lev_top,204.42501831054688,436.52386474609375,194.71926879882812,236.43637084960938,200.32275653894118,0.0,0.0,1.0,1.0
050324_KL002_TimeOut_Opaque_TrNum9,2024-05-03,KL002B-KL002Y,Training Partner,opaque,29.999791240237695,levPress,369.06,1.13,1,0.0,lev_bottom,lev_top,210.43618774414062,420.6171875,185.32025694742015,216.3804368772739,205.7752664552163,0.0,0.0,1.0,-1.0
050324_KL002_TimeOut_Opaque_TrNum9,2024-05-03,KL002B-KL002Y,Training Partner,opaque,29.999791240237695,levPress,369.18,1.25,1,1.0,lev_bottom,lev_top,214.38446044921875,412.41790771484375,184.4587860107422,212.6015167236328,202.0448863479355,0.0,0.0,1.0,1.0
050324_KL002_TimeOut_Opaque_TrNum9,2024-05-03,KL002B-KL002Y,Training Partner,opaque,29.999791240237695,levPress,369.6,1.67000000000002,1,0.0,lev_bottom,lev_top,206.4614715576172,424.5850830078125,180.50888061523438,212.5022430419922,213.6648496702029,0.0,0.0,1.0,-2.0
050324_KL002_TimeOut_Opaque_TrNum9,2024-05-03,KL002B-KL002Y,Training Partner,opaque,29.999791240237695,levPress,369.69,1.75999999999999,1,1.0,lev_bottom,lev_top,208.40928649902344,424.6490783691406,184.4541015625,216.44107055664062,209.5815483352318,0.0,0.0,1.0,-2.0
050324_KL002_TimeOut_Opaque_TrNum9,2024-05-03,KL002B-KL002Y,Training Partner,opaque,29.999791240237695,levPress,378.66,10.73,1,0.0,lev_bottom,lev_top,196.374267578125,452.509033203125,192.41033935546875,196.44789123535156,256.09182172180857,0.0,0.0,1.0,-2.0
050324_KL002_TimeOut_Opaque_TrNum9,2024-05-03,KL002B-KL002Y,Training Partner,opaque,29.999791240237695,levPress,381.04,0.720000000000027,1,0.0,lev_bottom,lev_top,212.45420837402344,420.57421875,196.5677947998047,232.4115447998047,188.83212121971894,0.0,0.0,1.0,1.0
050324_KL002_TimeOut_Opaque_TrNum9,2024-05-03,KL002B-KL002Y,Training Partner,opaque,29.999791240237695,levPress,381.61,1.29000000000002,1,1.0,lev_bottom,lev_top,208.3404998779297,406.493408203125,184.38548278808594,214.59933471679688,193.38350054477502,0.0,0.0,1.0,1.0
050324_KL002_TimeOut_Opaque_TrNum9,2024-05-03,KL002B-KL002Y,Training Partner,opaque,29.999791240237695,levPress,381.62,1.30000000000001,1,0.0,lev_bottom,lev_top,208.3404998779297,406.493408203125,184.38548278808594,214.59933471679688,193.38350054477502,0.0,0.0,1.0,-2.0
050324_KL002_TimeOut_Opaque_TrNum9,2024-05-03,KL002B-KL002Y,Training Partner,opaque,29.999791240237695,levPress,381.89,1.56999999999999,1,1.0,lev_bottom,lev_top,206.43099975585938,400.43951416015625,176.56053161621094,216.40171813964844,186.4461188412561,0.0,0.0,1.0,-2.0
050324_KL002_TimeOut_Opaque_TrNum9,2024-05-03,KL002B-KL002Y,Training Partner,opaque,29.999791240237695,magEntry,384.22,1.13000000000005,0,0.0,mag_bottom,mag_top,1228.73486328125,462.51837158203125,1222.525390625,224.42666625976562,238.1726636159853,0.0,0.0,,1.0
050324_KL002_TimeOut_Opaque_TrNum9,2024-05-03,KL002B-KL002Y,Training Partner,opaque,29.999791240237695,magEntry,384.3,1.21000000000004,0,1.0,mag_bottom,mag_top,1244.575439453125,458.56304931640625,1220.4364013671875,228.45660400390625,231.3691192317352,0.0,0.0,,1.0
050324_KL002_TimeOut_Opaque_TrNum9,2024-05-03,KL002B-KL002Y,Training Partner,opaque,29.999791240237695,levPress,394.06,0.930000000000007,1,0.0,lev_bottom,lev_top,202.6392822265625,430.6180419921875,196.3422088623047,228.45648193359375,202.25960916178803,0.0,0.0,1.0,1.0
050324_KL002_TimeOut_Opaque_TrNum9,2024-05-03,KL002B-KL002Y,Training Partner,opaque,29.999791240237695,levPress,394.26,1.13,1,0.0,lev_bottom,lev_top,208.32969665527344,420.39825439453125,182.4315948486328,208.45144653320312,213.52320960446866,0.0,0.0,1.0,-1.0
050324_KL002_TimeOut_Opaque_TrNum9,2024-05-03,KL002B-KL002Y,Training Partner,opaque,29.999791240237695,levPress,394.31,1.18000000000001,1,0.0,lev_bottom,lev_top,208.52452087402344,408.47735595703125,184.3705291748047,208.4665069580078,201.46402912757424,0.0,0.0,1.0,-1.0
050324_KL002_TimeOut_Opaque_TrNum9,2024-05-03,KL002B-KL002Y,Training Partner,opaque,29.999791240237695,levPress,394.31,1.18000000000001,1,1.0,lev_bottom,lev_top,208.52452087402344,408.47735595703125,184.3705291748047,208.4665069580078,201.46402912757424,0.0,0.0,1.0,1.0
050324_KL002_TimeOut_Opaque_TrNum9,2024-05-03,KL002B-KL002Y,Training Partner,opaque,29.999791240237695,levPress,394.53,1.39999999999998,1,1.0,lev_bottom,lev_top,202.60740661621094,400.56243896484375,180.52584838867188,210.4472198486328,191.3932907741572,0.0,0.0,1.0,-2.0
050324_KL002_TimeOut_Opaque_TrNum9,2024-05-03,KL002B-KL002Y,Training Partner,opaque,29.999791240237695,levPress,404.06,10.93,1,0.0,lev_bottom,mag_top,204.38331604003906,452.627197265625,1138.9950501193416,239.5569407991057,958.5916897560866,0.0,0.0,1.0,-2.0
050324_KL002_TimeOut_Opaque_TrNum9,2024-05-03,KL002B-KL002Y,Training Partner,opaque,29.999791240237695,levPress,406.25,0.730000000000018,1,0.0,lev_bottom,lev_top,202.60824584960938,440.6315612792969,196.5491180419922,224.38877868652344,216.32765438855597,0.0,0.0,1.0,1.0
050324_KL002_TimeOut_Opaque_TrNum9,2024-05-03,KL002B-KL002Y,Training Partner,opaque,29.999791240237695,levPress,406.41,0.890000000000043,1,1.0,lev_bottom,lev_top,206.4057159423828,440.6611022949219,182.61917114257812,220.3841552734375,221.5575164660837,0.0,0.0,1.0,1.0
050324_KL002_TimeOut_Opaque_TrNum9,2024-05-03,KL002B-KL002Y,Training Partner,opaque,29.999791240237695,levPress,406.64,1.12,1,1.0,lev_bottom,lev_top,202.4902801513672,420.6055908203125,184.4918670654297,220.41110229492188,201.0019306115113,0.0,0.0,1.0,-2.0
050324_KL002_TimeOut_Opaque_TrNum9,2024-05-03,KL002B-KL002Y,Training Partner,opaque,29.999791240237695,levPress,416.39,0.389999999999986,1,0.0,lev_bottom,lev_top,196.41786193847656,432.5235595703125,192.36587524414062,228.4627685546875,204.10101671989204,0.0,0.0,1.0,1.0
050324_KL002_TimeOut_Opaque_TrNum9,2024-05-03,KL002B-KL002Y,Training Partner,opaque,29.999791240237695,levPress,416.8,0.800000000000011,1,0.0,lev_bottom,lev_top,204.4688720703125,416.45159912109375,196.60459899902344,236.37425231933594,180.24898785319255,0.018333333333333333,0.0,1.0,-1.0
050324_KL002_TimeOut_Opaque_TrNum9,2024-05-03,KL002B-KL002Y,Training Partner,opaque,29.999791240237695,levPress,417.11,1.11000000000001,1,0.0,lev_bottom,lev_top,208.52978515625,416.6071472167969,182.51055908203125,222.56150817871094,195.78230296735313,0.025,0.0,1.0,-1.0
050324_KL002_TimeOut_Opaque_TrNum9,2024-05-03,KL002B-KL002Y,Training Partner,opaque,29.999791240237695,levPress,417.23,1.23000000000002,1,1.0,lev_bottom,lev_top,202.64328002929688,416.61773681640625,180.48204040527344,216.5843505859375,201.257238748079,0.025,0.0,1.0,1.0
050324_KL002_TimeOut_Opaque_TrNum9,2024-05-03,KL002B-KL002Y,Training Partner,opaque,29.999791240237695,levPress,417.38,1.38,1,1.0,lev_bottom,lev_top,206.3615264892578,408.3623046875,184.48582458496094,220.39015197753906,189.24078981081888,0.025,0.0,1.0,-2.0
050324_KL002_TimeOut_Opaque_TrNum9,2024-05-03,KL002B-KL002Y,Training Partner,opaque,29.999791240237695,levPress,417.46,1.45999999999998,1,0.0,lev_bottom,lev_top,206.60997009277344,408.337646484375,184.57427978515625,224.41468811035156,185.2382958904178,0.025,0.0,1.0,-2.0
050324_KL002_TimeOut_Opaque_TrNum9,2024-05-03,KL002B-KL002Y,Training Partner,opaque,29.999791240237695,gaze,421.4029323992001,,15,0.0,mag_bottom,mag_top,1180.35107421875,440.60784912109375,1224.5516357421875,224.52383422851562,220.5583621880683,,,,
050324_KL002_TimeOut_Opaque_TrNum9,2024-05-03,KL002B-KL002Y,Training Partner,opaque,29.999791240237695,levPress,426.05,0.189999999999998,1,0.0,lev_bottom,lev_top,196.48388671875,444.39447021484375,196.5113983154297,232.41932678222656,211.9751452179396,0.025,0.0,0.0,1.0
050324_KL002_TimeOut_Opaque_TrNum9,2024-05-03,KL002B-KL002Y,Training Partner,opaque,29.999791240237695,levPress,426.61,0.75,1,0.0,lev_bottom,lev_top,204.41395568847656,428.49365234375,196.57798767089844,236.3909149169922,192.26248755705404,0.015,0.0,0.0,-1.0
050324_KL002_TimeOut_Opaque_TrNum9,2024-05-03,KL002B-KL002Y,Training Partner,opaque,29.999791240237695,levPress,426.89,1.02999999999997,1,0.0,lev_bottom,lev_top,208.47723388671875,432.398681640625,188.4153289794922,232.4096221923828,200.9927957104412,0.0016666666666666668,0.0,0.0,-1.0
050324_KL002_TimeOut_Opaque_TrNum9,2024-05-03,KL002B-KL002Y,Training Partner,opaque,29.999791240237695,levPress,427.19,1.32999999999998,1,1.0,lev_bottom,lev_top,204.42938232421875,416.4363708496094,184.4842071533203,220.34715270996094,197.1009677378994,0.0,0.0,0.0,1.0
050324_KL002_TimeOut_Opaque_TrNum9,2024-05-03,KL002B-KL002Y,Training Partner,opaque,29.999791240237695,levPress,427.24,1.38,1,0.0,lev_bottom,lev_top,202.56857299804688,412.39080810546875,184.5261993408203,220.3849334716797,192.85171282898503,0.0,0.0,0.0,-2.0
050324_KL002_TimeOut_Opaque_TrNum9,2024-05-03,KL002B-KL002Y,Training Partner,opaque,29.999791240237695,levPress,427.39,1.52999999999997,1,1.0,lev_bottom,lev_top,206.41355895996094,412.4674072265625,180.3875732421875,212.53924560546875,201.615033521243,0.0,0.0,0.0,-2.0
050324_KL002_TimeOut_Opaque_TrNum9,2024-05-03,KL002B-KL002Y,Training Partner,opaque,29.999791240237695,levPress,434.77,0.769999999999982,1,0.0,lev_bottom,lev_top,204.48194885253906,424.619140625,196.5406951904297,224.49647521972656,200.28016556473332,0.0,0.0,1.0,1.0
050324_KL002_TimeOut_Opaque_TrNum9,2024-05-03,KL002B-KL002Y,Training Partner,opaque,29.999791240237695,levPress,435.03,1.02999999999997,1,0.0,lev_bottom,lev_top,204.56039428710938,424.421630859375,184.51344299316406,216.4774627685547,208.90825091212923,0.0,0.0,1.0,-1.0
050324_KL002_TimeOut_Opaque_TrNum9,2024-05-03,KL002B-KL002Y,Training Partner,opaque,29.999791240237695,levPress,435.15,1.14999999999998,1,1.0,lev_bottom,lev_top,220.43162536621094,416.67132568359375,180.59400939941406,216.4100799560547,204.18521539588457,0.0,0.0,1.0,1.0
050324_KL002_TimeOut_Opaque_TrNum9,2024-05-03,KL002B-KL002Y,Training Partner,opaque,29.999791240237695,levPress,435.27,1.26999999999998,1,1.0,lev_bottom,lev_top,212.60214233398438,420.5421447753906,184.44883728027344,212.511474609375,209.92705474799786,0.0,0.0,1.0,-2.0
050324_KL002_TimeOut_Opaque_TrNum9,2024-05-03,KL002B-KL002Y,Training Partner,opaque,29.999791240237695,levPress,435.42,1.42000000000002,1,0.0,lev_bottom,lev_top,198.56005859375,426.395263671875,182.57379150390625,216.49880981445312,210.50435168278267,0.0,0.0,1.0,-2.0
050324_KL002_TimeOut_Opaque_TrNum9,2024-05-03,KL002B-KL002Y,Training Partner,opaque,29.999791240237695,levPress,443.04,9.04000000000002,1,0.0,lev_bottom,lev_top,196.41928100585938,442.38543701171875,178.63389587402344,220.5629425048828,222.53435463658863,0.0,0.0,1.0,-2.0
050324_KL002_TimeOut_Opaque_TrNum9,2024-05-03,KL002B-KL002Y,Training Partner,opaque,29.999791240237695,magEntry,446.31,9.81999999999999,0,0.0,mag_top,lev_top,1222.617919921875,228.5685272216797,192.6372528076172,226.473388671875,1029.9827980285274,0.0,0.0,,1.0
050324_KL002_TimeOut_Opaque_TrNum9,2024-05-03,KL002B-KL002Y,Training Partner,opaque,29.999791240237695,magEntry,451.62,15.13,0,1.0,lev_bottom,mag_bottom,204.5706787109375,452.3782958984375,1234.4990234375,450.5079345703125,1029.9300430236485,0.0,0.0,,1.0
050324_KL002_TimeOut_Opaque_TrNum9,2024-05-03,KL002B-KL002Y,Training Partner,opaque,29.999791240237695,interaction,459.4698639606529,,73,,lev_top,lev_top,248.42633056640625,208.41151428222656,181.46570125083608,177.06151375315417,73.93611033527552,,,,
050324_KL002_TimeOut_Opaque_TrNum9,2024-05-03,KL002B-KL002Y,Training Partner,opaque,29.999791240237695,levPress,459.55,1.31999999999999,1,1.0,lev_top,lev_top,228.58328247070312,208.67823791503906,185.21373786396606,186.3432833473714,48.782861692765984,0.0,0.24333333333333335,0.0,1.0
050324_KL002_TimeOut_Opaque_TrNum9,2024-05-03,KL002B-KL002Y,Training Partner,opaque,29.999791240237695,levPress,459.72,1.49000000000001,1,1.0,lev_top,lev_top,207.0550816146923,205.58176721387366,192.4862060546875,208.59765625,14.87775929907231,0.0,0.24333333333333335,0.0,-1.0
050324_KL002_TimeOut_Opaque_TrNum9,2024-05-03,KL002B-KL002Y,Training Partner,opaque,29.999791240237695,levPress,460.25,2.01999999999998,1,1.0,lev_top,lev_top,200.56814689723228,234.93246694626566,184.59524536132812,188.36399841308594,49.23165490821367,0.0,0.24333333333333335,0.0,-1.0
050324_KL002_TimeOut_Opaque_TrNum9,2024-05-03,KL002B-KL002Y,Training Partner,opaque,29.999791240237695,magEntry,466.12,29.63,0,0.0,mag_bottom,lev_top,1220.3897705078125,456.6405029296875,200.5394287109375,228.47288513183594,1045.0622859307234,0.0,0.08,,-1.0
050324_KL002_TimeOut_Opaque_TrNum9,2024-05-03,KL002B-KL002Y,Training Partner,opaque,29.999791240237695,levPress,469.97,1.37,1,1.0,mag_top,lev_top,1136.5018310546875,186.46656799316406,184.52809143066406,224.42010498046875,952.730009973232,0.0,0.12333333333333334,0.0,1.0
050324_KL002_TimeOut_Opaque_TrNum9,2024-05-03,KL002B-KL002Y,Training Partner,opaque,29.999791240237695,levPress,470.33,1.72999999999996,1,1.0,mid,lev_top,830.5074462890625,148.63710021972656,180.60011291503906,210.68482971191406,652.8625143998312,0.0,0.12333333333333334,0.0,-1.0
050324_KL002_TimeOut_Opaque_TrNum9,2024-05-03,KL002B-KL002Y,Training Partner,opaque,29.999791240237695,levPress,470.71,2.10999999999996,1,1.0,mid,lev_top,544.4417114257812,176.41415405273438,188.50045776367188,222.67164611816406,358.93443918177786,0.0,0.12333333333333334,0.0,-1.0
050324_KL002_TimeOut_Opaque_TrNum9,2024-05-03,KL002B-KL002Y,Training Partner,opaque,29.999791240237695,levPress,470.85,2.25,1,1.0,mid,lev_top,516.5250244140625,168.4276123046875,184.5712432861328,218.47415161132812,335.705181523462,0.0,0.12333333333333334,0.0,-1.0
050324_KL002_TimeOut_Opaque_TrNum9,2024-05-03,KL002B-KL002Y,Training Partner,opaque,29.999791240237695,interaction,471.4366138998487,,37,,lev_top,lev_top,196.01500384543945,150.7563625100525,178.33055114746094,228.62911987304688,79.8555333495609,,,,
050324_KL002_TimeOut_Opaque_TrNum9,2024-05-03,KL002B-KL002Y,Training Partner,opaque,29.999791240237695,levPress,471.49,2.88999999999999,1,0.0,lev_top,lev_top,194.73673106417107,153.21819915240897,180.6270294189453,236.4170379638672,84.38679079152313,0.0,0.12333333333333334,0.0,-1.0
050324_KL002_TimeOut_Opaque_TrNum9,2024-05-03,KL002B-KL002Y,Training Partner,opaque,29.999791240237695,magEntry,473.76,37.27,0,1.0,lev_bottom,mag_top,284.6518249511719,448.583740234375,1224.636962890625,218.4344024658203,967.7503692700701,0.0,0.12333333333333334,,-1.0
050324_KL002_TimeOut_Opaque_TrNum9,2024-05-03,KL002B-KL002Y,Training Partner,opaque,29.999791240237695,levPress,476.47,0.25,1,0.0,lev_bottom,lev_top,192.46774291992188,428.5845947265625,228.88811057413085,195.10022480379607,236.30783774199912,0.0,0.12040133779264214,1.0,1.0
050324_KL002_TimeOut_Opaque_TrNum9,2024-05-03,KL002B-KL002Y,Training Partner,opaque,29.999791240237695,levPress,476.99,0.769999999999982,1,0.0,lev_bottom,lev_top,208.50755310058594,420.36944580078125,190.5573272705078,220.49147033691406,200.68237511770957,0.0,0.07,1.0,-1.0
050324_KL002_TimeOut_Opaque_TrNum9,2024-05-03,KL002B-KL002Y,Training Partner,opaque,29.999791240237695,levPress,477.13,0.909999999999968,1,1.0,lev_bottom,lev_top,206.65907287597656,412.6175537109375,184.5201873779297,220.60617065429688,193.2834743955613,0.0016666666666666668,0.056666666666666664,1.0,1.0
050324_KL002_TimeOut_Opaque_TrNum9,2024-05-03,KL002B-KL002Y,Training Partner,opaque,29.999791240237695,levPress,477.26,1.03999999999996,1,0.0,lev_bottom,lev_top,210.55279541015625,420.60418701171875,188.44883728027344,220.47166442871094,201.34947618617176,0.0016666666666666668,0.043333333333333335,1.0,-2.0
050324_KL002_TimeOut_Opaque_TrNum9,2024-05-03,KL002B-KL002Y,Training Partner,opaque,29.999791240237695,levPress,477.35,1.13,1,1.0,lev_bottom,lev_top,210.63145446777344,420.53662109375,188.48915100097656,224.35060119628906,197.43159829678396,0.0016666666666666668,0.03333333333333333,1.0,-2.0
050324_KL002_TimeOut_Opaque_TrNum9,2024-05-03,KL002B-KL002Y,Training Partner,opaque,29.999791240237695,levPress,477.73,1.50999999999999,1,1.0,lev_bottom,lev_top,208.35824584960938,424.3994140625,184.50408935546875,224.42449951171875,201.3926196056827,0.0016666666666666668,0.0,1.0,-2.0
050324_KL002_TimeOut_Opaque_TrNum9,2024-05-03,KL002B-KL002Y,Training Partner,opaque,29.999791240237695,magEntry,479.11,0.0400000000000205,0,1.0,mid,mag_top,510.52410888671875,504.39227294921875,1228.5233154296875,224.4011993408203,770.6606658554181,0.0016666666666666668,0.0,,1.0
050324_KL002_TimeOut_Opaque_TrNum9,2024-05-03,KL002B-KL002Y,Training Partner,opaque,29.999791240237695,magEntry,479.84,0.769999999999982,0,0.0,mag_bottom,mag_top,1240.6458740234375,454.5234375,1250.3905029296875,236.44943237304688,218.29161574515615,0.0016666666666666668,0.0,,1.0
050324_KL002_TimeOut_Opaque_TrNum9,2024-05-03,KL002B-KL002Y,Training Partner,opaque,29.999791240237695,gaze,481.97002053156416,,1,0.0,mag_bottom,mid,1138.4327392578125,436.2977600097656,656.5802001953125,192.47520446777344,540.0289881034221,,,,
050324_KL002_TimeOut_Opaque_TrNum9,2024-05-03,KL002B-KL002Y,Training Partner,opaque,29.999791240237695,levPress,486.04,9.81999999999999,1,0.0,lev_bottom,lev_top,204.4297332763672,440.63165283203125,196.54922485351562,222.51443481445312,218.25953177062013,0.0016666666666666668,0.0,1.0,-2.0
050324_KL002_TimeOut_Opaque_TrNum9,2024-05-03,KL002B-KL002Y,Training Partner,opaque,29.999791240237695,levPress,488.25,12.03,1,0.0,lev_bottom,lev_top,212.47703552246094,448.6143493652344,192.40676879882812,224.40550231933594,225.1053591099262,0.0,0.0,1.0,-2.0
050324_KL002_TimeOut_Opaque_TrNum9,2024-05-03,KL002B-KL002Y,Training Partner,opaque,29.999791240237695,levPress,489.68,0.730000000000018,1,0.0,lev_bottom,lev_top,210.55958557128906,436.36767578125,194.62901306152344,232.34521484375,204.64346485407887,0.0,0.0,1.0,1.0
050324_KL002_TimeOut_Opaque_TrNum9,2024-05-03,KL002B-KL002Y,Training Partner,opaque,29.999791240237695,levPress,489.9,0.949999999999989,1,1.0,lev_bottom,lev_top,200.5220489501953,432.44769287109375,202.55987548828125,228.50787353515625,203.95000036228035,0.0,0.0,1.0,1.0
050324_KL002_TimeOut_Opaque_TrNum9,2024-05-03,KL002B-KL002Y,Training Partner,opaque,29.999791240237695,levPress,490.0,1.05000000000001,1,0.0,lev_bottom,lev_top,216.41937255859375,416.6640625,202.47836303710938,232.38963317871094,184.8010201491455,0.0,0.0,1.0,-2.0
050324_KL002_TimeOut_Opaque_TrNum9,2024-05-03,KL002B-KL002Y,Training Partner,opaque,29.999791240237695,levPress,490.06,1.11000000000001,1,1.0,lev_bottom,lev_top,212.60133361816406,420.6656494140625,200.58546447753906,228.57373046875,192.46736459799394,0.0,0.0,1.0,-2.0
050324_KL002_TimeOut_Opaque_TrNum9,2024-05-03,KL002B-KL002Y,Training Partner,opaque,29.999791240237695,levPress,490.2,1.25,1,1.0,lev_bottom,lev_top,210.65359497070312,424.4605712890625,196.48297119140625,228.48056030273438,196.49165703534507,0.0,0.0,1.0,-2.0
050324_KL002_TimeOut_Opaque_TrNum9,2024-05-03,KL002B-KL002Y,Training Partner,opaque,29.999791240237695,levPress,501.84,0.199999999999989,1,0.0,lev_bottom,lev_top,188.51747131347656,448.4745788574219,194.42819213867188,220.43222045898438,228.11894670236143,0.0,0.0,1.0,1.0
050324_KL002_TimeOut_Opaque_TrNum9,2024-05-03,KL002B-KL002Y,Training Partner,opaque,29.999791240237695,levPress,502.39,0.75,1,0.0,lev_bottom,lev_top,208.43246459960938,428.6946716308594,192.4960174560547,228.59341430664062,200.734858782157,0.0,0.0,1.0,-1.0
050324_KL002_TimeOut_Opaque_TrNum9,2024-05-03,KL002B-KL002Y,Training Partner,opaque,29.999791240237695,levPress,502.72,1.08000000000004,1,0.0,lev_bottom,lev_top,196.6357879638672,420.41558837890625,188.4255828857422,224.62741088867188,195.96024574482547,0.0,0.0,1.0,-1.0
050324_KL002_TimeOut_Opaque_TrNum9,2024-05-03,KL002B-KL002Y,Training Partner,opaque,29.999791240237695,levPress,502.85,1.21000000000004,1,1.0,lev_bottom,lev_top,206.60877990722656,412.38519287109375,186.44927978515625,214.51022338867188,198.89924331892553,0.0,0.0,1.0,1.0
050324_KL002_TimeOut_Opaque_TrNum9,2024-05-03,KL002B-KL002Y,Training Partner,opaque,29.999791240237695,levPress,503.41,1.77000000000004,1,1.0,lev_bottom,lev_top,202.6017303466797,416.42572021484375,188.59127807617188,226.46652221679688,190.4751681371757,0.0,0.0,1.0,-2.0
050324_KL002_TimeOut_Opaque_TrNum9,2024-05-03,KL002B-KL002Y,Training Partner,opaque,29.999791240237695,magEntry,505.34,0.409999999999968,0,0.0,mag_bottom,mag_top,1246.4466552734375,456.32525634765625,1240.438232421875,224.51589965820312,231.88721179474578,0.0,0.0,,1.0
050324_KL002_TimeOut_Opaque_TrNum9,2024-05-03,KL002B-KL002Y,Training Partner,opaque,29.999791240237695,magEntry,508.3,3.37,0,1.0,mag_bottom,mag_top,1208.477294921875,464.45428466796875,1228.5826416015625,216.5414581298828,248.72674670652833,0.0,0.0,,1.0
050324_KL002_TimeOut_Opaque_TrNum9,2024-05-03,KL002B-KL002Y,Training Partner,opaque,29.999791240237695,levPress,514.19,0.0800000000000409,1,0.0,lev_bottom,lev_top,196.565673828125,456.3598937988281,194.39501953125,228.51922607421875,227.85100747916914,0.0,0.0,0.0,1.0
050324_KL002_TimeOut_Opaque_TrNum9,2024-05-03,KL002B-KL002Y,Training Partner,opaque,29.999791240237695,levPress,514.84,0.730000000000018,1,0.0,lev_bottom,lev_top,204.46717834472656,428.50408935546875,196.61141967773438,232.4918670654297,196.16958029040515,0.0,0.0,0.0,-1.0
050324_KL002_TimeOut_Opaque_TrNum9,2024-05-03,KL002B-KL002Y,Training Partner,opaque,29.999791240237695,levPress,515.38,1.26999999999998,1,1.0,lev_bottom,lev_top,216.3226776123047,408.60009765625,180.5241241455078,216.4150390625,195.49074959444562,0.0,0.0,0.0,1.0
050324_KL002_TimeOut_Opaque_TrNum9,2024-05-03,KL002B-KL002Y,Training Partner,opaque,29.999791240237695,magEntry,517.12,12.19,0,1.0,lev_bottom,mag_top,256.57745361328125,452.4610595703125,1228.5074462890625,220.6044464111328,999.2023817667719,0.0,0.0,,-1.0
050324_KL002_TimeOut_Opaque_TrNum9,2024-05-03,KL002B-KL002Y,Training Partner,opaque,29.999791240237695,magEntry,520.06,15.1299999999999,0,0.0,mag_bottom,lev_top,1232.412353515625,468.34918212890625,200.4598388671875,196.4398651123047,1067.1741512844417,0.0,0.0,,-1.0
050324_KL002_TimeOut_Opaque_TrNum9,2024-05-03,KL002B-KL002Y,Training Partner,opaque,29.999791240237695,levPress,521.81,0.869999999999891,1,1.0,mag_bottom,lev_top,1090.54443359375,452.3759765625,200.50120544433594,236.5060577392578,915.8475691005481,0.0,0.0,0.0,1.0
050324_KL002_TimeOut_Opaque_TrNum9,2024-05-03,KL002B-KL002Y,Training Partner,opaque,29.999791240237695,levPress,522.4,1.45999999999992,1,1.0,mid,lev_top,446.57452392578125,520.4490356445312,188.34434509277344,220.34864807128906,395.9079032827425,0.0,0.0,0.0,-1.0
050324_KL002_TimeOut_Opaque_TrNum9,2024-05-03,KL002B-KL002Y,Training Partner,opaque,29.999791240237695,levPress,522.93,1.9899999999999,1,0.0,lev_bottom,lev_top,212.5347442626953,420.63482666015625,176.5438232421875,212.38209533691406,211.3398838352452,0.0,0.0,0.0,1.0
050324_KL002_TimeOut_Opaque_TrNum9,2024-05-03,KL002B-KL002Y,Training Partner,opaque,29.999791240237695,levPress,522.99,2.04999999999995,1,1.0,lev_bottom,lev_top,216.46632385253906,424.42266845703125,180.41847229003906,212.4351806640625,215.0305619744461,0.0,0.0,0.0,-2.0
050324_KL002_TimeOut_Opaque_TrNum9,2024-05-03,KL002B-KL002Y,Training Partner,opaque,29.999791240237695,levPress,523.43,2.4899999999999,1,1.0,lev_bottom,lev_top,210.52149963378906,412.45611572265625,196.361572265625,232.342041015625,180.6698188703407,0.0,0.0,0.0,-2.0
050324_KL002_TimeOut_Opaque_TrNum9,2024-05-03,KL002B-KL002Y,Training Partner,opaque,29.999791240237695,magEntry,525.12,20.19,0,1.0,mid,mag_top,524.655029296875,510.6156005859375,1224.4412841796875,218.6234130859375,758.2613270396611,0.0,0.0,,-1.0
050324_KL002_TimeOut_Opaque_TrNum9,2024-05-03,KL002B-KL002Y,Training Partner,opaque,29.999791240237695,levPress,530.5,9.55999999999995,1,0.0,lev_bottom,lev_top,200.3884735107422,452.63116455078125,184.56729125976562,220.3091583251953,232.86009616183665,0.0,0.0,0.0,-2.0
050324_KL002_TimeOut_Opaque_TrNum9,2024-05-03,KL002B-KL002Y,Training Partner,opaque,29.999791240237695,levPress,531.26,0.200000000000045,1,0.0,lev_bottom,lev_top,192.49142456054688,444.5106506347656,186.64076232910156,232.38343811035156,212.2078804896849,0.0,0.0,0.0,1.0
050324_KL002_TimeOut_Opaque_TrNum9,2024-05-03,KL002B-KL002Y,Training Partner,opaque,29.999791240237695,levPress,531.85,0.790000000000077,1,0.0,lev_bottom,lev_top,208.51461791992188,428.50048828125,198.6117401123047,240.3610076904297,188.3999234231698,0.0,0.0,0.0,-1.0
050324_KL002_TimeOut_Opaque_TrNum9,2024-05-03,KL002B-KL002Y,Training Partner,opaque,29.999791240237695,levPress,532.31,1.25,1,1.0,lev_bottom,lev_top,210.4767608642578,408.4034423828125,180.4829864501953,216.42153930664062,194.31077585237088,0.0,0.0,0.0,1.0
050324_KL002_TimeOut_Opaque_TrNum9,2024-05-03,KL002B-KL002Y,Training Partner,opaque,29.999791240237695,levPress,532.86,1.80000000000007,1,1.0,lev_bottom,lev_top,206.44412231445312,416.55389404296875,184.5869140625,220.48196411132812,197.28643962443905,0.0,0.0,0.0,-2.0
050324_KL002_TimeOut_Opaque_TrNum9,2024-05-03,KL002B-KL002Y,Training Partner,opaque,29.999791240237695,levPress,538.74,0.129999999999995,1,0.0,lev_bottom,lev_top,196.4609832763672,448.56402587890625,196.37246704101562,228.52294921875,220.04109446393116,0.0,0.0,0.0,1.0
050324_KL002_TimeOut_Opaque_TrNum9,2024-05-03,KL002B-KL002Y,Training Partner,opaque,29.999791240237695,levPress,539.35,0.740000000000009,1,0.0,lev_bottom,lev_top,208.52218627929688,440.31451416015625,204.47677612304688,232.3332977294922,208.02055603067456,0.0,0.0,0.0,-1.0
050324_KL002_TimeOut_Opaque_TrNum9,2024-05-03,KL002B-KL002Y,Training Partner,opaque,29.999791240237695,levPress,539.65,1.03999999999996,1,0.0,lev_bottom,lev_top,204.6027069091797,424.5658264160156,188.39273071289062,232.49473571777344,192.75390322973135,0.0,0.0,0.0,-1.0
050324_KL002_TimeOut_Opaque_TrNum9,2024-05-03,KL002B-KL002Y,Training Partner,opaque,29.999791240237695,levPress,539.92,1.30999999999995,1,1.0,lev_bottom,lev_top,216.30128479003906,416.66680908203125,176.59991455078125,212.59991455078125,207.89299228810705,0.0,0.0,0.0,1.0
050324_KL002_TimeOut_Opaque_TrNum9,2024-05-03,KL002B-KL002Y,Training Partner,opaque,29.999791240237695,magEntry,541.7,36.77,0,1.0,mid,mag_top,756.6859130859375,522.4824829101562,1228.3955078125,220.51345825195312,560.085023554571,0.0,0.0,,-1.0
050324_KL002_TimeOut_Opaque_TrNum9,2024-05-03,KL002B-KL002Y,Training Partner,opaque,29.999791240237695,magEntry,542.3,37.3699999999999,0,0.0,mag_bottom,mag_top,1240.4339599609375,458.5047302246094,1232.3756103515625,224.3172149658203,234.32611741227754,0.0,0.0,,-1.0
050324_KL002_TimeOut_Opaque_TrNum9,2024-05-03,KL002B-KL002Y,Training Partner,opaque,29.999791240237695,levPress,546.27,1.07999999999993,1,1.0,mid,lev_top,816.3720092773438,136.5381622314453,184.6029510498047,220.53768920898438,637.3288503325124,0.0,0.0,0.0,1.0
050324_KL002_TimeOut_Opaque_TrNum9,2024-05-03,KL002B-KL002Y,Training Partner,opaque,29.999791240237695,levPress,546.72,1.52999999999997,1,1.0,mid,lev_top,544.5805053710938,276.45263671875,184.408203125,214.6201629638672,365.4412977701067,0.0,0.0,0.0,-1.0
050324_KL002_TimeOut_Opaque_TrNum9,2024-05-03,KL002B-KL002Y,Training Partner,opaque,29.999791240237695,levPress,547.01,1.81999999999994,1,1.0,other,lev_top,350.6790771484375,408.46636962890625,188.4578094482422,226.51089477539062,243.76942901731297,0.0,0.0,0.0,-1.0
050324_KL002_TimeOut_Opaque_TrNum9,2024-05-03,KL002B-KL002Y,Training Partner,opaque,29.999791240237695,levPress,547.17,1.9799999999999,1,1.0,lev_bottom,lev_top,238.43524169921875,412.6292419433594,184.512939453125,218.6015167236328,201.38116305518946,0.0,0.0,0.0,-1.0
050324_KL002_TimeOut_Opaque_TrNum9,2024-05-03,KL002B-KL002Y,Training Partner,opaque,29.999791240237695,levPress,547.41,2.21999999999991,1,0.0,lev_bottom,lev_top,198.39804077148438,404.524169921875,192.45391845703125,226.51901245117188,178.1043757920029,0.0,0.0,0.0,1.0
050324_KL002_TimeOut_Opaque_TrNum9,2024-05-03,KL002B-KL002Y,Training Partner,opaque,29.999791240237695,levPress,547.77,2.57999999999993,1,1.0,lev_bottom,lev_top,206.64491271972656,412.50811767578125,188.59071350097656,222.5205841064453,190.8434358870901,0.0,0.0,0.0,-2.0
050324_KL002_TimeOut_Opaque_TrNum9,2024-05-03,KL002B-KL002Y,Training Partner,opaque,29.999791240237695,magEntry,550.42,45.49,0,1.0,mag_bottom,mag_top,1176.62841796875,466.38006591796875,1224.636474609375,220.27410888671875,250.74472195577104,0.0,0.0,,-1.0
050324_KL002_TimeOut_Opaque_TrNum9,2024-05-03,KL002B-KL002Y,Training Partner,opaque,29.999791240237695,levPress,556.99,0.169999999999959,1,0.0,lev_bottom,lev_top,196.6085662841797,448.52618408203125,320.6217041015625,256.5245361328125,228.56922620188598,0.0,0.0,1.0,1.0
050324_KL002_TimeOut_Opaque_TrNum9,2024-05-03,KL002B-KL002Y,Training Partner,opaque,29.999791240237695,levPress,557.56,0.739999999999895,1,0.0,lev_bottom,lev_top,206.57583618164062,432.6409912109375,226.39052912148787,246.65842982128672,187.03511755110497,0.0,0.0,1.0,-1.0
050324_KL002_TimeOut_Opaque_TrNum9,2024-05-03,KL002B-KL002Y,Training Partner,opaque,29.999791240237695,levPress,557.77,0.949999999999932,1,1.0,lev_bottom,lev_top,198.71311950683594,420.62530517578125,188.59129333496094,232.42543029785156,188.4718659883274,0.0,0.0,1.0,1.0
050324_KL002_TimeOut_Opaque_TrNum9,2024-05-03,KL002B-KL002Y,Training Partner,opaque,29.999791240237695,levPress,557.98,1.15999999999997,1,1.0,lev_bottom,lev_top,214.33863830566406,424.36334228515625,184.623046875,232.56541442871094,194.08622182963003,0.0,0.0,1.0,-2.0
050324_KL002_TimeOut_Opaque_TrNum9,2024-05-03,KL002B-KL002Y,Training Partner,opaque,29.999791240237695,levPress,558.14,1.31999999999994,1,1.0,lev_bottom,lev_top,208.6370849609375,424.5478515625,176.55654907226562,216.51657104492188,210.49031915194496,0.0,0.0,1.0,-2.0
050324_KL002_TimeOut_Opaque_TrNum9,2024-05-03,KL002B-KL002Y,Training Partner,opaque,29.999791240237695,magEntry,560.31,0.549999999999955,0,0.0,mag_bottom,mag_top,1244.619873046875,458.655517578125,1240.3914794921875,226.35890197753906,232.33509621135528,0.0,0.0,,1.0
050324_KL002_TimeOut_Opaque_TrNum9,2024-05-03,KL002B-KL002Y,Training Partner,opaque,29.999791240237695,magEntry,561.76,2.0,0,1.0,mag_bottom,mag_top,1204.6458740234375,452.59979248046875,1228.6160888671875,216.4014892578125,237.41147749196415,0.0,0.0,,1.0
050324_KL002_TimeOut_Opaque_TrNum9,2024-05-03,KL002B-KL002Y,Training Partner,opaque,29.999791240237695,levPress,567.83,0.759999999999991,1,0.0,lev_bottom,lev_top,208.34359741210938,432.5611267089844,192.42401123046875,232.47610473632812,200.71733667521852,0.0,0.013333333333333334,1.0,1.0
050324_KL002_TimeOut_Opaque_TrNum9,2024-05-03,KL002B-KL002Y,Training Partner,opaque,29.999791240237695,levPress,568.19,1.12,1,0.0,lev_bottom,lev_top,204.53369140625,424.49908447265625,180.5347137451172,212.3796844482422,213.47269332515796,0.0,0.013333333333333334,1.0,-1.0
050324_KL002_TimeOut_Opaque_TrNum9,2024-05-03,KL002B-KL002Y,Training Partner,opaque,29.999791240237695,levPress,568.29,1.21999999999991,1,1.0,lev_bottom,lev_top,202.393310546875,416.6087646484375,180.50424194335938,216.47857666015625,201.32367836038117,0.0,0.013333333333333334,1.0,1.0
050324_KL002_TimeOut_Opaque_TrNum9,2024-05-03,KL002B-KL002Y,Training Partner,opaque,29.999791240237695,levPress,568.45,1.38,1,0.0,lev_bottom,lev_top,216.3212127685547,412.5284118652344,180.45997619628906,216.37164306640625,199.4078890969184,0.0,0.013333333333333334,1.0,-2.0
050324_KL002_TimeOut_Opaque_TrNum9,2024-05-03,KL002B-KL002Y,Training Partner,opaque,29.999791240237695,magEntry,570.52,0.889999999999986,2,1.0,mid,mag_bottom,904.411376953125,524.5580444335938,1232.379150390625,450.36669921875,336.25468936260125,0.0,0.013333333333333334,,1.0
050324_KL002_TimeOut_Opaque_TrNum9,2024-05-03,KL002B-KL002Y,Training Partner,opaque,29.999791240237695,interaction,570.9373062912117,,4,,mid,mag_bottom,1000.4679565429688,518.3525390625,1242.6444091796875,448.62567138671875,252.01442476092672,,,,
050324_KL002_TimeOut_Opaque_TrNum9,2024-05-03,KL002B-KL002Y,Training Partner,opaque,29.999791240237695,levPress,579.39,12.3199999999999,1,0.0,lev_bottom,lev_top,200.4404754638672,452.4373474121094,192.55654907226562,232.4261016845703,220.1524574969168,0.0,0.0,1.0,-2.0
050324_KL002_TimeOut_Opaque_TrNum9,2024-05-03,KL002B-KL002Y,Training Partner,opaque,29.999791240237695,levPress,580.1,0.710000000000036,1,0.0,lev_bottom,lev_top,210.4528350830078,440.3096008300781,196.5195770263672,228.5156707763672,212.25174790250642,0.0,0.0,0.0,1.0
050324_KL002_TimeOut_Opaque_TrNum9,2024-05-03,KL002B-KL002Y,Training Partner,opaque,29.999791240237695,levPress,580.36,0.970000000000027,1,0.0,lev_bottom,lev_top,196.5530548095703,424.34295654296875,200.4859161376953,240.46585083007812,183.9191599686553,0.0,0.0,0.0,-1.0
050324_KL002_TimeOut_Opaque_TrNum9,2024-05-03,KL002B-KL002Y,Training Partner,opaque,29.999791240237695,levPress,580.58,1.19000000000005,1,1.0,lev_bottom,lev_top,210.40428161621094,424.47210693359375,180.58090209960938,216.45614624023438,210.14298434392828,0.0,0.0,0.0,1.0
050324_KL002_TimeOut_Opaque_TrNum9,2024-05-03,KL002B-KL002Y,Training Partner,opaque,29.999791240237695,levPress,580.65,1.25999999999999,1,1.0,lev_bottom,lev_top,212.51148986816406,424.5731201171875,184.5631103515625,220.5152587890625,205.96291580624967,0.0,0.0,0.0,-2.0
050324_KL002_TimeOut_Opaque_TrNum9,2024-05-03,KL002B-KL002Y,Training Partner,opaque,29.999791240237695,levPress,580.82,1.43000000000006,1,1.0,lev_bottom,lev_top,208.4298095703125,424.4208068847656,184.34884643554688,214.55909729003906,211.23879837643295,0.0,0.0,0.0,-2.0
050324_KL002_TimeOut_Opaque_TrNum9,2024-05-03,KL002B-KL002Y,Training Partner,opaque,29.999791240237695,magEntry,582.35,12.72,0,1.0,mid,mag_top,728.489990234375,526.3250122070312,1222.6373291015625,220.5430908203125,581.1059937364926,0.0,0.0,,1.0
050324_KL002_TimeOut_Opaque_TrNum9,2024-05-03,KL002B-KL002Y,Training Partner,opaque,29.999791240237695,levPress,589.64,10.25,1,0.0,lev_bottom,lev_top,192.48280334472656,448.67156982421875,192.30905151367188,232.594970703125,216.07666897987076,0.0,0.0,0.0,-2.0
050324_KL002_TimeOut_Opaque_TrNum9,2024-05-03,KL002B-KL002Y,Training Partner,opaque,29.999791240237695,levPress,589.79,10.4,1,0.0,lev_bottom,lev_top,194.42166137695312,448.4847412109375,180.5917205810547,236.3479766845703,212.5870977414514,0.0,0.0,0.0,-2.0
050324_KL002_TimeOut_Opaque_TrNum9,2024-05-03,KL002B-KL002Y,Training Partner,opaque,29.999791240237695,levPress,590.3,0.459999999999923,1,0.0,lev_bottom,lev_top,196.42820739746094,436.5663757324219,184.6089324951172,222.52911376953125,214.36334753821194,0.0,0.0,1.0,1.0
050324_KL002_TimeOut_Opaque_TrNum9,2024-05-03,KL002B-KL002Y,Training Partner,opaque,29.999791240237695,levPress,590.99,1.14999999999998,1,1.0,lev_bottom,lev_top,198.66859436035156,424.65814208984375,184.52508544921875,216.53436279296875,208.60380234581925,0.0,0.0,1.0,1.0
050324_KL002_TimeOut_Opaque_TrNum9,2024-05-03,KL002B-KL002Y,Training Partner,opaque,29.999791240237695,levPress,591.53,1.68999999999994,1,1.0,lev_bottom,lev_top,212.4779052734375,428.4130859375,184.55007934570312,218.38250732421875,211.8792283676707,0.0,0.0,1.0,-2.0
050324_KL002_TimeOut_Opaque_TrNum9,2024-05-03,KL002B-KL002Y,Training Partner,opaque,29.999791240237695,magEntry,593.86,1.16999999999996,0,0.0,mag_bottom,mag_top,1234.3936767578125,456.54736328125,1232.6424560546875,220.32325744628906,236.2305969841288,0.0,0.0,,1.0
050324_KL002_TimeOut_Opaque_TrNum9,2024-05-03,KL002B-KL002Y,Training Partner,opaque,29.999791240237695,magEntry,594.94,2.25,0,1.0,mag_bottom,mag_top,1240.5460205078125,458.5514221191406,1238.4920654296875,236.40936279296875,222.15155469439196,0.0,0.0,,1.0
050324_KL002_TimeOut_Opaque_TrNum9,2024-05-03,KL002B-KL002Y,Training Partner,opaque,29.999791240237695,magEntry,595.47,2.77999999999997,1,1.0,mag_bottom,mag_top,1214.6593017578125,460.49810791015625,1220.486083984375,232.39208984375,228.18042613078677,0.0,0.0,,-1.0
050324_KL002_TimeOut_Opaque_TrNum9,2024-05-03,KL002B-KL002Y,Training Partner,opaque,29.999791240237695,levPress,602.11,0.340000000000032,1,0.0,lev_bottom,lev_top,189.86669700247256,430.29696091498175,188.62413024902344,224.2963104248047,206.00439794944396,0.0,0.0,0.0,1.0
050324_KL002_TimeOut_Opaque_TrNum9,2024-05-03,KL002B-KL002Y,Training Partner,opaque,29.999791240237695,levPress,602.54,0.769999999999982,1,0.0,lev_bottom,lev_top,210.53369140625,436.4472961425781,192.52235412597656,228.52647399902344,208.69948862293714,0.0,0.0,0.0,-1.0
050324_KL002_TimeOut_Opaque_TrNum9,2024-05-03,KL002B-KL002Y,Training Partner,opaque,29.999791240237695,levPress,603.49,1.72000000000003,1,1.0,lev_bottom,lev_top,208.64768981933594,422.33477783203125,182.52767944335938,220.35440063476562,203.6622883962341,0.0,0.0,0.0,1.0
050324_KL002_TimeOut_Opaque_TrNum9,2024-05-03,KL002B-KL002Y,Training Partner,opaque,29.999791240237695,levPress,603.64,1.87,1,0.0,lev_bottom,lev_top,202.6376495361328,428.4359130859375,188.5620574951172,222.51507568359375,206.40134100288108,0.0,0.0,0.0,-2.0
050324_KL002_TimeOut_Opaque_TrNum9,2024-05-03,KL002B-KL002Y,Training Partner,opaque,29.999791240237695,levPress,603.7,1.93000000000006,1,1.0,lev_bottom,lev_top,202.50772094726562,428.46026611328125,188.4866485595703,222.55072021484375,206.38636477006355,0.0,0.0,0.0,-2.0
050324_KL002_TimeOut_Opaque_TrNum9,2024-05-03,KL002B-KL002Y,Training Partner,opaque,29.999791240237695,magEntry,606.09,13.4,0,0.0,mag_bottom,mag_top,1232.4072265625,460.49383544921875,1130.45263671875,146.65634155273438,329.98289495886473,0.0,0.0,,-1.0
050324_KL002_TimeOut_Opaque_TrNum9,2024-05-03,KL002B-KL002Y,Training Partner,opaque,29.999791240237695,levPress,610.59,0.830000000000041,1,0.0,lev_bottom,lev_top,192.61181640625,424.5426330566406,192.5012969970703,232.6636505126953,191.87901437270173,0.0,0.0,1.0,1.0
050324_KL002_TimeOut_Opaque_TrNum9,2024-05-03,KL002B-KL002Y,Training Partner,opaque,29.999791240237695,levPress,611.16,1.39999999999998,1,1.0,lev_bottom,lev_top,192.36569213867188,424.49609375,180.50120544433594,216.42990112304688,208.40419035805502,0.0,0.0,1.0,1.0
050324_KL002_TimeOut_Opaque_TrNum9,2024-05-03,KL002B-KL002Y,Training Partner,opaque,29.999791240237695,levPress,611.21,1.45000000000005,1,0.0,lev_bottom,lev_top,192.312744140625,428.4754638671875,184.44873046875,216.48300170898438,212.1382726500068,0.0,0.0,1.0,-2.0
050324_KL002_TimeOut_Opaque_TrNum9,2024-05-03,KL002B-KL002Y,Training Partner,opaque,29.999791240237695,levPress,611.39,1.63,1,1.0,lev_bottom,lev_top,220.39956665039062,424.39300537109375,180.4948272705078,212.57650756835938,215.54261055854397,0.0,0.0,1.0,-2.0
050324_KL002_TimeOut_Opaque_TrNum9,2024-05-03,KL002B-KL002Y,Training Partner,opaque,29.999791240237695,magEntry,613.06,0.399999999999977,0,1.0,mid,mag_top,474.63446044921875,496.47735595703125,1224.569091796875,218.59097290039062,799.7642109914941,0.0,0.0,,1.0
050324_KL002_TimeOut_Opaque_TrNum9,2024-05-03,KL002B-KL002Y,Training Partner,opaque,29.999791240237695,magEntry,613.83,1.17000000000007,0,0.0,mag_bottom,mag_top,1236.4736328125,460.587158203125,1226.5924072265625,218.32481384277344,242.46377484905605,0.0,0.0,,1.0
050524_KL006_TimeOut_Opaque_TrNum7,2024-05-05,KL006G-KL006R,Training Partner,opaque,29.998497747679444,magEntry,3.75,,0,,lev_top,lev_bottom,180.41600036621094,194.41159057617188,164.55592346191406,536.4478759765625,342.40380046066616,0.0,0.0,,0.0
050524_KL006_TimeOut_Opaque_TrNum7,2024-05-05,KL006G-KL006R,Training Partner,opaque,29.998497747679444,magEntry,4.02,,0,,lev_top,lev_bottom,176.6500701904297,186.57652282714844,168.55152893066406,536.5189208984375,350.03609576502345,0.0,0.0,,0.0
050524_KL006_TimeOut_Opaque_TrNum7,2024-05-05,KL006G-KL006R,Training Partner,opaque,29.998497747679444,levPress,10.45,0.44,1,1.0,mag_top,lev_top,1208.7039794921875,214.45126342773438,186.47161865234375,196.5418243408203,1022.3892348595072,0.0,0.0033333333333333335,0.0,1.0
050524_KL006_TimeOut_Opaque_TrNum7,2024-05-05,KL006G-KL006R,Training Partner,opaque,29.998497747679444,levPress,10.59,0.58,1,1.0,mag_top,lev_top,1208.635986328125,214.38304138183594,190.59420776367188,208.51727294921875,1018.0586771605948,0.0,0.0033333333333333335,0.0,-1.0
050524_KL006_TimeOut_Opaque_TrNum7,2024-05-05,KL006G-KL006R,Training Partner,opaque,29.998497747679444,levPress,11.42,1.41,1,1.0,mid,lev_top,420.57879638671875,144.6377410888672,192.31488037109375,194.52671813964844,233.65214611888692,0.0,0.0033333333333333335,0.0,-1.0
050524_KL006_TimeOut_Opaque_TrNum7,2024-05-05,KL006G-KL006R,Training Partner,opaque,29.998497747679444,levPress,11.72,1.71,1,0.0,lev_top,lev_top,188.28972108148335,176.04030200845074,186.20367465936582,199.25638173713662,23.309610628320865,0.0,0.0033333333333333335,0.0,-1.0
050524_KL006_TimeOut_Opaque_TrNum7,2024-05-05,KL006G-KL006R,Training Partner,opaque,29.998497747679444,interaction,11.800590915502891,,1,,lev_top,lev_top,129.8893605232131,195.27999322854618,184.41441345214844,208.43447875976562,56.08940975348432,,,,
050524_KL006_TimeOut_Opaque_TrNum7,2024-05-05,KL006G-KL006R,Training Partner,opaque,29.998497747679444,levPress,12.16,2.15,1,1.0,other,lev_top,-67.42569521186432,257.49941344109465,176.56222534179688,232.3421173095703,245.28146062176998,0.0,0.0033333333333333335,0.0,-1.0
050524_KL006_TimeOut_Opaque_TrNum7,2024-05-05,KL006G-KL006R,Training Partner,opaque,29.998497747679444,magEntry,14.17,,0,0.0,mag_bottom,mag_top,1172.4605712890625,444.425048828125,1212.578125,218.3791961669922,229.57819064764954,0.0,0.0033333333333333335,,0.0
050524_KL006_TimeOut_Opaque_TrNum7,2024-05-05,KL006G-KL006R,Training Partner,opaque,29.998497747679444,levPress,17.52,0.419999999999998,1,0.0,lev_top,mid,184.5806121826172,200.3622589111328,488.4139404296875,400.39324951171875,363.76790478867656,0.0,0.0033333333333333335,1.0,1.0
050524_KL006_TimeOut_Opaque_TrNum7,2024-05-05,KL006G-KL006R,Training Partner,opaque,29.998497747679444,levPress,17.67,0.57,1,0.0,lev_top,lev_bottom,178.6270751953125,200.51361083984375,326.481689453125,418.50177001953125,263.40050208736375,0.0,0.0033333333333333335,1.0,-1.0
050524_KL006_TimeOut_Opaque_TrNum7,2024-05-05,KL006G-KL006R,Training Partner,opaque,29.998497747679444,levPress,18.54,1.44,1,1.0,lev_top,lev_bottom,176.64453125,224.6380615234375,166.52442932128906,456.6748046875,232.25732849844073,0.0,0.0033333333333333335,1.0,1.0
050524_KL006_TimeOut_Opaque_TrNum7,2024-05-05,KL006G-KL006R,Training Partner,opaque,29.998497747679444,levPress,18.78,1.68,1,1.0,lev_top,lev_bottom,188.39144897460938,216.4364776611328,168.53736877441406,476.41082763671875,260.731369700357,0.0,0.0033333333333333335,1.0,-2.0
050524_KL006_TimeOut_Opaque_TrNum7,2024-05-05,KL006G-KL006R,Training Partner,opaque,29.998497747679444,interaction,20.60103159825081,,1,,mag_top,mag_top,1247.5488509755178,176.78327245002865,1192.613525390625,234.4608154296875,79.65292814007887,,,,
050524_KL006_TimeOut_Opaque_TrNum7,2024-05-05,KL006G-KL006R,Training Partner,opaque,29.998497747679444,magEntry,32.33,,0,,lev_top,mid,174.71157836914062,196.43136596679688,604.5615234375,312.36932373046875,445.21072013787193,0.0,0.0,,0.0
050524_KL006_TimeOut_Opaque_TrNum7,2024-05-05,KL006G-KL006R,Training Partner,opaque,29.998497747679444,magEntry,39.56,,3,1.0,mid,mag_bottom,854.6278076171875,230.3300018310547,1212.673095703125,438.68231201171875,414.25488950422977,0.005,0.0,,0.0
050524_KL006_TimeOut_Opaque_TrNum7,2024-05-05,KL006G-KL006R,Training Partner,opaque,29.998497747679444,gaze,39.801993087882636,,3,0.0,mid,mag_bottom,852.5809936523438,232.4446563720703,1206.6617431640625,442.4222717285156,411.6597820112621,,,,
050524_KL006_TimeOut_Opaque_TrNum7,2024-05-05,KL006G-KL006R,Training Partner,opaque,29.998497747679444,levPress,45.68,0.57,1,0.0,lev_top,mag_top,176.6259765625,196.57191467285156,1212.3974609375,210.49267578125,1035.8650276142293,0.0,0.0,0.0,1.0
050524_KL006_TimeOut_Opaque_TrNum7,2024-05-05,KL006G-KL006R,Training Partner,opaque,29.998497747679444,levPress,46.13,1.02,1,0.0,lev_top,mid,196.3988037109375,234.69654846191406,1040.579833984375,148.44473266601562,848.5758584838553,0.0,0.0,0.0,-1.0
050524_KL006_TimeOut_Opaque_TrNum7,2024-05-05,KL006G-KL006R,Training Partner,opaque,29.998497747679444,magEntry,48.62,,0,,mid,mid,732.6195068359375,354.45611572265625,500.61553955078125,532.36865234375,292.36742555046015,0.0,0.0,,0.0
050524_KL006_TimeOut_Opaque_TrNum7,2024-05-05,KL006G-KL006R,Training Partner,opaque,29.998497747679444,levPress,56.67,0.539999999999999,1,0.0,lev_top,mag_top,180.3431396484375,192.50119018554688,1216.594970703125,218.3345489501953,1036.5737888781753,0.01,0.0,0.0,1.0
050524_KL006_TimeOut_Opaque_TrNum7,2024-05-05,KL006G-KL006R,Training Partner,opaque,29.998497747679444,levPress,57.17,1.04,1,0.0,lev_top,mid,188.4346466064453,226.49319458007812,948.339599609375,282.3416748046875,761.9544542436794,0.01,0.0,0.0,-1.0
050524_KL006_TimeOut_Opaque_TrNum7,2024-05-05,KL006G-KL006R,Training Partner,opaque,29.998497747679444,magEntry,57.18,,0,,lev_top,mid,188.4346466064453,226.49319458007812,948.339599609375,282.3416748046875,761.9544542436794,0.01,0.0,,0.0
050524_KL006_TimeOut_Opaque_TrNum7,2024-05-05,KL006G-KL006R,Training Partner,opaque,29.998497747679444,gaze,59.06962458268679,,6,0.0,lev_top,lev_bottom,200.5337371826172,248.57138061523438,172.6346893310547,442.5919189453125,196.016137511474,,,,
050524_KL006_TimeOut_Opaque_TrNum7,2024-05-05,KL006G-KL006R,Training Partner,opaque,29.998497747679444,magEntry,59.17,,0,,lev_top,lev_bottom,200.46043395996094,248.7060089111328,172.5409698486328,442.6009216308594,195.89470042564736,0.01,0.0,,0.0
050524_KL006_TimeOut_Opaque_TrNum7,2024-05-05,KL006G-KL006R,Training Partner,opaque,29.998497747679444,levPress,63.15,0.329999999999998,1,0.0,lev_top,mid,178.53892517089844,204.5999755859375,384.47320556640625,400.4681396484375,284.2063784210869,0.01,0.0,1.0,1.0
050524_KL006_TimeOut_Opaque_TrNum7,2024-05-05,KL006G-KL006R,Training Partner,opaque,29.998497747679444,levPress,63.51,0.689999999999998,1,0.0,lev_top,lev_bottom,184.52386474609375,208.57501220703125,172.57766723632812,438.5903015136719,230.3253024523357,0.01,0.0,1.0,-1.0
050524_KL006_TimeOut_Opaque_TrNum7,2024-05-05,KL006G-KL006R,Training Partner,opaque,29.998497747679444,levPress,64.0,1.18,1,1.0,lev_top,lev_bottom,184.4515380859375,232.66851806640625,158.6063232421875,466.42315673828125,235.17909394956524,0.01,0.0,1.0,1.0
050524_KL006_TimeOut_Opaque_TrNum7,2024-05-05,KL006G-KL006R,Training Partner,opaque,29.998497747679444,levPress,64.23,1.41,1,1.0,lev_top,lev_bottom,196.40415954589844,228.48550415039062,166.4503631591797,476.3942565917969,249.71179278326335,0.0033333333333333335,0.0,1.0,-2.0
050524_KL006_TimeOut_Opaque_TrNum7,2024-05-05,KL006G-KL006R,Training Partner,opaque,29.998497747679444,magEntry,72.65,9.36000000000001,0,,lev_top,lev_bottom,176.48043823242188,216.5995635986328,168.37393188476562,432.56573486328125,216.1182606256955,0.0,0.0,,1.0
050524_KL006_TimeOut_Opaque_TrNum7,2024-05-05,KL006G-KL006R,Training Partner,opaque,29.998497747679444,magEntry,74.44,11.15,0,,lev_top,mid,176.43038940429688,200.385986328125,808.3272094726562,504.60986328125,701.3171597222577,0.0,0.0,,-2.0
050524_KL006_TimeOut_Opaque_TrNum7,2024-05-05,KL006G-KL006R,Training Partner,opaque,29.998497747679444,magEntry,76.24,12.95,0,,lev_top,mag_bottom,192.32000732421875,214.620361328125,1200.5238037109375,446.36798095703125,1034.49594211493,0.0,0.0,,-2.0
050524_KL006_TimeOut_Opaque_TrNum7,2024-05-05,KL006G-KL006R,Training Partner,opaque,29.998497747679444,levPress,76.4,0.700000000000003,1,0.0,lev_top,mag_bottom,188.554443359375,212.39454650878906,1206.439208984375,446.45697021484375,1044.4494311753988,0.0,0.0,0.0,1.0
050524_KL006_TimeOut_Opaque_TrNum7,2024-05-05,KL006G-KL006R,Training Partner,opaque,29.998497747679444,magEntry,82.18,18.89,0,,mag_top,lev_bottom,1196.3779296875,220.6737518310547,172.6124267578125,418.5712890625,1042.7172388673487,0.0,0.0,,1.0
050524_KL006_TimeOut_Opaque_TrNum7,2024-05-05,KL006G-KL006R,Training Partner,opaque,29.998497747679444,levPress,85.66,0.509999999999991,1,0.0,lev_top,mag_top,180.55697631835938,208.60671997070312,1216.476318359375,204.5286865234375,1035.9273688688256,0.0,0.0,0.0,1.0
050524_KL006_TimeOut_Opaque_TrNum7,2024-05-05,KL006G-KL006R,Training Partner,opaque,29.998497747679444,levPress,86.21,1.05999999999999,1,0.0,lev_top,mag_top,192.49478149414062,232.52621459960938,1180.602294921875,178.431640625,989.5871265461343,0.0,0.0,0.0,-1.0
050524_KL006_TimeOut_Opaque_TrNum7,2024-05-05,KL006G-KL006R,Training Partner,opaque,29.998497747679444,levPress,86.37,1.22,1,0.0,lev_top,mag_top,192.4858856201172,220.3707275390625,1104.5218505859375,148.66500854492188,914.8504312332162,0.0,0.0,0.0,-1.0
050524_KL006_TimeOut_Opaque_TrNum7,2024-05-05,KL006G-KL006R,Training Partner,opaque,29.998497747679444,magEntry,87.67,1.01000000000001,0,,lev_top,lev_bottom,240.486328125,248.6914520263672,194.59291076660156,464.3739013671875,220.5110534882269,0.0,0.0,,1.0
050524_KL006_TimeOut_Opaque_TrNum7,2024-05-05,KL006G-KL006R,Training Partner,opaque,29.998497747679444,magEntry,88.02,1.36,0,,mid,lev_bottom,442.62628173828125,276.55242919921875,178.6025848388672,470.4879150390625,327.5965280529846,0.0,0.0,,1.0
050524_KL006_TimeOut_Opaque_TrNum7,2024-05-05,KL006G-KL006R,Training Partner,opaque,29.998497747679444,levPress,93.05,0.640000000000001,1,0.0,lev_top,lev_bottom,180.01663777081833,209.1013681185788,172.70785226073735,459.56554318898986,250.57079107376802,0.0,0.0,1.0,1.0
050524_KL006_TimeOut_Opaque_TrNum7,2024-05-05,KL006G-KL006R,Training Partner,opaque,29.998497747679444,levPress,93.19,0.780000000000001,1,1.0,lev_top,lev_bottom,176.86104770979384,219.13334538017003,164.5732421875,480.6629638671875,261.81812677986727,0.0,0.0,1.0,1.0
050524_KL006_TimeOut_Opaque_TrNum7,2024-05-05,KL006G-KL006R,Training Partner,opaque,29.998497747679444,levPress,93.27,0.859999999999999,1,1.0,lev_top,lev_bottom,170.69981384277344,224.43055725097656,160.8800546040713,492.05338456308834,267.8029226316144,0.0,0.0,1.0,-2.0
050524_KL006_TimeOut_Opaque_TrNum7,2024-05-05,KL006G-KL006R,Training Partner,opaque,29.998497747679444,levPress,93.34,0.930000000000007,1,0.0,lev_top,lev_bottom,180.55128479003906,232.43057250976562,163.18787895808097,508.26253757612596,276.3779311277496,0.0,0.0,1.0,-2.0
050524_KL006_TimeOut_Opaque_TrNum7,2024-05-05,KL006G-KL006R,Training Partner,opaque,29.998497747679444,levPress,93.67,1.26000000000001,1,1.0,lev_top,lev_bottom,184.5260009765625,228.41026306152344,172.3933868408203,472.3294372558594,244.22072775547454,0.0,0.0,1.0,-2.0
050524_KL006_TimeOut_Opaque_TrNum7,2024-05-05,KL006G-KL006R,Training Partner,opaque,29.998497747679444,levPress,102.0,9.59,1,0.0,lev_top,lev_bottom,172.46969604492188,208.43446350097656,168.41419982910156,444.35662841796875,235.95701928248923,0.0,0.0,1.0,-2.0
050524_KL006_TimeOut_Opaque_TrNum7,2024-05-05,KL006G-KL006R,Training Partner,opaque,29.998497747679444,levPress,103.03,10.62,1,0.0,lev_top,lev_bottom,168.46788024902344,220.46688842773438,296.78111924788715,381.3468323485213,205.78300138333842,0.0,0.0,1.0,-2.0
050524_KL006_TimeOut_Opaque_TrNum7,2024-05-05,KL006G-KL006R,Training Partner,opaque,29.998497747679444,levPress,103.43,11.02,1,0.0,lev_top,lev_bottom,176.46380615234375,216.3717041015625,288.5447082519531,384.503662109375,202.06554362137808,0.0,0.0,1.0,-2.0
050524_KL006_TimeOut_Opaque_TrNum7,2024-05-05,KL006G-KL006R,Training Partner,opaque,29.998497747679444,levPress,104.83,0.739999999999995,1,1.0,lev_top,lev_bottom,184.4131622314453,224.25929260253906,173.64636290693065,428.0495849322809,204.07451388043535,0.0,0.0,1.0,1.0
050524_KL006_TimeOut_Opaque_TrNum7,2024-05-05,KL006G-KL006R,Training Partner,opaque,29.998497747679444,levPress,104.94,0.849999999999994,1,0.0,lev_top,lev_bottom,180.33233642578125,236.5794219970703,174.47311401367188,424.4495544433594,187.9614778422982,0.0,0.0,1.0,1.0
050524_KL006_TimeOut_Opaque_TrNum7,2024-05-05,KL006G-KL006R,Training Partner,opaque,29.998497747679444,magEntry,112.74,1.19999999999999,0,,lev_top,lev_bottom,176.38784790039062,214.43307495117188,168.57984924316406,432.600341796875,218.3069425509768,0.0,0.0,,1.0
050524_KL006_TimeOut_Opaque_TrNum7,2024-05-05,KL006G-KL006R,Training Partner,opaque,29.998497747679444,magEntry,113.15,1.61,0,,lev_top,lev_bottom,172.60585021972656,214.61524963378906,168.65321350097656,436.42657470703125,221.84653990490347,0.0,0.0,,1.0
050524_KL006_TimeOut_Opaque_TrNum7,2024-05-05,KL006G-KL006R,Training Partner,opaque,29.998497747679444,levPress,115.81,0.780000000000001,1,0.0,lev_top,lev_bottom,176.6979522705078,220.3057861328125,164.50088500976562,472.3204345703125,252.30963413401358,0.0,0.0,1.0,1.0
050524_KL006_TimeOut_Opaque_TrNum7,2024-05-05,KL006G-KL006R,Training Partner,opaque,29.998497747679444,levPress,115.83,0.799999999999997,1,1.0,lev_top,lev_bottom,176.6979522705078,220.3057861328125,164.50088500976562,472.3204345703125,252.30963413401358,0.0,0.0,1.0,1.0
050524_KL006_TimeOut_Opaque_TrNum7,2024-05-05,KL006G-KL006R,Training Partner,opaque,29.998497747679444,magEntry,124.88,13.34,0,,lev_top,lev_bottom,172.58396911621094,216.37014770507812,172.375,446.450439453125,230.08038664553285,0.0,0.0,,-1.0
050524_KL006_TimeOut_Opaque_TrNum7,2024-05-05,KL006G-KL006R,Training Partner,opaque,29.998497747679444,levPress,126.64,0.650000000000006,1,0.0,lev_top,lev_bottom,176.5533905029297,220.57704162597656,172.60214833767012,458.2744601720844,237.7302570101923,0.0,0.0,1.0,1.0
050524_KL006_TimeOut_Opaque_TrNum7,2024-05-05,KL006G-KL006R,Training Partner,opaque,29.998497747679444,levPress,126.77,0.780000000000001,1,1.0,lev_top,lev_bottom,184.30029296875,224.483154296875,168.32498168945312,476.380615234375,252.40352889218838,0.0,0.0,1.0,1.0
050524_KL006_TimeOut_Opaque_TrNum7,2024-05-05,KL006G-KL006R,Training Partner,opaque,29.998497747679444,levPress,126.84,0.850000000000009,1,0.0,lev_top,lev_bottom,192.3895721435547,220.4439239501953,164.46365356445312,480.50775146484375,261.5588868879347,0.0,0.0,1.0,-2.0
050524_KL006_TimeOut_Opaque_TrNum7,2024-05-05,KL006G-KL006R,Training Partner,opaque,29.998497747679444,levPress,127.28,1.29000000000001,1,1.0,lev_top,lev_bottom,180.56471252441406,216.52085876464844,164.6190185546875,468.648681640625,252.63155825105457,0.0,0.0,1.0,-2.0
050524_KL006_TimeOut_Opaque_TrNum7,2024-05-05,KL006G-KL006R,Training Partner,opaque,29.998497747679444,levPress,133.52,7.53000000000002,1,0.0,lev_top,lev_bottom,164.54959106445312,226.48252868652344,172.51763916015625,448.5774841308594,222.23784336668902,0.0,0.0,1.0,-2.0
050524_KL006_TimeOut_Opaque_TrNum7,2024-05-05,KL006G-KL006R,Training Partner,opaque,29.998497747679444,levPress,134.01,8.02,1,0.0,lev_top,lev_bottom,168.46092224121094,204.4449005126953,168.5154571533203,438.61322021484375,234.1683260524024,0.0,0.0,1.0,-2.0
050524_KL006_TimeOut_Opaque_TrNum7,2024-05-05,KL006G-KL006R,Training Partner,opaque,29.998497747679444,levPress,134.95,8.95999999999999,1,0.0,lev_top,lev_bottom,178.3552703857422,198.50531005859375,176.5366668701172,430.48406982421875,231.98588815086273,0.0,0.0,1.0,-2.0
050524_KL006_TimeOut_Opaque_TrNum7,2024-05-05,KL006G-KL006R,Training Partner,opaque,29.998497747679444,levPress,135.75,0.300000000000011,1,0.0,lev_top,lev_bottom,182.46279907226562,196.48675537109375,176.69512939453125,428.6003112792969,232.18520377031348,0.0,0.0,1.0,1.0
050524_KL006_TimeOut_Opaque_TrNum7,2024-05-05,KL006G-KL006R,Training Partner,opaque,29.998497747679444,levPress,136.28,0.830000000000013,1,1.0,lev_top,lev_bottom,184.4687957763672,218.58895874023438,164.63973999023438,476.62591552734375,258.7977251084756,0.0,0.0,1.0,1.0
050524_KL006_TimeOut_Opaque_TrNum7,2024-05-05,KL006G-KL006R,Training Partner,opaque,29.998497747679444,levPress,136.3,0.850000000000023,1,0.0,lev_top,lev_bottom,184.4687957763672,218.58895874023438,164.63973999023438,476.62591552734375,258.7977251084756,0.0,0.0,1.0,-2.0
050524_KL006_TimeOut_Opaque_TrNum7,2024-05-05,KL006G-KL006R,Training Partner,opaque,29.998497747679444,levPress,146.18,0.719999999999999,1,0.0,lev_top,lev_bottom,164.64944458007812,224.38644409179688,161.6269935152401,428.1913449477448,203.82731127928395,0.0,0.0,1.0,1.0
050524_KL006_TimeOut_Opaque_TrNum7,2024-05-05,KL006G-KL006R,Training Partner,opaque,29.998497747679444,levPress,146.29,0.829999999999984,1,1.0,lev_top,lev_bottom,174.50865173339844,208.560546875,208.73361877068808,411.88472875729025,206.18455642168308,0.0,0.0,1.0,1.0
050524_KL006_TimeOut_Opaque_TrNum7,2024-05-05,KL006G-KL006R,Training Partner,opaque,29.998497747679444,levPress,146.41,0.949999999999989,1,,lev_top,lev_bottom,188.49668884277344,208.5982208251953,262.74468994140625,388.4876403808594,194.60978632950685,0.0,0.0,1.0,-2.0
050524_KL006_TimeOut_Opaque_TrNum7,2024-05-05,KL006G-KL006R,Training Partner,opaque,29.998497747679444,levPress,155.4,0.569999999999993,1,0.0,lev_top,lev_bottom,180.5598602294922,204.36134338378906,188.39695739746094,428.402587890625,224.17827578111138,0.0,0.0,1.0,1.0
050524_KL006_TimeOut_Opaque_TrNum7,2024-05-05,KL006G-KL006R,Training Partner,opaque,29.998497747679444,levPress,155.79,0.95999999999998,1,0.0,lev_top,lev_bottom,180.5629119873047,224.51901245117188,168.62307739257812,472.52252197265625,248.29075775212098,0.0,0.0,1.0,-1.0
050524_KL006_TimeOut_Opaque_TrNum7,2024-05-05,KL006G-KL006R,Training Partner,opaque,29.998497747679444,levPress,155.81,0.97999999999999,1,1.0,lev_top,lev_bottom,180.55909729003906,220.67739868164062,172.4130096435547,472.548828125,252.00312639684725,0.0,0.0,1.0,1.0
050524_KL006_TimeOut_Opaque_TrNum7,2024-05-05,KL006G-KL006R,Training Partner,opaque,29.998497747679444,levPress,155.92,1.08999999999997,1,0.0,lev_top,lev_bottom,184.55282592773438,216.49082946777344,176.36956787109375,476.6453857421875,260.28322816262835,0.0,0.0,1.0,-2.0
050524_KL006_TimeOut_Opaque_TrNum7,2024-05-05,KL006G-KL006R,Training Partner,opaque,29.998497747679444,levPress,164.74,9.91,1,0.0,lev_top,lev_bottom,176.4415283203125,196.4855499267578,176.60475158691406,436.75982666015625,240.274332173856,0.0,0.0,1.0,-2.0
050524_KL006_TimeOut_Opaque_TrNum7,2024-05-05,KL006G-KL006R,Training Partner,opaque,29.998497747679444,levPress,167.75,0.810000000000002,1,0.0,lev_top,lev_bottom,180.6529998779297,216.5857696533203,164.5409393310547,480.6116943359375,264.5170833794619,0.0,0.0,1.0,1.0
050524_KL006_TimeOut_Opaque_TrNum7,2024-05-05,KL006G-KL006R,Training Partner,opaque,29.998497747679444,levPress,167.76,0.819999999999993,1,1.0,lev_top,lev_bottom,180.6529998779297,216.5857696533203,164.5409393310547,480.6116943359375,264.5170833794619,0.0,0.0,1.0,1.0
050524_KL006_TimeOut_Opaque_TrNum7,2024-05-05,KL006G-KL006R,Training Partner,opaque,29.998497747679444,levPress,167.98,1.03999999999999,1,1.0,lev_top,lev_bottom,190.5796356201172,212.65087890625,168.583984375,484.5824279785156,272.8196768096811,0.0,0.0,1.0,-2.0
050524_KL006_TimeOut_Opaque_TrNum7,2024-05-05,KL006G-KL006R,Training Partner,opaque,29.998497747679444,levPress,179.45,0.669999999999987,1,0.0,lev_top,lev_bottom,192.53448486328125,212.56893920898438,168.49209594726562,458.7303466796875,247.33272123345606,0.0,0.0,1.0,1.0
050524_KL006_TimeOut_Opaque_TrNum7,2024-05-05,KL006G-KL006R,Training Partner,opaque,29.998497747679444,levPress,179.57,0.789999999999992,1,1.0,lev_top,lev_bottom,192.42782592773438,208.59095764160156,164.48179626464844,468.45745849609375,261.3648385691692,0.0,0.0,1.0,1.0
050524_KL006_TimeOut_Opaque_TrNum7,2024-05-05,KL006G-KL006R,Training Partner,opaque,29.998497747679444,levPress,191.64,12.86,1,0.0,lev_top,lev_bottom,176.44415283203125,206.60324096679688,180.35560607910156,422.39385986328125,215.82606578036808,0.0,0.0,1.0,-2.0
050524_KL006_TimeOut_Opaque_TrNum7,2024-05-05,KL006G-KL006R,Training Partner,opaque,29.998497747679444,levPress,193.48,0.72999999999999,1,0.0,lev_top,lev_bottom,180.38461303710938,212.57147216796875,170.65689706155055,445.03048550614,232.66246225005276,0.0,0.0,1.0,1.0
050524_KL006_TimeOut_Opaque_TrNum7,2024-05-05,KL006G-KL006R,Training Partner,opaque,29.998497747679444,levPress,193.54,0.789999999999992,1,1.0,lev_top,lev_bottom,180.46249389648438,216.55270385742188,172.78740623201656,445.1395325542817,228.71564271895528,0.0,0.0,1.0,1.0
050524_KL006_TimeOut_Opaque_TrNum7,2024-05-05,KL006G-KL006R,Training Partner,opaque,29.998497747679444,levPress,206.3,0.420000000000016,1,0.0,lev_top,lev_bottom,180.40017700195312,200.5851287841797,164.66064453125,434.4560852050781,234.3999938985112,0.0,0.0,1.0,1.0
050524_KL006_TimeOut_Opaque_TrNum7,2024-05-05,KL006G-KL006R,Training Partner,opaque,29.998497747679444,levPress,206.5,0.620000000000005,1,0.0,lev_top,lev_bottom,164.97125244140625,198.65921020507812,159.36400686913467,440.12252119156045,241.52840776078997,0.0,0.0,1.0,-1.0
050524_KL006_TimeOut_Opaque_TrNum7,2024-05-05,KL006G-KL006R,Training Partner,opaque,29.998497747679444,levPress,206.66,0.780000000000001,1,1.0,lev_top,lev_bottom,180.3791046142578,224.4830322265625,154.1818245974929,444.6596524171259,221.7296587261533,0.0,0.0,1.0,1.0
050524_KL006_TimeOut_Opaque_TrNum7,2024-05-05,KL006G-KL006R,Training Partner,opaque,29.998497747679444,levPress,206.77,0.890000000000015,1,1.0,lev_top,lev_bottom,178.4970703125,232.33985900878906,159.67359532179321,442.4693347696265,210.9708979794373,0.0,0.0,1.0,-2.0
050524_KL006_TimeOut_Opaque_TrNum7,2024-05-05,KL006G-KL006R,Training Partner,opaque,29.998497747679444,levPress,206.89,1.00999999999999,1,0.0,lev_top,lev_bottom,192.52415466308594,216.3338623046875,170.42291643680517,439.63671391553777,224.39391317206497,0.0,0.0,1.0,-2.0
050524_KL006_TimeOut_Opaque_TrNum7,2024-05-05,KL006G-KL006R,Training Partner,opaque,29.998497747679444,levPress,206.96,1.08000000000001,1,1.0,lev_top,lev_bottom,188.36297607421875,216.43235778808594,174.68527221679688,438.38812255859375,222.37679981884875,0.0,0.0,1.0,-2.0
050524_KL006_TimeOut_Opaque_TrNum7,2024-05-05,KL006G-KL006R,Training Partner,opaque,29.998497747679444,levPress,215.4,0.580000000000013,1,1.0,lev_top,other,183.45829463679783,258.5439125754799,172.8933219666944,329.04200200913147,71.28533693064209,0.0,0.06666666666666667,1.0,1.0
050524_KL006_TimeOut_Opaque_TrNum7,2024-05-05,KL006G-KL006R,Training Partner,opaque,29.998497747679444,interaction,215.71080173508253,,20,,lev_top,lev_top,190.88823840402182,292.9870705419525,188.33909606933594,212.57562255859375,80.4518433189874,,,,
050524_KL006_TimeOut_Opaque_TrNum7,2024-05-05,KL006G-KL006R,Training Partner,opaque,29.998497747679444,levPress,216.17,1.34999999999999,1,,lev_top,lev_top,192.66941833496094,238.5191650390625,201.05766147089037,254.72176172924145,18.245184636283216,0.0,0.06666666666666667,1.0,1.0
050524_KL006_TimeOut_Opaque_TrNum7,2024-05-05,KL006G-KL006R,Training Partner,opaque,29.998497747679444,levPress,216.58,1.76000000000002,1,0.0,lev_top,lev_bottom,192.54733276367188,216.5836181640625,184.5111846923828,442.4678955078125,226.02718072597344,0.0,0.06666666666666667,1.0,-2.0
050524_KL006_TimeOut_Opaque_TrNum7,2024-05-05,KL006G-KL006R,Training Partner,opaque,29.998497747679444,magEntry,222.0,1.59,0,,lev_top,lev_bottom,180.4719696044922,194.34664916992188,180.5498046875,458.63671875,264.2900810415379,0.0,0.0,,1.0
050524_KL006_TimeOut_Opaque_TrNum7,2024-05-05,KL006G-KL006R,Training Partner,opaque,29.998497747679444,magEntry,224.23,3.81999999999999,0,,lev_top,lev_bottom,178.4741668701172,214.57037353515625,168.44418334960938,450.67987060546875,236.3224390027692,0.0,0.0,,1.0
050524_KL006_TimeOut_Opaque_TrNum7,2024-05-05,KL006G-KL006R,Training Partner,opaque,29.998497747679444,levPress,225.69,10.87,1,0.0,lev_top,lev_bottom,172.567138671875,224.4910125732422,182.4626922607422,422.46343994140625,198.219585255527,0.0,0.0,1.0,-2.0
050524_KL006_TimeOut_Opaque_TrNum7,2024-05-05,KL006G-KL006R,Training Partner,opaque,29.998497747679444,levPress,228.53,13.71,1,0.0,lev_top,lev_bottom,176.46908569335938,204.41070556640625,162.7853546142578,426.69439697265625,222.70447674313633,0.0,0.0,1.0,-2.0
050524_KL006_TimeOut_Opaque_TrNum7,2024-05-05,KL006G-KL006R,Training Partner,opaque,29.998497747679444,levPress,228.88,0.289999999999992,1,0.0,lev_top,lev_bottom,182.50741577148438,204.4900360107422,165.9058265427974,435.44315998238403,231.5490406742784,0.0,0.0,1.0,1.0
050524_KL006_TimeOut_Opaque_TrNum7,2024-05-05,KL006G-KL006R,Training Partner,opaque,29.998497747679444,levPress,229.29,0.699999999999989,1,0.0,lev_top,lev_bottom,184.581298828125,224.34201049804688,165.8882583291313,442.065022999191,218.52400311103213,0.0,0.0,1.0,-1.0
050524_KL006_TimeOut_Opaque_TrNum7,2024-05-05,KL006G-KL006R,Training Partner,opaque,29.998497747679444,levPress,229.37,0.780000000000001,1,1.0,lev_top,lev_bottom,184.51971435546875,224.38436889648438,149.04135131835938,444.539306640625,222.99531577349188,0.0,0.0,1.0,1.0
050524_KL006_TimeOut_Opaque_TrNum7,2024-05-05,KL006G-KL006R,Training Partner,opaque,29.998497747679444,levPress,229.77,1.18000000000001,1,1.0,lev_top,lev_bottom,192.45736694335938,220.50775146484375,190.09790249585998,438.74461055476814,218.24961337403218,0.0,0.0,1.0,-2.0
050524_KL006_TimeOut_Opaque_TrNum7,2024-05-05,KL006G-KL006R,Training Partner,opaque,29.998497747679444,levPress,237.83,9.24000000000001,1,0.0,lev_top,lev_bottom,172.39773559570312,200.6128692626953,176.52247619628906,430.44158935546875,229.86573051349896,0.0,0.0,1.0,-2.0
050524_KL006_TimeOut_Opaque_TrNum7,2024-05-05,KL006G-KL006R,Training Partner,opaque,29.998497747679444,levPress,240.6,0.799999999999983,1,1.0,lev_top,lev_bottom,180.49990844726562,224.34225463867188,162.69972229003906,456.13671875,232.47692405890461,0.0,0.0,1.0,1.0
050524_KL006_TimeOut_Opaque_TrNum7,2024-05-05,KL006G-KL006R,Training Partner,opaque,29.998497747679444,levPress,240.64,0.839999999999975,1,0.0,lev_top,lev_bottom,180.5518798828125,224.37718200683594,163.03361943682597,459.4122014743838,235.68697423736427,0.0,0.0,1.0,1.0
050524_KL006_TimeOut_Opaque_TrNum7,2024-05-05,KL006G-KL006R,Training Partner,opaque,29.998497747679444,levPress,240.94,1.13999999999999,1,0.0,lev_top,lev_bottom,188.5000457763672,216.59774780273438,272.28326416015625,396.27850341796875,198.25438613359168,0.0,0.0,1.0,-2.0
050524_KL006_TimeOut_Opaque_TrNum7,2024-05-05,KL006G-KL006R,Training Partner,opaque,29.998497747679444,levPress,251.16,0.669999999999987,1,0.0,lev_top,lev_bottom,188.5638885498047,220.42379760742188,175.56387091566842,458.84403847724246,238.77439501527613,0.0,0.0,1.0,1.0
050524_KL006_TimeOut_Opaque_TrNum7,2024-05-05,KL006G-KL006R,Training Partner,opaque,29.998497747679444,levPress,251.31,0.819999999999993,1,1.0,lev_top,lev_bottom,192.33370971679688,212.3631591796875,160.3791046142578,476.4232177734375,265.98648712254897,0.0,0.0,1.0,1.0
050524_KL006_TimeOut_Opaque_TrNum7,2024-05-05,KL006G-KL006R,Training Partner,opaque,29.998497747679444,levPress,251.45,0.95999999999998,1,0.0,lev_top,lev_bottom,192.45437622070312,208.6698760986328,172.52276611328125,492.42236328125,284.4516532977012,0.0,0.0,1.0,-2.0
050524_KL006_TimeOut_Opaque_TrNum7,2024-05-05,KL006G-KL006R,Training Partner,opaque,29.998497747679444,levPress,251.6,1.10999999999999,1,1.0,lev_top,lev_bottom,188.5236358642578,212.38999938964844,176.50540161132812,484.4940185546875,272.3692992984456,0.0,0.0,1.0,-2.0
050524_KL006_TimeOut_Opaque_TrNum7,2024-05-05,KL006G-KL006R,Training Partner,opaque,29.998497747679444,levPress,261.68,0.660000000000025,1,0.0,lev_top,lev_bottom,160.0691375732422,218.47021484375,176.3302459716797,462.42242431640625,244.4935666902843,0.0,0.0,1.0,1.0
050524_KL006_TimeOut_Opaque_TrNum7,2024-05-05,KL006G-KL006R,Training Partner,opaque,29.998497747679444,levPress,261.81,0.79000000000002,1,1.0,lev_top,lev_bottom,176.7075653076172,224.3984375,168.38113403320312,476.4652099609375,252.20425697565372,0.0,0.0,1.0,1.0
050524_KL006_TimeOut_Opaque_TrNum7,2024-05-05,KL006G-KL006R,Training Partner,opaque,29.998497747679444,levPress,262.03,1.00999999999999,1,0.0,lev_top,lev_bottom,176.58349609375,232.31997680664062,160.43234252929688,488.4731750488281,256.66188016759315,0.0,0.0,1.0,-2.0
050524_KL006_TimeOut_Opaque_TrNum7,2024-05-05,KL006G-KL006R,Training Partner,opaque,29.998497747679444,levPress,262.33,1.31,1,1.0,lev_top,lev_bottom,184.49916076660156,212.62393188476562,168.60789489746094,472.4083251953125,260.26998163186744,0.0,0.0,1.0,-2.0
050524_KL006_TimeOut_Opaque_TrNum7,2024-05-05,KL006G-KL006R,Training Partner,opaque,29.998497747679444,levPress,272.73,11.71,1,0.0,lev_top,lev_bottom,172.5901641845703,192.58123779296875,180.47593688964844,432.5679931640625,240.1162805073853,0.0,0.0,1.0,-2.0
050524_KL006_TimeOut_Opaque_TrNum7,2024-05-05,KL006G-KL006R,Training Partner,opaque,29.998497747679444,levPress,276.34,0.919999999999959,1,1.0,lev_top,lev_bottom,196.40185546875,212.4127655029297,156.49996948242188,472.51397705078125,263.1440684376643,0.0,0.0,1.0,1.0
050524_KL006_TimeOut_Opaque_TrNum7,2024-05-05,KL006G-KL006R,Training Partner,opaque,29.998497747679444,levPress,276.72,1.30000000000001,1,0.0,lev_top,lev_bottom,188.50767517089844,216.5080108642578,164.443115234375,488.6104736328125,273.1645168934853,0.0,0.0,1.0,1.0
050524_KL006_TimeOut_Opaque_TrNum7,2024-05-05,KL006G-KL006R,Training Partner,opaque,29.998497747679444,levPress,277.22,1.80000000000001,1,1.0,lev_top,lev_bottom,180.5557098388672,212.50100708007812,176.49972534179688,468.4721984863281,256.0033238850143,0.0,0.0,1.0,-2.0
050524_KL006_TimeOut_Opaque_TrNum7,2024-05-05,KL006G-KL006R,Training Partner,opaque,29.998497747679444,levPress,285.69,0.70999999999998,1,0.0,lev_top,lev_bottom,180.57272338867188,208.33700561523438,164.7745233926156,427.28002418169945,219.51225137133204,0.0,0.0,1.0,1.0
050524_KL006_TimeOut_Opaque_TrNum7,2024-05-05,KL006G-KL006R,Training Partner,opaque,29.998497747679444,levPress,285.79,0.810000000000002,1,1.0,lev_top,lev_bottom,188.3966522216797,200.44027709960938,164.62328842666506,411.42342457367323,212.31830195297033,0.0,0.0,1.0,1.0
050524_KL006_TimeOut_Opaque_TrNum7,2024-05-05,KL006G-KL006R,Training Partner,opaque,29.998497747679444,levPress,285.98,1.0,1,0.0,lev_top,lev_bottom,192.53787231445312,200.37435913085938,258.87774658203125,380.6536865234375,192.09793024121433,0.0,0.0,1.0,-2.0
050524_KL006_TimeOut_Opaque_TrNum7,2024-05-05,KL006G-KL006R,Training Partner,opaque,29.998497747679444,levPress,286.34,1.35999999999996,1,0.0,lev_top,lev_bottom,180.39297485351562,204.54409790039062,146.6486044203843,422.7000585865572,220.75032439122856,0.0,0.0,1.0,-2.0
050524_KL006_TimeOut_Opaque_TrNum7,2024-05-05,KL006G-KL006R,Training Partner,opaque,29.998497747679444,levPress,294.01,9.02999999999997,1,0.0,lev_top,lev_bottom,166.5941162109375,200.51275634765625,180.38381958007812,424.50848388671875,224.41978940094123,0.0,0.0,1.0,-2.0
050524_KL006_TimeOut_Opaque_TrNum7,2024-05-05,KL006G-KL006R,Training Partner,opaque,29.998497747679444,levPress,294.3,9.31999999999999,1,0.0,lev_top,lev_bottom,172.50210571289062,200.39967346191406,183.68366564477822,407.35628042364897,207.25844843485734,0.0,0.0,1.0,-2.0
050524_KL006_TimeOut_Opaque_TrNum7,2024-05-05,KL006G-KL006R,Training Partner,opaque,29.998497747679444,levPress,294.67,9.69,1,0.0,lev_top,lev_bottom,172.3634490966797,204.53619384765625,197.05674349911257,381.7306424912892,178.90676739175154,0.0,0.0,1.0,-2.0
050524_KL006_TimeOut_Opaque_TrNum7,2024-05-05,KL006G-KL006R,Training Partner,opaque,29.998497747679444,levPress,295.71,10.73,1,0.0,lev_top,lev_bottom,170.48548889160156,200.3953094482422,178.36805725097656,432.7286682128906,232.46703955357427,0.0,0.0,1.0,-2.0
050524_KL006_TimeOut_Opaque_TrNum7,2024-05-05,KL006G-KL006R,Training Partner,opaque,29.998497747679444,levPress,296.34,11.36,1,0.0,lev_top,lev_bottom,180.4071044921875,196.57241821289062,176.54644775390625,432.4493408203125,235.90851466023545,0.0,0.0,1.0,-2.0
050524_KL006_TimeOut_Opaque_TrNum7,2024-05-05,KL006G-KL006R,Training Partner,opaque,29.998497747679444,levPress,298.13,13.15,1,0.0,lev_top,lev_bottom,176.3216094970703,212.41751098632812,164.54159545898438,448.3552551269531,236.23164021973122,0.0,0.0,1.0,-2.0
050524_KL006_TimeOut_Opaque_TrNum7,2024-05-05,KL006G-KL006R,Training Partner,opaque,29.998497747679444,levPress,298.27,13.29,1,0.0,lev_top,lev_bottom,162.58299255371094,208.64910888671875,168.61341857910156,434.6319274902344,226.0632662376556,0.0,0.0,1.0,-2.0
050524_KL006_TimeOut_Opaque_TrNum7,2024-05-05,KL006G-KL006R,Training Partner,opaque,29.998497747679444,levPress,299.89,0.659999999999968,1,0.0,lev_top,lev_bottom,180.51690673828125,208.52865600585938,171.6687368594999,443.48143369717536,235.11932684292188,0.0,0.0,1.0,1.0
050524_KL006_TimeOut_Opaque_TrNum7,2024-05-05,KL006G-KL006R,Training Partner,opaque,29.998497747679444,levPress,300.02,0.789999999999964,1,1.0,lev_top,lev_bottom,192.354736328125,212.51246643066406,178.61366271972656,448.6759033203125,236.56285851215608,0.0,0.0,1.0,1.0
050524_KL006_TimeOut_Opaque_TrNum7,2024-05-05,KL006G-KL006R,Training Partner,opaque,29.998497747679444,levPress,312.25,0.45999999999998,1,0.0,lev_top,lev_bottom,205.61291894779905,207.6306484366001,168.66168212890625,426.36590576171875,221.8344127937137,0.0,0.0,1.0,1.0
050524_KL006_TimeOut_Opaque_TrNum7,2024-05-05,KL006G-KL006R,Training Partner,opaque,29.998497747679444,levPress,312.61,0.819999999999993,1,1.0,lev_top,lev_bottom,180.43971252441406,220.4769744873047,152.59274291992188,448.39044189453125,229.60836731647746,0.0,0.0,1.0,1.0
050524_KL006_TimeOut_Opaque_TrNum7,2024-05-05,KL006G-KL006R,Training Partner,opaque,29.998497747679444,magEntry,312.72,0.950000000000045,0,,lev_top,lev_bottom,192.36207580566406,216.44204711914062,172.1502253980696,444.7731451745188,229.2239281490344,0.0,0.0,,1.0
050524_KL006_TimeOut_Opaque_TrNum7,2024-05-05,KL006G-KL006R,Training Partner,opaque,29.998497747679444,levPress,312.76,0.96999999999997,1,1.0,lev_top,lev_bottom,192.4971923828125,214.60092163085938,175.42376574951288,443.5663622207932,229.60112125498253,0.0,0.0,1.0,-2.0
050524_KL006_TimeOut_Opaque_TrNum7,2024-05-05,KL006G-KL006R,Training Partner,opaque,29.998497747679444,magEntry,312.83,1.06,0,,lev_top,lev_bottom,192.59564208984375,216.4417266845703,184.39581298828125,440.61334228515625,224.32153360360147,0.0,0.0,,1.0
050524_KL006_TimeOut_Opaque_TrNum7,2024-05-05,KL006G-KL006R,Training Partner,opaque,29.998497747679444,levPress,319.0,7.20999999999998,1,0.0,lev_top,mag_top,172.27346801757812,208.57305908203125,1220.65625,210.43048095703125,1048.384427380159,0.0,0.0,1.0,-2.0
050524_KL006_TimeOut_Opaque_TrNum7,2024-05-05,KL006G-KL006R,Training Partner,opaque,29.998497747679444,levPress,319.47,7.68000000000001,1,0.0,lev_top,mag_top,172.49087524414062,208.5597381591797,1216.6031494140625,214.5752716064453,1044.129602930087,0.0,0.0,1.0,-2.0
050524_KL006_TimeOut_Opaque_TrNum7,2024-05-05,KL006G-KL006R,Training Partner,opaque,29.998497747679444,levPress,319.72,7.93000000000001,1,0.0,lev_top,mag_top,168.57440185546875,208.40646362304688,1212.402099609375,216.44729614257812,1043.858667438187,0.0,0.0,1.0,-2.0
050524_KL006_TimeOut_Opaque_TrNum7,2024-05-05,KL006G-KL006R,Training Partner,opaque,29.998497747679444,levPress,320.45,8.65999999999997,1,0.0,lev_top,mag_top,168.41558837890625,208.44384765625,1186.5411376953125,200.49664306640625,1018.1565656772178,0.0,0.0,1.0,-2.0
050524_KL006_TimeOut_Opaque_TrNum7,2024-05-05,KL006G-KL006R,Training Partner,opaque,29.998497747679444,levPress,324.13,12.34,1,0.0,lev_top,mag_top,172.49667358398438,208.6462860107422,1176.517578125,232.52146911621094,1004.3047351893143,0.0,0.0,1.0,-2.0
050524_KL006_TimeOut_Opaque_TrNum7,2024-05-05,KL006G-KL006R,Training Partner,opaque,29.998497747679444,levPress,326.67,14.88,1,0.0,lev_top,mid,176.57757568359375,196.37405395507812,796.5159301757812,428.6600341796875,662.0274465453746,0.0,0.0,1.0,-2.0
050524_KL006_TimeOut_Opaque_TrNum7,2024-05-05,KL006G-KL006R,Training Partner,opaque,29.998497747679444,levPress,326.96,15.17,1,0.0,lev_top,mid,172.61741638183594,212.4877471923828,550.40185546875,452.61712646484375,447.6418224495916,0.0,0.0,1.0,-2.0
050524_KL006_TimeOut_Opaque_TrNum7,2024-05-05,KL006G-KL006R,Training Partner,opaque,29.998497747679444,levPress,327.83,16.04,1,0.0,lev_top,lev_bottom,166.6324920654297,216.48524475097656,172.56402587890625,444.6460876464844,228.23793138777134,0.0,0.0,1.0,-2.0
050524_KL006_TimeOut_Opaque_TrNum7,2024-05-05,KL006G-KL006R,Training Partner,opaque,29.998497747679444,magEntry,335.39,1.13,0,,lev_top,lev_bottom,172.52352905273438,232.63629150390625,160.61166381835938,436.5174560546875,204.2288466205121,0.0,0.0,,1.0
050524_KL006_TimeOut_Opaque_TrNum7,2024-05-05,KL006G-KL006R,Training Partner,opaque,29.998497747679444,magEntry,336.27,2.00999999999999,0,,mid,lev_bottom,472.4130554199219,262.54498291015625,172.44017028808594,426.38739013671875,341.80120862880574,0.0,0.0,,1.0
050524_KL006_TimeOut_Opaque_TrNum7,2024-05-05,KL006G-KL006R,Training Partner,opaque,29.998497747679444,levPress,350.13,0.769999999999982,1,1.0,mid,lev_bottom,1012.3641357421875,266.46685791015625,166.7125244140625,428.4112548828125,861.0183711470339,0.0,0.0,0.0,1.0
050524_KL006_TimeOut_Opaque_TrNum7,2024-05-05,KL006G-KL006R,Training Partner,opaque,29.998497747679444,levPress,350.39,1.02999999999997,1,1.0,mag_top,lev_bottom,1166.4019775390625,242.61416625976562,169.20716374652403,417.39028680818944,1012.395273086897,0.0,0.0,0.0,-1.0
050524_KL006_TimeOut_Opaque_TrNum7,2024-05-05,KL006G-KL006R,Training Partner,opaque,29.998497747679444,levPress,350.55,1.19,1,1.0,mag_top,lev_bottom,1200.620361328125,232.4130859375,176.26934814453125,408.4190673828125,1039.3618733216947,0.0,0.0,0.0,-1.0
050524_KL006_TimeOut_Opaque_TrNum7,2024-05-05,KL006G-KL006R,Training Partner,opaque,29.998497747679444,levPress,351.19,1.82999999999998,1,1.0,mid,lev_bottom,729.1279268831861,147.1998602985575,198.60658264160156,436.58819580078125,604.3165606043289,0.0,0.0,0.0,-1.0
050524_KL006_TimeOut_Opaque_TrNum7,2024-05-05,KL006G-KL006R,Training Partner,opaque,29.998497747679444,levPress,352.19,2.82999999999998,1,0.0,lev_top,lev_bottom,172.66064453125,208.5175018310547,180.43824768066406,442.5015869140625,234.11331269896212,0.0,0.0,0.0,1.0
050524_KL006_TimeOut_Opaque_TrNum7,2024-05-05,KL006G-KL006R,Training Partner,opaque,29.998497747679444,levPress,359.64,0.95999999999998,1,0.0,lev_bottom,mag_bottom,180.47525024414062,450.2901611328125,1200.6068115234375,442.53387451171875,1020.1610472372901,0.0,0.0,0.0,1.0
050524_KL006_TimeOut_Opaque_TrNum7,2024-05-05,KL006G-KL006R,Training Partner,opaque,29.998497747679444,magEntry,360.0,16.4,0,,lev_bottom,mag_bottom,184.57154846191406,452.28729248046875,1202.416748046875,442.603759765625,1017.8912619351777,0.0,0.0,,1.0
050524_KL006_TimeOut_Opaque_TrNum7,2024-05-05,KL006G-KL006R,Training Partner,opaque,29.998497747679444,levPress,360.24,1.56,1,0.0,lev_bottom,mag_bottom,184.60110473632812,442.41064453125,1202.55419921875,446.4034729003906,1017.9609252052477,0.0,0.0,0.0,-1.0
050524_KL006_TimeOut_Opaque_TrNum7,2024-05-05,KL006G-KL006R,Training Partner,opaque,29.998497747679444,levPress,360.4,1.71999999999997,1,0.0,lev_bottom,mag_bottom,196.40696716308594,428.5068054199219,1202.6014404296875,442.636474609375,1006.2936776029437,0.0,0.0,0.0,-1.0
050524_KL006_TimeOut_Opaque_TrNum7,2024-05-05,KL006G-KL006R,Training Partner,opaque,29.998497747679444,levPress,368.42,0.430000000000007,1,0.0,lev_top,lev_bottom,180.64596557617188,192.53988647460938,184.524169921875,428.41253662109375,235.90453059674977,0.0,0.0,1.0,1.0
050524_KL006_TimeOut_Opaque_TrNum7,2024-05-05,KL006G-KL006R,Training Partner,opaque,29.998497747679444,levPress,368.78,0.789999999999964,1,1.0,lev_top,lev_bottom,176.59942626953125,228.56056213378906,172.33331298828125,472.54608154296875,244.02281328575748,0.0,0.0,1.0,1.0
050524_KL006_TimeOut_Opaque_TrNum7,2024-05-05,KL006G-KL006R,Training Partner,opaque,29.998497747679444,levPress,368.84,0.849999999999966,1,1.0,lev_top,lev_bottom,180.5919189453125,224.44044494628906,168.6184539794922,480.4518737792969,256.29127093290936,0.0,0.0,1.0,-2.0
050524_KL006_TimeOut_Opaque_TrNum7,2024-05-05,KL006G-KL006R,Training Partner,opaque,29.998497747679444,levPress,369.16,1.17000000000002,1,1.0,lev_top,lev_bottom,192.3812255859375,206.60812377929688,184.42626953125,472.61700439453125,266.12779992327376,0.0,0.0,1.0,-2.0
050524_KL006_TimeOut_Opaque_TrNum7,2024-05-05,KL006G-KL006R,Training Partner,opaque,29.998497747679444,levPress,369.22,1.23000000000002,1,1.0,lev_top,lev_bottom,184.45608520507812,212.5634307861328,180.38706970214844,468.63995361328125,256.10884879364505,0.0,0.0,1.0,-2.0
050524_KL006_TimeOut_Opaque_TrNum7,2024-05-05,KL006G-KL006R,Training Partner,opaque,29.998497747679444,magEntry,377.24,33.64,0,,lev_top,lev_bottom,176.53350830078125,200.39022827148438,172.3680877685547,422.45361328125,222.10244863622214,0.0,0.0,,1.0
050524_KL006_TimeOut_Opaque_TrNum7,2024-05-05,KL006G-KL006R,Training Partner,opaque,29.998497747679444,levPress,380.72,0.630000000000052,1,0.0,lev_top,lev_bottom,180.30343627929688,216.6453094482422,180.49658203125,420.68585205078125,204.04063401886413,0.0,0.0,1.0,1.0
050524_KL006_TimeOut_Opaque_TrNum7,2024-05-05,KL006G-KL006R,Training Partner,opaque,29.998497747679444,levPress,380.96,0.870000000000005,1,1.0,lev_top,lev_bottom,170.552001953125,212.3438720703125,180.48031616210938,468.4526062011719,256.3011024579167,0.0,0.0,1.0,1.0
050524_KL006_TimeOut_Opaque_TrNum7,2024-05-05,KL006G-KL006R,Training Partner,opaque,29.998497747679444,levPress,381.24,1.15000000000003,1,1.0,lev_top,lev_bottom,182.35519409179688,208.38931274414062,184.33853149414062,476.5506591796875,268.16868077644136,0.0,0.0,1.0,-2.0
050524_KL006_TimeOut_Opaque_TrNum7,2024-05-05,KL006G-KL006R,Training Partner,opaque,29.998497747679444,levPress,389.87,0.509999999999991,1,0.0,lev_top,lev_bottom,180.4293975830078,176.45498657226562,178.92558858599205,426.6584045661783,250.20793715894806,0.0,0.0,1.0,1.0
050524_KL006_TimeOut_Opaque_TrNum7,2024-05-05,KL006G-KL006R,Training Partner,opaque,29.998497747679444,levPress,390.2,0.839999999999975,1,1.0,lev_top,lev_bottom,156.37232971191406,224.1511688232422,168.56320190429688,484.43792724609375,260.5720897853162,0.0,0.0,1.0,1.0
050524_KL006_TimeOut_Opaque_TrNum7,2024-05-05,KL006G-KL006R,Training Partner,opaque,29.998497747679444,levPress,390.5,1.13999999999999,1,1.0,lev_top,lev_bottom,188.5173797607422,212.3721466064453,176.51654052734375,478.4439697265625,266.3423270919754,0.0,0.0,1.0,-2.0
050524_KL006_TimeOut_Opaque_TrNum7,2024-05-05,KL006G-KL006R,Training Partner,opaque,29.998497747679444,magEntry,393.19,1.02999999999997,0,1.0,mag_top,mag_bottom,1212.6451416015625,224.4670867919922,1208.408203125,454.6009216308594,230.1728341601093,0.0,0.0,,1.0
050524_KL006_TimeOut_Opaque_TrNum7,2024-05-05,KL006G-KL006R,Training Partner,opaque,29.998497747679444,magEntry,393.96,1.79999999999995,0,0.0,mag_top,mag_bottom,1212.4029541015625,224.5255889892578,1124.566162109375,412.4828796386719,207.46866061105982,0.0,0.0,,1.0
050524_KL006_TimeOut_Opaque_TrNum7,2024-05-05,KL006G-KL006R,Training Partner,opaque,29.998497747679444,levPress,400.22,0.590000000000032,1,0.0,lev_top,lev_top,178.35280714878917,214.57613298090197,180.5569610595703,216.41986083984375,2.873608685999163,0.0,0.0,1.0,1.0
050524_KL006_TimeOut_Opaque_TrNum7,2024-05-05,KL006G-KL006R,Training Partner,opaque,29.998497747679444,levPress,400.42,0.79000000000002,1,1.0,lev_top,lev_bottom,176.49681091308594,224.44915771484375,168.41860961914062,476.3741455078125,252.05447191159485,0.0,0.0,1.0,1.0
050524_KL006_TimeOut_Opaque_TrNum7,2024-05-05,KL006G-KL006R,Training Partner,opaque,29.998497747679444,levPress,400.72,1.09000000000003,1,1.0,lev_top,lev_bottom,180.61607360839844,208.4687042236328,176.44056701660156,480.4087219238281,271.9720722465464,0.0,0.0,1.0,-2.0
050524_KL006_TimeOut_Opaque_TrNum7,2024-05-05,KL006G-KL006R,Training Partner,opaque,29.998497747679444,levPress,409.42,9.79000000000002,1,0.0,lev_top,lev_bottom,172.52532958984375,204.45855712890625,176.7186279296875,442.620361328125,238.19871689493615,0.005,0.0,1.0,-2.0
050524_KL006_TimeOut_Opaque_TrNum7,2024-05-05,KL006G-KL006R,Training Partner,opaque,29.998497747679444,levPress,412.47,12.84,1,0.0,lev_top,lev_bottom,178.62535095214844,206.62461853027344,174.57699584960938,404.5461730957031,197.96295345501545,0.01,0.0,1.0,-2.0
050524_KL006_TimeOut_Opaque_TrNum7,2024-05-05,KL006G-KL006R,Training Partner,opaque,29.998497747679444,levPress,412.96,0.399999999999977,1,0.0,lev_top,lev_bottom,182.6228790283203,204.51844787597656,159.72865488814983,411.4006195635292,208.1450899280076,0.01,0.0,1.0,1.0
050524_KL006_TimeOut_Opaque_TrNum7,2024-05-05,KL006G-KL006R,Training Partner,opaque,29.998497747679444,levPress,413.42,0.860000000000014,1,1.0,lev_top,lev_bottom,188.4481964111328,208.3739776611328,172.27651167848597,424.71523258133857,216.94483623156734,0.01,0.0,1.0,1.0
050524_KL006_TimeOut_Opaque_TrNum7,2024-05-05,KL006G-KL006R,Training Partner,opaque,29.998497747679444,levPress,413.57,1.00999999999999,1,1.0,lev_top,lev_bottom,196.4368438720703,204.48110961914062,168.18745507792866,459.59881973400627,256.6769837392811,0.01,0.0,1.0,-2.0
050524_KL006_TimeOut_Opaque_TrNum7,2024-05-05,KL006G-KL006R,Training Partner,opaque,29.998497747679444,levPress,413.71,1.14999999999998,1,1.0,lev_top,lev_bottom,192.4481658935547,204.67103576660156,136.8554557598938,475.76388129817906,276.73431359051403,0.01,0.0,1.0,-2.0
050524_KL006_TimeOut_Opaque_TrNum7,2024-05-05,KL006G-KL006R,Training Partner,opaque,29.998497747679444,gaze,414.2874121408755,,6,1.0,lev_top,other,180.62295532226562,208.45057678222656,-0.8875560562956446,554.6656090033296,390.91036603902717,,,,
050524_KL006_TimeOut_Opaque_TrNum7,2024-05-05,KL006G-KL006R,Training Partner,opaque,29.998497747679444,magEntry,417.79,2.05000000000001,0,,lev_bottom,mag_top,284.40771484375,420.6241455078125,1212.417724609375,218.564697265625,949.7529146305014,0.01,0.02666666666666667,,1.0
050524_KL006_TimeOut_Opaque_TrNum7,2024-05-05,KL006G-KL006R,Training Partner,opaque,29.998497747679444,magEntry,418.08,2.33999999999997,0,1.0,lev_bottom,mag_top,172.49667358398438,432.59857177734375,1208.6273193359375,220.4876708984375,1057.618905531676,0.01,0.05333333333333334,,1.0
050524_KL006_TimeOut_Opaque_TrNum7,2024-05-05,KL006G-KL006R,Training Partner,opaque,29.998497747679444,magEntry,419.22,3.48000000000002,1,1.0,lev_bottom,mag_top,176.4096221923828,414.4228820800781,1186.398193359375,178.52223205566406,1037.1721316010585,0.01,0.06333333333333334,,-1.0
050524_KL006_TimeOut_Opaque_TrNum7,2024-05-05,KL006G-KL006R,Training Partner,opaque,29.998497747679444,interaction,422.5211577796586,,19,,lev_bottom,lev_bottom,164.6137237548828,460.40374755859375,164.1390516340732,463.47649407339577,3.1091935878137025,,,,
050524_KL006_TimeOut_Opaque_TrNum7,2024-05-05,KL006G-KL006R,Training Partner,opaque,29.998497747679444,levPress,432.06,0.560000000000002,1,0.0,lev_top,lev_bottom,180.5770721435547,212.54080200195312,182.5740509033203,420.62921142578125,208.0979914864766,0.0,0.0,1.0,1.0
050524_KL006_TimeOut_Opaque_TrNum7,2024-05-05,KL006G-KL006R,Training Partner,opaque,29.998497747679444,levPress,432.38,0.879999999999995,1,1.0,lev_top,lev_bottom,172.25106811523438,216.72315979003906,168.50941467285156,472.4110107421875,255.71522656074075,0.0,0.0,1.0,1.0
050524_KL006_TimeOut_Opaque_TrNum7,2024-05-05,KL006G-KL006R,Training Partner,opaque,29.998497747679444,levPress,432.55,1.05000000000001,1,0.0,lev_top,lev_bottom,178.42678833007812,208.53335571289062,172.4507293701172,484.4345703125,275.9659281473578,0.0,0.0,1.0,-2.0
050524_KL006_TimeOut_Opaque_TrNum7,2024-05-05,KL006G-KL006R,Training Partner,opaque,29.998497747679444,levPress,442.69,11.19,1,0.0,lev_top,lev_bottom,168.5836181640625,232.42941284179688,168.38107299804688,440.5746765136719,208.14536221972048,0.0,0.0,1.0,-2.0
050524_KL006_TimeOut_Opaque_TrNum7,2024-05-05,KL006G-KL006R,Training Partner,opaque,29.998497747679444,levPress,444.13,0.839999999999975,1,1.0,lev_top,lev_bottom,190.46815490722656,216.36228942871094,168.444091796875,476.44561767578125,261.01417009036516,0.0,0.0,1.0,1.0
050524_KL006_TimeOut_Opaque_TrNum7,2024-05-05,KL006G-KL006R,Training Partner,opaque,29.998497747679444,levPress,444.13,0.839999999999975,1,0.0,lev_top,lev_bottom,190.46815490722656,216.36228942871094,168.444091796875,476.44561767578125,261.01417009036516,0.0,0.0,1.0,1.0
050524_KL006_TimeOut_Opaque_TrNum7,2024-05-05,KL006G-KL006R,Training Partner,opaque,29.998497747679444,magEntry,453.14,1.03999999999996,0,,lev_top,lev_bottom,164.58145141601562,208.6275634765625,172.58230590820312,426.5409240722656,218.06018985298095,0.0,0.0,,1.0
050524_KL006_TimeOut_Opaque_TrNum7,2024-05-05,KL006G-KL006R,Training Partner,opaque,29.998497747679444,levPress,453.89,10.6,1,0.0,lev_top,lev_bottom,166.44252014160156,204.3689422607422,168.61814880371094,448.49639892578125,244.13715091688917,0.0,0.0,1.0,-2.0
050524_KL006_TimeOut_Opaque_TrNum7,2024-05-05,KL006G-KL006R,Training Partner,opaque,29.998497747679444,magEntry,454.24,2.13999999999999,0,,lev_top,lev_bottom,174.52099609375,200.456298828125,172.57565307617188,452.41680908203125,251.96801996853657,0.0,0.0,,1.0
050524_KL006_TimeOut_Opaque_TrNum7,2024-05-05,KL006G-KL006R,Training Partner,opaque,29.998497747679444,levPress,456.43,0.610000000000014,1,0.0,lev_top,lev_bottom,184.4067840576172,204.61309814453125,172.48443603515625,432.4975891113281,228.19615160112758,0.0,0.0,1.0,1.0
050524_KL006_TimeOut_Opaque_TrNum7,2024-05-05,KL006G-KL006R,Training Partner,opaque,29.998497747679444,levPress,456.59,0.769999999999982,1,1.0,lev_top,lev_bottom,180.4339141845703,212.3391876220703,168.53152465820312,460.60272216796875,248.54868630041054,0.0,0.0,1.0,1.0
050524_KL006_TimeOut_Opaque_TrNum7,2024-05-05,KL006G-KL006R,Training Partner,opaque,29.998497747679444,levPress,456.94,1.12,1,1.0,lev_top,lev_bottom,184.57286071777344,204.44627380371094,184.39378356933594,480.39263916015625,275.94642346306625,0.0,0.0,1.0,-2.0
050524_KL006_TimeOut_Opaque_TrNum7,2024-05-05,KL006G-KL006R,Training Partner,opaque,29.998497747679444,magEntry,467.04,1.31,0,,lev_top,lev_bottom,182.38931274414062,196.4258270263672,156.68190002441406,432.55352783203125,237.5229718501172,0.0,0.0,,1.0
050524_KL006_TimeOut_Opaque_TrNum7,2024-05-05,KL006G-KL006R,Training Partner,opaque,29.998497747679444,levPress,467.66,0.670000000000016,1,0.0,lev_top,lev_bottom,184.522216796875,192.36268615722656,160.61572265625,442.65618896484375,251.4326112695058,0.0,0.0,1.0,1.0
050524_KL006_TimeOut_Opaque_TrNum7,2024-05-05,KL006G-KL006R,Training Partner,opaque,29.998497747679444,levPress,467.85,0.860000000000014,1,,lev_top,lev_bottom,180.53733825683594,204.50244140625,156.6076755399873,443.91698942089914,240.60746987323748,0.0,0.0,1.0,1.0
050524_KL006_TimeOut_Opaque_TrNum7,2024-05-05,KL006G-KL006R,Training Partner,opaque,29.998497747679444,levPress,468.0,1.00999999999999,1,1.0,lev_top,lev_bottom,192.46424865722656,204.63438415527344,165.82864862247803,447.6302867559885,244.45135276767707,0.0,0.0,1.0,-2.0
050524_KL006_TimeOut_Opaque_TrNum7,2024-05-05,KL006G-KL006R,Training Partner,opaque,29.998497747679444,magEntry,470.09,4.35999999999996,0,,mid,mid,610.0218740068025,150.80049676975213,812.5693359375,504.5768737792969,407.6557362095704,0.0,0.0,,-2.0
050524_KL006_TimeOut_Opaque_TrNum7,2024-05-05,KL006G-KL006R,Training Partner,opaque,29.998497747679444,magEntry,472.43,6.69999999999999,0,,mag_top,mid,1172.542236328125,202.35520935058594,719.466064453125,532.4236755371094,560.5561612288537,0.0,0.0,,1.0
