session,date,ratPair,familiarity,transparency,sessionType,%nan error,% interacting,% interacting at lev,% interacting at center,% interacting at mag,avg proximity,rat0 distance moved,rat1 distance moved,avg distance moved,pos_file,interactingResidual
041624_KL001_TimeOut_TrNum10,2024-04-16,KL001B-KL001Y,Training Partner,transparent,cooperation,0.0144580696202531,0.0063291139240506,0.0029008438818565,0.0015822784810126,0.0029667721518987,447.55998667182706,9.329307570549227,8.205188190681906,8.767247880615567,/gpfs/radev/pi/saxena/aj764/PairedTestingSessions/041624_KL001_TimeOut/Tracking/h5/041624_Cam4_TrNum10_Coop_KL001B-KL001Y.predictions.h5,-0.0011207805907172002
041624_KL002_TimeOut_TrNum7,2024-04-16,KL002B-KL002Y,Training Partner,transparent,cooperation,0.0411641882257078,0.0107455693623956,0.0016296598085149,0.0056528824607863,0.0054491749847219,461.63039424596366,9.241187848150442,9.69158561644229,9.466386732296368,/gpfs/radev/pi/saxena/aj764/PairedTestingSessions/041624_KL002_TimeOut/Tracking/h5/041624_Cam3_TrNum7_Coop_KL002B-KL002Y.predictions.h5,-0.0019861478916275
041624_KL002_TimeOut_TrNum9,2024-04-16,KL002B-KL002Y,Training Partner,transparent,cooperation,0.0708096209599484,0.0239718672822935,0.0122141093095672,0.0115966927950177,0.0025770428433372,491.9820795744174,9.587949837600666,10.032182609209412,9.81006622340504,/gpfs/radev/pi/saxena/aj764/PairedTestingSessions/041624_KL002_TimeOut/Tracking/h5/041624_Cam3_TrNum9_Coop_KL002B-KL002Y.predictions.h5,-0.002415977665628602
041824_KL005_TimeOut_TrNum5,2024-04-18,KL005B-KL005Y,Training Partner,transparent,cooperation,0.0749164895232311,0.0159935216114991,0.0053986570840503,0.0037453183520599,0.0090427506157843,523.324910162599,9.101771445487136,10.262374251320509,9.68207284840382,/gpfs/radev/pi/saxena/aj764/PairedTestingSessions/041824_KL005_TimeOut/Tracking/h5/041824_Cam4_TrNum5_Coop_KL005Y-KL005B.predictions.h5,-0.002193204440395398
041824_KL005_TimeOut_TrNum7,2024-04-18,KL005B-KL005Y,Training Partner,transparent,cooperation,0.1216888394873041,0.0334676438917642,0.0098475112021952,0.0118274340894091,0.0141199763798673,575.2234873229326,8.105041726334436,12.558107075522244,10.33157440092834,/gpfs/radev/pi/saxena/aj764/PairedTestingSessions/041824_KL005_TimeOut/Tracking/h5/041824_Cam4_TrNum7_Coop_KL005Y-KL005B.predictions.h5,-0.0023272777797073985
041924_KL002_TimeOut_TrNum12,2024-04-19,KL002B-KL002Y,Training Partner,transparent,cooperation,0.0687745311818578,0.0211755584629548,0.0134224935794931,0.0044580123079905,0.0052333187963366,475.5960330751774,11.88893390491288,11.04742900998259,11.468181457447734,/gpfs/radev/pi/saxena/aj764/PairedTestingSessions/041924_KL002_TimeOut/Tracking/h5/041924_Cam4_TrNum12_Coop_KL002B-KL002Y.predictions.h5,-0.0019382662208653999
041924_KL002_TimeOut_TrNum5,2024-04-19,KL002B-KL002Y,Training Partner,transparent,cooperation,0.0636709110650478,0.0129306090218142,0.0031586220511301,0.0093278057447438,0.0025170269469943,449.5102722067572,9.907573154606885,10.194633754225835,10.05110345441636,/gpfs/radev/pi/saxena/aj764/PairedTestingSessions/041924_KL002_TimeOut/Tracking/h5/041924_Cam4_TrNum5_Coop_KL002B-KL002Y.predictions.h5,-0.002072845721053999
042224_KL005_TimeOut_TrNum5,2024-04-22,KL005B-KL005Y,Training Partner,transparent,cooperation,0.0827981437069797,0.0257576229482667,0.0096552153735945,0.0098109446538138,0.0073815678823932,460.9251802851792,9.80022599325836,11.071694099944567,10.435960046601464,/gpfs/radev/pi/saxena/aj764/PairedTestingSessions/042224_KL005_TimeOut/Tracking/h5/042224_Cam2_TrNum5_Coop_KL005Y-KL005B.predictions.h5,-0.001090104961534802
042224_KL005_TimeOut_TrNum7,2024-04-22,KL005B-KL005Y,Training Partner,transparent,cooperation,0.184577778783695,0.0436366928456646,0.0019690831315211,0.0401285562320349,0.0028970418486748,894.1707165818607,12.60771298899971,26.96455642715495,19.78613470807733,/gpfs/radev/pi/saxena/aj764/PairedTestingSessions/042224_KL005_TimeOut/Tracking/h5/042224_Cam2_TrNum7_Coop_KL005Y-KL005B.predictions.h5,-0.0013579883665662054
042224_KL006_TimeOut_TrNum12,2024-04-22,KL006G-KL006R,Training Partner,transparent,cooperation,0.039609659278862,0.0108501488587495,0.0066821038703274,0.0043003638769434,0.0022494211048627,446.21451266912266,8.184757529041551,8.745430486198327,8.465094007619939,/gpfs/radev/pi/saxena/aj764/PairedTestingSessions/042224_KL006_TimeOut/Tracking/h5/042224_Cam4_TrNum12_Coop_KL006G-KL006R.predictions.h5,-0.002381739993383999
042224_KL006_TimeOut_TrNum5,2024-04-22,KL006G-KL006R,Training Partner,transparent,cooperation,0.1319755958390027,0.0430364745643681,0.0025018654259755,0.0276521968134135,0.0165474257121538,510.760621773684,10.382272168249584,9.845819216547302,10.114045692398442,/gpfs/radev/pi/saxena/aj764/PairedTestingSessions/042224_KL006_TimeOut/Tracking/h5/042224_Cam4_TrNum5_Coop_KL006G-KL006R.predictions.h5,-0.0036650133871746968
042324_KL002_TimeOut_TrNum7,2024-04-23,KL002B-KL002Y,Training Partner,transparent,cooperation,0.0459204046319712,0.0089178756821509,0.0064554771729003,0.0025289498203114,0.0002662052442433,478.15349951801585,9.549420681314652,8.554343742200839,9.051882211757746,/gpfs/radev/pi/saxena/aj764/PairedTestingSessions/042324_KL002_TimeOut/Tracking/h5/042324_Cam4_TrNum7_Coop_KL002B-KL002Y.predictions.h5,-0.0003327565553040997
042324_KL002_TimeOut_TrNum5,2024-04-23,KL002B-KL002Y,Training Partner,transparent,cooperation,0.0814073889993373,0.0298624917163684,0.0200463883366467,0.0057157057654075,0.0072067594433399,494.58344326323424,12.379906041427832,10.474398774551563,11.427152407989698,/gpfs/radev/pi/saxena/aj764/PairedTestingSessions/042324_KL002_TimeOut/Tracking/h5/042324_Cam4_TrNum5_Coop_KL002B-KL002Y.predictions.h5,-0.003106361829025698
042424_KL005_TimeOut_TrNum5,2024-04-24,KL005B-KL005Y,Training Partner,transparent,cooperation,0.0457389618401339,0.0127346435181105,0.0095179342557504,0.0017185159072882,0.0019388384595047,457.3132639209834,7.651973958092151,9.220370594682477,8.436172276387314,/gpfs/radev/pi/saxena/aj764/PairedTestingSessions/042424_KL005_TimeOut/Tracking/h5/042424_Cam2_TrNum5_Coop_KL005Y-KL005B.predictions.h5,-0.0004406451044328011
042424_KL005_TimeOut_TrNum12,2024-04-24,KL005B-KL005Y,Training Partner,transparent,cooperation,0.0465519803819573,0.0105892843873077,0.0034926060786207,0.0009288845953778,0.006502192167645,476.9104465198126,7.520019678801236,8.827794645435539,8.173907162118388,/gpfs/radev/pi/saxena/aj764/PairedTestingSessions/042424_KL005_TimeOut/Tracking/h5/042424_Cam2_TrNum12_Coop_KL005Y-KL005B.predictions.h5,-0.00033439845433579866
042424_KL006_TimeOut_TrNum12,2024-04-24,KL006G-KL006R,Training Partner,transparent,cooperation,0.1346634834015461,0.0122783083219645,0.0086971350613915,0.0009663483401546,0.0029558890404729,641.2313917842373,10.404858307376609,26.90373513563379,18.654296721505197,/gpfs/radev/pi/saxena/aj764/PairedTestingSessions/042424_KL006_TimeOut/Tracking/h5/042424_Cam3_TrNum12_Coop_KL006G-KL006R.predictions.h5,-0.0003410641200544992
042424_KL006_TimeOut_TrNum5,2024-04-24,KL006G-KL006R,Training Partner,transparent,cooperation,0.0608746440826458,0.0021902606410162,0.0018982258888807,0.0002920347521355,0.0,686.3334425561543,9.61295839904659,51.80940959306613,30.71118399605636,/gpfs/radev/pi/saxena/aj764/PairedTestingSessions/042424_KL006_TimeOut/Tracking/h5/042424_Cam3_TrNum5_Coop_KL006G-KL006R.predictions.h5,0.0
042624_KL002_TimeOut_TrNum5,2024-04-26,KL002B-KL002Y,Training Partner,transparent,cooperation,0.0245639373402955,0.0135540495500499,0.0082768581268747,0.0014998333518497,0.0043884012887456,469.4117462436342,10.230281078097608,10.096576103374275,10.163428590735942,/gpfs/radev/pi/saxena/aj764/PairedTestingSessions/042624_KL002_TimeOut/Tracking/h5/042624_Cam3_TrNum5_Coop_KL002B-KL002Y.predictions.h5,-0.0006110432174200996
042624_KL002_TimeOut_TrNum7,2024-04-26,KL002B-KL002Y,Training Partner,transparent,cooperation,0.0201241236639466,0.0068957591081484,0.0051143546718767,0.0010343638662222,0.0010918285254568,435.21752554535334,9.03566757108304,9.26672077705026,9.15119417406665,/gpfs/radev/pi/saxena/aj764/PairedTestingSessions/042624_KL002_TimeOut/Tracking/h5/042624_Cam3_TrNum7_Coop_KL002B-KL002Y.predictions.h5,-0.00034478795540729954
042624_KL004_TimeOut_TrNum7,2024-04-26,KL004G-KL004R,Training Partner,transparent,cooperation,0.0706012892317446,0.0136848779456831,5.283736658564937e-05,0.0014266088978125,0.0123639437810419,454.69320856593265,9.90490477528006,10.012096875047956,9.958500825164007,/gpfs/radev/pi/saxena/aj764/PairedTestingSessions/042624_KL004_TimeOut/Tracking/h5/042624_Cam4_TrNum7_Coop_KL004G-KL004R.predictions.h5,-0.00015851209975694877
042624_KL004_TimeOut_TrNum9,2024-04-26,KL004G-KL004R,Training Partner,transparent,cooperation,0.0792998055015282,0.0136148930258405,0.0035658053162915,0.0031027137167731,0.0072705381124386,493.7677183045592,10.854873672332,10.855406091620074,10.855139881976037,/gpfs/radev/pi/saxena/aj764/PairedTestingSessions/042624_KL004_TimeOut/Tracking/h5/042624_Cam4_TrNum9_Coop_KL004G-KL004R.predictions.h5,-0.0003241641196627008
042924_KL005_TimeOut_TrNum5,2024-04-29,KL005B-KL005Y,Training Partner,transparent,cooperation,0.0462223678722516,0.0105463862241553,0.0057498659357683,0.0011023059047846,0.0045879759280224,564.59236058734,7.94402191381653,9.8866840255088,8.915352969662665,/gpfs/radev/pi/saxena/aj764/PairedTestingSessions/042924_KL005_TimeOut/Tracking/h5/042924_Cam4_TrNum5_Coop_KL005Y-KL005B.predictions.h5,-0.0008937615444200003
042924_KL005_TimeOut_TrNum12,2024-04-29,KL005B-KL005Y,Training Partner,transparent,cooperation,0.088556170131604,0.0646031443284924,0.0017438216942317,0.0053677011525571,0.0603525789488024,648.0615081837386,7.241546105496077,9.035800047591032,8.138673076543554,/gpfs/radev/pi/saxena/aj764/PairedTestingSessions/042924_KL005_TimeOut/Tracking/h5/042924_Cam4_TrNum12_Coop_KL005Y-KL005B.predictions.h5,-0.0028609574670988083
042924_KL006_TimeOut_TrNum11,2024-04-29,KL006G-KL006R,Training Partner,transparent,cooperation,0.1915161580513459,0.0015915853574147,0.0015223859940488,6.919936336585703e-05,6.919936336585703e-05,500.3607605272106,20.533116883736792,13.090939546552006,16.812028215144398,/gpfs/radev/pi/saxena/aj764/PairedTestingSessions/042924_KL006_TimeOut/Tracking/h5/042924_Cam1_TrNum11_Coop_KL006G-KL006R.predictions.h5,-6.919936336581415e-05
043024_KL002_TimeOut_Translucent_TrNum7,2024-04-30,KL002B-KL002Y,Training Partner,translucent,cooperation,0.0230881601051785,0.0017529764078591,0.0007304068366079,0.0004382441019647,0.0008034475202687,406.318116706015,9.097126567810225,8.784292656052882,8.940709611931553,/gpfs/radev/pi/saxena/aj764/PairedTestingSessions/043024_KL002_TimeOut_Translucent/Tracking/h5/043024_Cam3_TrNum7_Coop_KL002B-KL002Y.predictions.h5,-0.0002191220509821999
043024_KL002_TimeOut_Translucent_TrNum5,2024-04-30,KL002B-KL002Y,Training Partner,translucent,cooperation,0.0283636624158188,0.0066628456798968,0.0042986101160624,0.0011462960309499,0.0017910875483593,432.98836649550526,9.786399012682065,9.209243056939416,9.49782103481074,/gpfs/radev/pi/saxena/aj764/PairedTestingSessions/043024_KL002_TimeOut_Translucent/Tracking/h5/043024_Cam3_TrNum5_Coop_KL002B-KL002Y.predictions.h5,-0.0005731480154747997
043024_KL004_TimeOut_Opaque_TrNum7,2024-04-30,KL004G-KL004R,Training Partner,opaque,cooperation,0.1466560073092736,0.0124714481498401,0.0057560529922338,0.0045682960255824,0.0026496116948378,524.0887795309358,12.271315770890553,17.03398219243357,14.65264898166206,/gpfs/radev/pi/saxena/aj764/PairedTestingSessions/043024_KL004_TimeOut_Opaque/Tracking/h5/043024_Cam4_TrNum7_Coop_KL004G-KL004R.predictions.h5,-0.0005025125628139002
043024_KL004_TimeOut_Opaque_TrNum9,2024-04-30,KL004G-KL004R,Training Partner,opaque,cooperation,0.1524407069180737,0.0174101570199067,0.0047303068129557,0.0059128835161947,0.0076867485710531,486.55239113601834,12.19463347572644,13.072888995397976,12.633761235562208,/gpfs/radev/pi/saxena/aj764/PairedTestingSessions/043024_KL004_TimeOut_Opaque/Tracking/h5/043024_Cam4_TrNum9_Coop_KL004G-KL004R.predictions.h5,-0.0009197818802967987
050124_KL005_TimeOut_Opaque_TrNum6,2024-05-01,KL005B-KL005Y,Training Partner,opaque,cooperation,0.0652913112621078,0.0203845597802515,0.0057250252999855,0.009021251987856,0.0063033106838224,503.0897329176076,8.326308484110662,8.542953470285743,8.434630977198204,/gpfs/radev/pi/saxena/aj764/PairedTestingSessions/050124_KL005_TimeOut_Opaque/Tracking/h5/050124_Cam2_TrNum6_Coop_KL005Y-KL005B.predictions.h5,-0.0006650281914124005
050124_KL005_TimeOut_Opaque_TrNum8,2024-05-01,KL005B-KL005Y,Training Partner,opaque,cooperation,0.0508969759097898,0.0115325474115838,0.0108662224500256,0.0007688364941055,0.0,429.30753654463456,6.4371446154161225,7.946476495146493,7.191810555281307,/gpfs/radev/pi/saxena/aj764/PairedTestingSessions/050124_KL005_TimeOut_Opaque/Tracking/h5/050124_Cam2_TrNum8_Coop_KL005Y-KL005B.predictions.h5,-0.00010251153254729945
050124_KL006_TimeOut_Translucent_TrNum7,2024-05-01,KL006G-KL006R,Training Partner,translucent,cooperation,0.0806368450390189,0.0236204013377926,0.0218784838350055,0.0028567447045707,0.0,391.2554266519164,9.303763315263213,13.270978775897056,11.287371045580134,/gpfs/radev/pi/saxena/aj764/PairedTestingSessions/050124_KL006_TimeOut_Translucent/Tracking/h5/050124_Cam3_TrNum7_Coop_KL006G-KL006R.predictions.h5,-0.0011148272017836008
050124_KL006_TimeOut_Translucent_TrNum5,2024-05-01,KL006G-KL006R,Training Partner,translucent,cooperation,0.0771304797620587,0.0165524376050691,0.0164231216862795,0.0004526057157636,6.46579593948015e-05,471.1746145958519,9.252867279931642,17.921322393282345,13.587094836606994,/gpfs/radev/pi/saxena/aj764/PairedTestingSessions/050124_KL006_TimeOut_Translucent/Tracking/h5/050124_Cam3_TrNum5_Coop_KL006G-KL006R.predictions.h5,-0.00038794775636880367
050324_KL002_TimeOut_Opaque_TrNum9,2024-05-03,KL002B-KL002Y,Training Partner,opaque,cooperation,0.0308453140201059,0.0232947789428169,0.0161063668792562,0.0017295427521349,0.0068100745865311,448.42679277664325,9.375379249998758,9.724331876211934,9.549855563105346,/gpfs/radev/pi/saxena/aj764/PairedTestingSessions/050324_KL002_TimeOut_Opaque/Tracking/h5/050324_Cam1_TrNum9_Coop_KL002B-KL002Y.predictions.h5,-0.0013512052751053
050324_KL002_TimeOut_Opaque_TrNum11,2024-05-03,KL002B-KL002Y,Training Partner,opaque,cooperation,0.0391428970917226,0.0257270693512304,0.0238394854586129,0.0013982102908277,0.0006291946308724,424.9983017055731,9.779828595165124,8.841395656632711,9.310612125898915,/gpfs/radev/pi/saxena/aj764/PairedTestingSessions/050324_KL002_TimeOut_Opaque/Tracking/h5/050324_Cam1_TrNum11_Coop_KL002B-KL002Y.predictions.h5,-0.00013982102908260106
050524_KL005_TimeOut_Translucent_TrNum5,2024-05-05,KL005B-KL005Y,Training Partner,translucent,cooperation,0.0656007722706567,0.014540408458777,0.004917192072159,0.0044646897342302,0.007089203294217,546.2574952678124,7.555483625284845,9.289602800666003,8.422543212975423,/gpfs/radev/pi/saxena/aj764/PairedTestingSessions/050524_KL005_TimeOut_Translucent/Tracking/h5/050524_Cam4_TrNum5_Coop_KL005Y-KL005B.predictions.h5,-0.0019306766418292001
050524_KL005_TimeOut_Translucent_TrNum8,2024-05-05,KL005B-KL005Y,Training Partner,translucent,cooperation,0.0702725566394374,0.0171041848415153,7.930843048616068e-05,0.0014539878922462,0.0160996113886906,583.3455044161974,6.844002115072443,9.87564309498994,8.35982260503119,/gpfs/radev/pi/saxena/aj764/PairedTestingSessions/050524_KL005_TimeOut_Translucent/Tracking/h5/050524_Cam4_TrNum8_Coop_KL005Y-KL005B.predictions.h5,-0.0005287228699076621
050524_KL006_TimeOut_Opaque_TrNum7,2024-05-05,KL006G-KL006R,Training Partner,opaque,cooperation,0.0628579489349696,0.0028918042036958,0.0028212723938496,0.0,7.053180984624065e-05,421.12492852987424,9.848283828085458,9.424852622867,9.636568225476228,/gpfs/radev/pi/saxena/aj764/PairedTestingSessions/050524_KL006_TimeOut_Opaque/Tracking/h5/050524_Cam3_TrNum7_Coop_KL006G-KL006R.predictions.h5,-4.1023499701420274e-17
050524_KL006_TimeOut_Opaque_TrNum10,2024-05-05,KL006G-KL006R,Training Partner,opaque,cooperation,0.0968220193561672,0.0221703617269544,0.0214839728189992,0.001578694488297,0.0,456.5396185523581,11.074475201808443,11.348301198057342,11.211388199932893,/gpfs/radev/pi/saxena/aj764/PairedTestingSessions/050524_KL006_TimeOut_Opaque/Tracking/h5/050524_Cam3_TrNum10_Coop_KL006G-KL006R.predictions.h5,-0.0008923055803417997
050824_EB001R-031B-027Y_TimeOut_CNO_TrNum9,2024-05-08,EB001R-EB031B,Training Partner,transparent,cooperation,0.0909999528546508,0.0131064070529442,0.0017443779171184,0.0118806279760501,0.0003300174437791,414.3062921749705,9.71256720362592,8.730448836474554,9.221508020050235,/gpfs/radev/pi/saxena/aj764/PairedTestingSessions/050824_EB001R-031B-027Y_TimeOut_CNO/Tracking/h5/050824_Cam2_TrNum9_Coop_EB001R-EB031B.predictions.h5,-0.0008486162840034002
050824_EB001R-031B-027Y_TimeOut_CNO_TrNum11,2024-05-08,EB001R-EB027Y,Unfamiliar,transparent,cooperation,0.161914011538573,0.0150175397906821,0.006349114313049,0.0092192618792218,0.0026382164497144,428.6046465325997,10.457448483495114,10.720754459155172,10.589101471325144,/gpfs/radev/pi/saxena/aj764/PairedTestingSessions/050824_EB001R-031B-027Y_TimeOut_CNO/Tracking/h5/050824_Cam2_TrNum11_Coop_EB001R-EB027Y.predictions.h5,-0.0031890528513031004
050824_EB007R-005Y-003B_TimeOut_CNO_TrNum7,2024-05-08,EB003B-EB007R,Unfamiliar,transparent,cooperation,0.1123023926511429,0.0746902371288186,0.0076105533005767,0.0618991668446913,0.016209143345439,429.5810679577694,12.894530382107824,7.703069290237395,10.29879983617261,/gpfs/radev/pi/saxena/aj764/PairedTestingSessions/050824_EB007R-005Y-003B_TimeOut_CNO/Tracking/h5/050824_Cam3_TrNum7_Coop_EB007R-EB003B.predictions.h5,-0.011028626361888394
050824_EB007R-005Y-003B_TimeOut_CNO_TrNum10,2024-05-08,EB005Y-EB007R,Training Partner,transparent,cooperation,0.1633638634471274,0.0236759222387141,0.0076023603518806,0.0162907721826014,0.0017738840821054,363.202041231571,9.934391526020638,12.835758725127826,11.385075125574232,/gpfs/radev/pi/saxena/aj764/PairedTestingSessions/050824_EB007R-005Y-003B_TimeOut_CNO/Tracking/h5/050824_Cam3_TrNum10_Coop_EB007R-EB005Y.predictions.h5,-0.001991094377873302
050824_EB015R-011Y-009B_TimeOut_CNO_TrNum7,2024-05-08,EB011Y-EB015R,Training Partner,transparent,cooperation,0.1421271333168439,0.0179074944348256,0.0063319317338609,0.0074202325006183,0.0046005441503833,513.5015616023561,13.648539729888022,15.544396929789157,14.596468329838588,/gpfs/radev/pi/saxena/aj764/PairedTestingSessions/050824_EB015R-011Y-009B_TimeOut_CNO/Tracking/h5/050824_Cam1_TrNum7_Coop_EB015R-EB011Y.predictions.h5,-0.00044521395003690144
050824_EB015R-011Y-009B_TimeOut_CNO_TrNum11,2024-05-08,EB009B-EB015R,Unfamiliar,transparent,cooperation,0.0449128233269312,0.0543762939313062,0.008829911950313,0.0434511486368511,0.01234691077798,543.940061842742,3.1252910600255124,7.287449708627914,5.206370384326713,/gpfs/radev/pi/saxena/aj764/PairedTestingSessions/050824_EB015R-011Y-009B_TimeOut_CNO/Tracking/h5/050824_Cam1_TrNum11_Coop_EB015R-EB009B.predictions.h5,-0.010251677433837902
050824_EB021R-023B-019Y_TimeOut_CNO_TrNum12,2024-05-08,EB019Y-EB021R,Unfamiliar,transparent,cooperation,0.1816702790200005,0.1578644132898022,0.0009602458229306,0.1544349639221926,0.0036214985321956,714.4190677907652,5.969872037210271,17.90173232557274,11.935802181391503,/gpfs/radev/pi/saxena/aj764/PairedTestingSessions/050824_EB021R-023B-019Y_TimeOut_CNO/Tracking/h5/050824_Cam4_TrNum12_Coop_EB021R-EB019Y.predictions.h5,-0.0011522949875166283
050824_EB021R-023B-019Y_TimeOut_CNO_TrNum8,2024-05-08,EB021R-EB023B,Training Partner,transparent,cooperation,0.0560903810963481,0.0309491606333041,0.0043758453337576,0.0246638555175431,0.005768159758135,431.30598197515945,9.89111579393624,7.216542406901937,8.553829100419087,/gpfs/radev/pi/saxena/aj764/PairedTestingSessions/050824_EB021R-023B-019Y_TimeOut_CNO/Tracking/h5/050824_Cam4_TrNum8_Coop_EB021R-EB023B.predictions.h5,-0.003858699976131602
051024_EB005Y-007R-003B_TimeOut_CNO_TrNum12,2024-05-10,EB003B-EB005Y,Unfamiliar,transparent,cooperation,0.1002869253342028,0.0792957287251385,0.0416693837626344,0.0340723834365829,0.012976850342354,481.20703108689344,10.382996833536316,7.017684571503407,8.700340702519862,/gpfs/radev/pi/saxena/aj764/PairedTestingSessions/051024_EB005Y-007R-003B_TimeOut_CNO/Tracking/h5/051024_Cam2_TrNum12_Coop_EB005Y-EB003B.predictions.h5,-0.009422888816432795
051024_EB011Y-015R-009B_TimeOut_CNO_TrNum7,2024-05-10,EB009B-EB011Y,Unfamiliar,transparent,cooperation,0.0910597470562581,0.0824247710423026,0.0100577845617095,0.0579208460532054,0.0231410815525512,438.3466990962136,8.539631410749653,11.15834622556797,9.848988818158812,/gpfs/radev/pi/saxena/aj764/PairedTestingSessions/051024_EB011Y-015R-009B_TimeOut_CNO/Tracking/h5/051024_Cam3_TrNum7_Coop_EB011Y-EB009B.predictions.h5,-0.008694941125163502
051024_EB011Y-015R-009B_TimeOut_CNO_TrNum9,2024-05-10,EB011Y-EB015R,Training Partner,transparent,cooperation,0.0585131332082551,0.0250938086303939,0.0164634146341463,0.0060975609756097,0.0035178236397748,397.5630810736743,9.676857948926068,8.27860295992957,8.977730454427817,/gpfs/radev/pi/saxena/aj764/PairedTestingSessions/051024_EB011Y-015R-009B_TimeOut_CNO/Tracking/h5/051024_Cam3_TrNum9_Coop_EB011Y-EB015R.predictions.h5,-0.0009849906191369017
051024_EB023B-021R-019Y_TimeOut_CNO_TrNum7,2024-05-10,EB021R-EB023B,Training Partner,transparent,cooperation,0.0520079663883887,0.0179516560266273,0.0042560157145195,0.0154962623451737,0.0022917007693566,502.9992605027005,8.494569074197512,8.373525961368067,8.43404751778279,/gpfs/radev/pi/saxena/aj764/PairedTestingSessions/051024_EB023B-021R-019Y_TimeOut_CNO/Tracking/h5/051024_Cam1_TrNum7_Coop_EB023B-EB021R.predictions.h5,-0.004092322802422501
051024_EB023B-021R-019Y_TimeOut_CNO_TrNum12,2024-05-10,EB019Y-EB023B,Unfamiliar,transparent,cooperation,0.1027785024784763,0.1243151578398121,0.0336551004435168,0.1076506652752413,0.0133381163579441,404.52203370416794,25.678997876174876,5.90691652351245,15.792957199843665,/gpfs/radev/pi/saxena/aj764/PairedTestingSessions/051024_EB023B-021R-019Y_TimeOut_CNO/Tracking/h5/051024_Cam1_TrNum12_Coop_EB023B-EB019Y.predictions.h5,-0.030328724236890092
051024_EB031B-001R-027Y_TimeOut_CNO_TrNum10,2024-05-10,EB001R-EB031B,Training Partner,transparent,cooperation,0.0448446467445082,0.0171955054203223,0.0004397827473228,0.0112364491940981,0.0066627086219407,550.2388609606895,6.504267438446201,8.447300305229717,7.475783871837959,/gpfs/radev/pi/saxena/aj764/PairedTestingSessions/051024_EB031B-001R-027Y_TimeOut_CNO/Tracking/h5/051024_Cam4_TrNum10_Coop_EB031B-EB001R.predictions.h5,-0.001143435143039299
051024_EB031B-001R-027Y_TimeOut_CNO_TrNum8,2024-05-10,EB027Y-EB031B,Unfamiliar,transparent,cooperation,0.1177542016806722,0.0560504201680672,0.0105462184873949,0.031344537815126,0.0186344537815126,568.8889844293903,15.704843461142172,7.551687174566444,11.628265317854307,/gpfs/radev/pi/saxena/aj764/PairedTestingSessions/051024_EB031B-001R-027Y_TimeOut_CNO/Tracking/h5/051024_Cam4_TrNum8_Coop_EB031B-EB027Y.predictions.h5,-0.004474789915966296
051324_EB001R-031B-033Y_TimeOut_VEH_TrNum11,2024-05-13,EB001R-EB031B,Training Partner,transparent,cooperation,0.0618646958499147,0.0049459920409323,0.0002274019329164,0.0040932347924957,0.0011938601478112,364.8882666917546,10.172755047609082,9.948893183842737,10.060824115725907,/gpfs/radev/pi/saxena/aj764/PairedTestingSessions/051324_EB001R-031B-033Y_TimeOut_VEH/Tracking/h5/051324_Cam1_TrNum11_Coop_EB001R-EB031B.predictions.h5,-0.0005685048322910005
051324_EB007R-005Y-009B_TimeOut_VEH_TrNum11,2024-05-13,EB007R-EB009B,Unfamiliar,transparent,cooperation,0.0920699471329808,0.0871543310288735,0.0100650671004473,0.0710654737698251,0.0145384302562017,452.51564505835313,7.715146841044029,5.65604080506106,6.685593823052544,/gpfs/radev/pi/saxena/aj764/PairedTestingSessions/051324_EB007R-005Y-009B_TimeOut_VEH/Tracking/h5/051324_Cam2_TrNum11_Coop_EB007R-EB009B.predictions.h5,-0.008514640097600595
051324_EB015R-011Y-003B_TimeOut_VEH_TrNum8,2024-05-13,EB011Y-EB015R,Training Partner,transparent,cooperation,0.0643384097674619,0.030113464774149,0.0173864273696017,0.010311057422667,0.0045299624660252,443.7985489998793,15.125107038560609,10.089542049841238,12.607324544200925,/gpfs/radev/pi/saxena/aj764/PairedTestingSessions/051324_EB015R-011Y-003B_TimeOut_VEH/Tracking/h5/051324_Cam3_TrNum8_Coop_EB015R-EB011Y.predictions.h5,-0.002113982484144899
051324_EB015R-011Y-003B_TimeOut_VEH_TrNum12,2024-05-13,EB003B-EB015R,Unfamiliar,transparent,cooperation,0.0768257523904341,0.0619749859996266,0.0056001493373156,0.053595503287495,0.0133988758218737,494.55582294636343,12.798990098437615,7.644086496861869,10.221538297649744,/gpfs/radev/pi/saxena/aj764/PairedTestingSessions/051324_EB015R-011Y-003B_TimeOut_VEH/Tracking/h5/051324_Cam3_TrNum12_Coop_EB015R-EB003B.predictions.h5,-0.0106195424470577
051324_EB021R-023B-027Y_TimeOut_VEH_TrNum7,2024-05-13,EB021R-EB023B,Training Partner,transparent,cooperation,0.0658618360147121,0.029899667225461,0.0045537568494007,0.0247954562514074,0.0036780343783621,512.2215003959251,8.730994099066178,8.859497807683393,8.795245953374785,/gpfs/radev/pi/saxena/aj764/PairedTestingSessions/051324_EB021R-023B-027Y_TimeOut_VEH/Tracking/h5/051324_Cam4_TrNum7_Coop_EB021R-EB023B.predictions.h5,-0.0031275802537091986
051424_EB011Y-015R-003B_TimeOut_VEH_TrNum7,2024-05-14,EB003B-EB011Y,Unfamiliar,transparent,cooperation,0.1870943798854173,0.1011295896829262,0.0206434254169276,0.0714633637185999,0.0343051979681302,478.9713902944704,15.266411160856569,18.004982812699335,16.63569698677795,/gpfs/radev/pi/saxena/aj764/PairedTestingSessions/051424_EB011Y-015R-003B_TimeOut_VEH/Tracking/h5/051424_Cam1_TrNum7_Coop_EB011Y-EB003B.predictions.h5,-0.025282397420731503
051424_EB011Y-015R-003B_TimeOut_VEH_TrNum10,2024-05-14,EB011Y-EB015R,Training Partner,transparent,cooperation,0.0846643724536213,0.0073177485067837,0.0028479886080455,0.0033226533760531,0.0023733238400379,425.6497967753982,11.55410182946473,9.872516013711405,10.713308921588066,/gpfs/radev/pi/saxena/aj764/PairedTestingSessions/051424_EB011Y-015R-003B_TimeOut_VEH/Tracking/h5/051424_Cam1_TrNum10_Coop_EB011Y-EB015R.predictions.h5,-0.0012262173173527998
051424_EB023B-021R-027Y_TimeOut_VEH_TrNum7,2024-05-14,EB021R-EB023B,Training Partner,transparent,cooperation,0.0532574468085106,0.0157021276595744,0.0048510638297872,0.0127021276595744,0.0003404255319148,480.3188727174872,7.19556036872237,7.743876746761494,7.469718557741932,/gpfs/radev/pi/saxena/aj764/PairedTestingSessions/051424_EB023B-021R-027Y_TimeOut_VEH/Tracking/h5/051424_Cam2_TrNum7_Coop_EB023B-EB021R.predictions.h5,-0.0021914893617020026
051424_EB023B-021R-027Y_TimeOut_VEH_TrNum10,2024-05-14,EB023B-EB027Y,Unfamiliar,transparent,cooperation,0.0559926096502972,0.0476088469983398,0.0122369196165586,0.035157714346918,0.001285278209179,506.8492875266615,5.590119688445334,6.650544777337291,6.120332232891313,/gpfs/radev/pi/saxena/aj764/PairedTestingSessions/051424_EB023B-021R-027Y_TimeOut_VEH/Tracking/h5/051424_Cam2_TrNum10_Coop_EB023B-EB027Y.predictions.h5,-0.0010710651743157996
051424_EB031B-001R-033Y_TimeOut_VEH_TrNum7,2024-05-14,EB031B-EB033Y,Unfamiliar,transparent,cooperation,0.0641875629075314,0.1390748763730252,0.0202179335696468,0.1380464749901536,0.0035665835193208,421.4923285880673,4.998154501713713,4.46233743434738,4.730245968030546,/gpfs/radev/pi/saxena/aj764/PairedTestingSessions/051424_EB031B-001R-033Y_TimeOut_VEH/Tracking/h5/051424_Cam3_TrNum7_Coop_EB031B-EB033Y.predictions.h5,-0.022756115706095988
051424_EB031B-001R-033Y_TimeOut_VEH_TrNum11,2024-05-14,EB001R-EB031B,Training Partner,transparent,cooperation,0.0349256068911511,0.0080048725311058,0.0002175237100843,0.0065692160445488,0.001435656486557,398.3726192236013,8.848737375335627,10.643461499610542,9.746099437473084,/gpfs/radev/pi/saxena/aj764/PairedTestingSessions/051424_EB031B-001R-033Y_TimeOut_VEH/Tracking/h5/051424_Cam3_TrNum11_Coop_EB031B-EB001R.predictions.h5,-0.00021752371008430024
051524_EB001R-031B-019Y_TimeOut_VEH_TrNum11,2024-05-15,EB001R-EB031B,Training Partner,transparent,cooperation,0.0666870266308331,0.0122770583923772,0.0003053994624969,0.0099560224774004,0.0097117029074028,376.9308751548129,10.196898962140812,9.717477706896506,9.957188334518658,/gpfs/radev/pi/saxena/aj764/PairedTestingSessions/051524_EB001R-031B-019Y_TimeOut_VEH/Tracking/h5/051524_Cam1_TrNum11_Coop_EB001R-EB031B.predictions.h5,-0.007696066454922899
051524_EB001R-031B-019Y_TimeOut_VEH_TrNum7,2024-05-15,EB001R-EB019Y,Unfamiliar,transparent,cooperation,0.1577806094900758,0.0801494568151875,0.0022461717889462,0.0771041662167123,0.0047299194401848,456.4752600232703,7.967621708482727,5.4323782633503885,6.699999985916557,/gpfs/radev/pi/saxena/aj764/PairedTestingSessions/051524_EB001R-031B-019Y_TimeOut_VEH/Tracking/h5/051524_Cam1_TrNum7_Coop_EB001R-EB019Y.predictions.h5,-0.003930800630655813
051524_EB007R-005Y-027Y_TimeOut_VEH_TrNum11,2024-05-15,EB007R-EB027Y,Unfamiliar,transparent,cooperation,0.1342124175858513,0.0175608536699684,0.0026560009999062,0.0122176045995687,0.0048120488704183,472.29971906220305,10.0362109790182,11.69838494586004,10.86729796243912,/gpfs/radev/pi/saxena/aj764/PairedTestingSessions/051524_EB007R-005Y-027Y_TimeOut_VEH/Tracking/h5/051524_Cam2_TrNum11_Coop_EB007R-EB027Y.predictions.h5,-0.0021248007999247987
051524_EB015R-011Y_033Y_TimeOut_VEH_TrNum12,2024-05-15,EB015R-EB033Y,Unfamiliar,transparent,cooperation,0.174690162664601,0.0755443669851105,0.0043463292882347,0.0470780617953352,0.0339099750408813,876.8418495546116,6.730313648356054,16.90091327884863,11.815613463602345,/gpfs/radev/pi/saxena/aj764/PairedTestingSessions/051524_EB015R-011Y_033Y_TimeOut_VEH/Tracking/h5/051524_Cam3_TrNum12_Coop_EB015R-EB033Y.predictions.h5,-0.0097899991393407
051524_EB015R-011Y_033Y_TimeOut_VEH_TrNum8,2024-05-15,EB011Y-EB015R,Training Partner,transparent,cooperation,0.0580078125,0.0096435546875,0.00543212890625,0.00201416015625,0.00244140625,371.4664006335451,9.004374003621535,9.273508898387412,9.138941451004474,/gpfs/radev/pi/saxena/aj764/PairedTestingSessions/051524_EB015R-011Y_033Y_TimeOut_VEH/Tracking/h5/051524_Cam3_TrNum8_Coop_EB015R-EB011Y.predictions.h5,-0.000244140625
051524_EB021R-023B-009B_TimeOut_VEH_TrNum7,2024-05-15,EB021R-EB023B,Training Partner,transparent,cooperation,0.0875304726770651,0.0313464069208034,0.0025025348952602,0.01697840484974,0.0150367829482449,1252.5944711188035,30.786193305582888,7.296307002373078,19.041250153977984,/gpfs/radev/pi/saxena/aj764/PairedTestingSessions/051524_EB021R-023B-009B_TimeOut_VEH/Tracking/h5/051524_Cam4_TrNum7_Coop_EB021R-EB023B.predictions.h5,-0.0031713157724417
051524_EB021R-023B-009B_TimeOut_VEH_TrNum9,2024-05-15,EB009B-EB021R,Unfamiliar,transparent,cooperation,0.1015115115115115,0.0644144144144144,0.005005005005005,0.0575825825825825,0.0131631631631631,458.3028753312622,6.763383047399213,3.18616364108477,4.974773344241991,/gpfs/radev/pi/saxena/aj764/PairedTestingSessions/051524_EB021R-023B-009B_TimeOut_VEH/Tracking/h5/051524_Cam4_TrNum9_Coop_EB021R-EB009B.predictions.h5,-0.011336336336336211
052024_EB031B-001R-EB019Y_TimeOut_VEH_BAD_TrNum7,2024-05-20,EB019Y-EB031B,Unfamiliar,transparent,cooperation,0.1343152454780361,0.253252443545669,0.0051679586563307,0.2473879339400067,0.0139759577575553,281.1397038665726,9.092066619105958,6.806323394419005,7.949195006762482,/gpfs/radev/pi/saxena/aj764/PairedTestingSessions/052024_EB031B-001R-EB019Y_TimeOut_VEH_BAD/Tracking/h5/052024_Cam3_TrNum7_Coop_EB031B-EB019Y.predictions.h5,-0.013279406808223697
052124_EB001R-031B-003B_TimeOut_CNO_TrNum10,2024-05-21,EB001R-EB031B,Training Partner,transparent,cooperation,0.0476173595989264,0.0333468374943029,0.0046842558363295,0.0302577606725072,0.0033169595381576,511.9997024327826,8.140098058281826,5.0757049914307615,6.607901524856294,/gpfs/radev/pi/saxena/aj764/PairedTestingSessions/052124_EB001R-031B-003B_TimeOut_CNO/Tracking/h5/052124_Cam3_TrNum10_Coop_EB001R-EB031B.predictions.h5,-0.0049121385526913995
052124_EB001R-031B-003B_TimeOut_CNO_TrNum8,2024-05-21,EB001R-EB003B,Unfamiliar,transparent,cooperation,0.0851713199782813,0.0761009344726088,0.0085159889120681,0.0682136427285457,0.0130883319521047,498.28047922413106,11.361854805661748,6.255197749757101,8.808526277709424,/gpfs/radev/pi/saxena/aj764/PairedTestingSessions/052124_EB001R-031B-003B_TimeOut_CNO/Tracking/h5/052124_Cam3_TrNum8_Coop_EB001R-EB003B.predictions.h5,-0.01371702912010971
052124_EB007R-005Y-023B_TimeOut_CNO_TrNum9,2024-05-21,EB005Y-EB007R,Training Partner,transparent,cooperation,0.179065362761393,0.0214912450233852,0.0051022380271346,0.0174326465927099,0.0010822929148467,427.66558809214143,9.447230714739286,11.058806935265832,10.25301882500256,/gpfs/radev/pi/saxena/aj764/PairedTestingSessions/052124_EB007R-005Y-023B_TimeOut_CNO/Tracking/h5/052124_Cam1_TrNum9_Coop_EB007R-EB005Y.predictions.h5,-0.002125932511306001
052124_EB007R-005Y-023B_TimeOut_CNO_TrNum7,2024-05-21,EB007R-EB023B,Unfamiliar,transparent,cooperation,0.104391568992404,0.0686402736556164,0.0102620856179888,0.0652698827908848,0.0021882388450123,430.87247403005045,7.019994654444919,7.811395641641895,7.415695148043407,/gpfs/radev/pi/saxena/aj764/PairedTestingSessions/052124_EB007R-005Y-023B_TimeOut_CNO/Tracking/h5/052124_Cam1_TrNum7_Coop_EB007R-EB023B.predictions.h5,-0.00907993359826951
052124_EB015R-011Y_019Y_TimeOut_CNO_TrNum8,2024-05-21,EB011Y-EB015R,Training Partner,transparent,cooperation,0.1360655737704918,0.0163076130804222,0.0014591022229851,0.0074957800474923,0.008039367150173,504.5117230466463,10.677007587736124,13.141803833487462,11.909405710611791,/gpfs/radev/pi/saxena/aj764/PairedTestingSessions/052124_EB015R-011Y_019Y_TimeOut_CNO/Tracking/h5/052124_Cam4_TrNum8_Coop_EB015R-EB011Y.predictions.h5,-0.0006866363402281998
052124_EB015R-011Y_019Y_TimeOut_CNO_TrNum12,2024-05-21,EB015R-EB019Y,Unfamiliar,transparent,cooperation,0.1892646602544213,0.0821594787465094,0.0018305926155755,0.0733478125969593,0.0397455786534284,526.192993491669,14.384194986124454,11.56773479779409,12.975964891959272,/gpfs/radev/pi/saxena/aj764/PairedTestingSessions/052124_EB015R-011Y_019Y_TimeOut_CNO/Tracking/h5/052124_Cam4_TrNum12_Coop_EB015R-EB019Y.predictions.h5,-0.03276450511945379
052324_EB007R-005Y-033Y_TimeOut_VEH_TrNum10,2024-05-23,EB005Y-EB007R,Training Partner,transparent,cooperation,0.1897138324127394,0.0178928193677282,0.0077564931249265,0.0110765072276413,0.0,458.14858380057746,10.81664887363994,16.21051226870471,13.513580571172326,/gpfs/radev/pi/saxena/aj764/PairedTestingSessions/052324_EB007R-005Y-033Y_TimeOut_VEH/Tracking/h5/052324_Cam3_TrNum10_Coop_EB007R-EB005Y.predictions.h5,-0.0009401809848395993
052324_EB007R-005Y-033Y_TimeOut_VEH_TrNum12,2024-05-23,EB007R-EB033Y,Unfamiliar,transparent,cooperation,0.163063622855599,0.0675942185600432,0.0031338646494664,0.0642172092394975,0.0016749966229906,437.3179705636939,10.386509661268406,8.796750714238787,9.591630187753596,/gpfs/radev/pi/saxena/aj764/PairedTestingSessions/052324_EB007R-005Y-033Y_TimeOut_VEH/Tracking/h5/052324_Cam3_TrNum12_Coop_EB007R-EB033Y.predictions.h5,-0.0014318519519112961
052324_EB015R-011Y_023B_TimeOut_VEH_TrNum7,2024-05-23,EB015R-EB023B,Unfamiliar,transparent,cooperation,0.0739167924121577,0.0607242940288855,0.0104548394050441,0.0534813537400301,0.0059711144643242,486.96918147362567,7.2528983894986,8.124874665118451,7.688886527308526,/gpfs/radev/pi/saxena/aj764/PairedTestingSessions/052324_EB015R-011Y_023B_TimeOut_VEH/Tracking/h5/052324_Cam2_TrNum7_Coop_EB015R-EB023B.predictions.h5,-0.009183013580512902
052324_EB015R-011Y_023B_TimeOut_VEH_TrNum12,2024-05-23,EB011Y-EB015R,Training Partner,transparent,cooperation,0.1182011297252933,0.0033795201081446,0.0006759040216289,0.0016897600540723,0.0011104137498189,435.78000214895405,8.343130583821237,10.282356076799068,9.312743330310152,/gpfs/radev/pi/saxena/aj764/PairedTestingSessions/052324_EB015R-011Y_023B_TimeOut_VEH/Tracking/h5/052324_Cam2_TrNum12_Coop_EB015R-EB011Y.predictions.h5,-9.65577173755003e-05
052324_EB029R-027Y-003B_TimeOut_VEH_TrNum12,2024-05-23,EB027Y-EB029R,Training Partner,transparent,cooperation,0.1523785097192224,0.0276187904967602,0.0045086393088552,0.0191414686825054,0.0085313174946004,730.7039096388462,17.517858544910624,9.614267316874455,13.56606293089254,/gpfs/radev/pi/saxena/aj764/PairedTestingSessions/052324_EB029R-027Y-003B_TimeOut_VEH/Tracking/h5/052324_Cam4_TrNum12_Coop_EB029R-EB027Y.predictions.h5,-0.004562634989200802
052324_EB029R-027Y-003B_TimeOut_VEH_TrNum10,2024-05-23,EB003B-EB029R,Unfamiliar,transparent,cooperation,0.1578343313373253,0.0525282767797737,0.0126413838988689,0.0337658017298735,0.0153692614770459,561.337033554387,14.195019682150456,10.123722524383808,12.159371103267132,/gpfs/radev/pi/saxena/aj764/PairedTestingSessions/052324_EB029R-027Y-003B_TimeOut_VEH/Tracking/h5/052324_Cam4_TrNum10_Coop_EB029R-EB003B.predictions.h5,-0.009248170326014599
052424_EB005Y-007R-023B_TimeOut_CNO_TrNum9,2024-05-24,EB005Y-EB023B,Unfamiliar,transparent,cooperation,0.0716939328156122,0.0805227939037217,0.0387619452588232,0.0662668128818566,0.0032003222702146,456.21630925679017,7.105159276029652,6.065904855973139,6.585532066001395,/gpfs/radev/pi/saxena/aj764/PairedTestingSessions/052424_EB005Y-007R-023B_TimeOut_CNO/Tracking/h5/052424_Cam1_TrNum9_Coop_EB005Y-EB023B.predictions.h5,-0.02770628650717269
052424_EB005Y-007R-023B_TimeOut_CNO_TrNum11,2024-05-24,EB005Y-EB007R,Training Partner,transparent,cooperation,0.1858417313728729,0.0024781100280852,0.0002202764469409,0.0019274189107329,0.0003854837821465,385.5969506256436,8.986559281334923,9.211199970300914,9.09887962581792,/gpfs/radev/pi/saxena/aj764/PairedTestingSessions/052424_EB005Y-007R-023B_TimeOut_CNO/Tracking/h5/052424_Cam1_TrNum11_Coop_EB005Y-EB007R.predictions.h5,-5.50691117351e-05
052424_EB011Y-015R-003B_TimeOut_CNO_TrNum12,2024-05-24,EB011Y-EB015R,Training Partner,transparent,cooperation,0.1222311289245157,0.0,0.0,0.0,0.0,372.7356757884857,9.47796239911832,9.009794304199108,9.243878351658717,/gpfs/radev/pi/saxena/aj764/PairedTestingSessions/052424_EB011Y-015R-003B_TimeOut_CNO/Tracking/h5/052424_Cam2_TrNum12_Coop_EB011Y-EB015R.predictions.h5,0.0
052424_EB011Y-015R-003B_TimeOut_CNO_TrNum7,2024-05-24,EB003B-EB011Y,Unfamiliar,transparent,cooperation,0.0916343836472373,0.0266178702133357,0.010800678389717,0.0138177273944479,0.0081228242435062,476.8667303365488,9.241532009491834,10.164128051153414,9.702830030322623,/gpfs/radev/pi/saxena/aj764/PairedTestingSessions/052424_EB011Y-015R-003B_TimeOut_CNO/Tracking/h5/052424_Cam2_TrNum7_Coop_EB011Y-EB003B.predictions.h5,-0.006123359814335398
052424_EB027Y-029R-017B_TimeOut_CNO_TrNum12,2024-05-24,EB027Y-EB029R,Training Partner,transparent,cooperation,0.123333681753249,0.0237622382495383,0.0102087035294937,0.0073516602208982,0.0081530260269677,510.0795061927232,12.114130774123456,10.3679029182396,11.241016846181529,/gpfs/radev/pi/saxena/aj764/PairedTestingSessions/052424_EB027Y-029R-017B_TimeOut_CNO/Tracking/h5/052424_Cam3_TrNum12_Coop_EB027Y-EB029R.predictions.h5,-0.0019511515278212987
052424_EB027Y-029R-017B_TimeOut_CNO_TrNum10,2024-05-24,EB017B-EB027Y,Unfamiliar,transparent,cooperation,0.0897159504734158,0.1166205389657683,0.0330954115076474,0.08122359796067,0.0388638018936635,465.8134301821833,6.951298206002273,5.510295565154984,6.230796885578629,/gpfs/radev/pi/saxena/aj764/PairedTestingSessions/052424_EB027Y-029R-017B_TimeOut_CNO/Tracking/h5/052424_Cam3_TrNum10_Coop_EB027Y-EB017B.predictions.h5,-0.036562272396212604
052424_EB031B-001R-033Y_TimeOut_CNO_TrNum12,2024-05-24,EB001R-EB031B,Training Partner,transparent,cooperation,0.0439476189251074,0.0141500939051686,0.000900460521238,0.0086186935604209,0.0061745864313463,538.2726256912179,6.652300943553561,8.081286700506492,7.366793822030027,/gpfs/radev/pi/saxena/aj764/PairedTestingSessions/052424_EB031B-001R-033Y_TimeOut_CNO/Tracking/h5/052424_Cam4_TrNum12_Coop_EB031B-EB001R.predictions.h5,-0.0015436466078365997
052424_EB031B-001R-033Y_TimeOut_CNO_TrNum7,2024-05-24,EB031B-EB033Y,Unfamiliar,transparent,cooperation,0.0926670718494833,0.0664852152313505,0.0050735935311682,0.0468514652643817,0.0211663980128425,498.7528637071436,9.946633509075776,6.596931080322772,8.271782294699275,/gpfs/radev/pi/saxena/aj764/PairedTestingSessions/052424_EB031B-001R-033Y_TimeOut_CNO/Tracking/h5/052424_Cam4_TrNum7_Coop_EB031B-EB033Y.predictions.h5,-0.006606241577041906
052824_EB005Y-007R-017B_TimeOut_VEH_TrNum10,2024-05-28,EB005Y-EB007R,Training Partner,transparent,cooperation,0.1557439318139707,0.0058365758754863,0.0021308134148601,0.0037984065221419,0.0,481.4932291493338,10.278157624900835,16.483619250427402,13.38088843766412,/gpfs/radev/pi/saxena/aj764/PairedTestingSessions/052824_EB005Y-007R-017B_TimeOut_VEH/Tracking/h5/052824_Cam1_TrNum10_Coop_EB005Y-EB007R.predictions.h5,-9.264406151569989e-05
052824_EB005Y-007R-017B_TimeOut_VEH_TrNum12,2024-05-28,EB005Y-EB017B,Unfamiliar,transparent,cooperation,0.0675907883082373,0.0583923826395039,0.0150354295837023,0.0450398582816651,0.0134632418069087,507.4032736811904,6.731374007519482,6.034214546025354,6.382794276772418,/gpfs/radev/pi/saxena/aj764/PairedTestingSessions/052824_EB005Y-007R-017B_TimeOut_VEH/Tracking/h5/052824_Cam1_TrNum12_Coop_EB005Y-EB017B.predictions.h5,-0.0151461470327722
052824_EB011Y-015R-023B_TimeOut_VEH_TrNum9,2024-05-28,EB011Y-EB023B,Unfamiliar,transparent,cooperation,0.1710021044006182,0.0351416280239119,0.01102482447809,0.0233532599586569,0.0028120751624858,502.467714242004,16.42079923270544,20.864520777845794,18.642660005275616,/gpfs/radev/pi/saxena/aj764/PairedTestingSessions/052824_EB011Y-015R-023B_TimeOut_VEH/Tracking/h5/052824_Cam4_TrNum9_Coop_EB011Y-EB023B.predictions.h5,-0.0020485315753208007
052824_EB011Y-015R-023B_TimeOut_VEH_TrNum12,2024-05-28,EB011Y-EB015R,Training Partner,transparent,cooperation,0.1070706312259097,0.0231766531511237,0.0094608800120138,0.0104370025529358,0.0050307854032136,490.7964516627249,11.770901489173015,11.58544129271099,11.678171390942005,/gpfs/radev/pi/saxena/aj764/PairedTestingSessions/052824_EB011Y-015R-023B_TimeOut_VEH/Tracking/h5/052824_Cam4_TrNum12_Coop_EB011Y-EB015R.predictions.h5,-0.0017520148170395008
052824_EB027Y-029R-003B_TimeOut_VEH_TrNum11,2024-05-28,EB027Y-EB029R,Training Partner,transparent,cooperation,0.1794093021912983,0.0272252215838554,0.0110286687646158,0.0161965528192395,0.0002020960244824,488.23207334740465,15.67494809989652,12.38974201594862,14.03234505792257,/gpfs/radev/pi/saxena/aj764/PairedTestingSessions/052824_EB027Y-029R-003B_TimeOut_VEH/Tracking/h5/052824_Cam2_TrNum11_Coop_EB027Y-EB029R.predictions.h5,-0.00020209602448229938
052824_EB027Y-029R-003B_TimeOut_VEH_TrNum9,2024-05-28,EB003B-EB027Y,Unfamiliar,transparent,cooperation,0.0855012274581464,0.097033796629566,0.0213743839636746,0.0704542518042711,0.0216512542222714,474.8800377262479,6.974754065461546,5.300885297966811,6.137819681714179,/gpfs/radev/pi/saxena/aj764/PairedTestingSessions/052824_EB027Y-029R-003B_TimeOut_VEH/Tracking/h5/052824_Cam2_TrNum9_Coop_EB027Y-EB003B.predictions.h5,-0.016446093360651098
052824_EB031B-001R-019Y_TimeOut_VEH_TrNum12,2024-05-28,EB019Y-EB031B,Unfamiliar,transparent,cooperation,0.1527316651521532,0.109554733039296,0.0094195350074248,0.1077594804849398,0.0023493428489106,2867.1334764585395,7.050270532226019,176.7915095354447,91.92089003383536,/gpfs/radev/pi/saxena/aj764/PairedTestingSessions/052824_EB031B-001R-019Y_TimeOut_VEH/Tracking/h5/052824_Cam3_TrNum12_Coop_EB031B-EB019Y.predictions.h5,-0.009973625301979207
052824_EB031B-001R-019Y_TimeOut_VEH_TrNum10,2024-05-28,EB001R-EB031B,Training Partner,transparent,cooperation,0.0388710163868503,0.0136221976475319,0.0006534633557856,0.0130190007037297,0.0005026641198351,393.8312296966824,10.683220488170726,10.22042013848155,10.451820313326138,/gpfs/radev/pi/saxena/aj764/PairedTestingSessions/052824_EB031B-001R-019Y_TimeOut_VEH/Tracking/h5/052824_Cam3_TrNum10_Coop_EB031B-EB001R.predictions.h5,-0.0005529305318185007
052924_EB001R-031B-033Y_TimeOut_CNO_TrNum8,2024-05-29,EB001R-EB031B,Training Partner,transparent,cooperation,0.062938163313134,0.0115169573805617,0.004921490508554,0.0065954668720077,0.0002678362181525,460.4589393633923,10.03849135419634,11.144534289257637,10.591512821726988,/gpfs/radev/pi/saxena/aj764/PairedTestingSessions/052924_EB001R-031B-033Y_TimeOut_CNO/Tracking/h5/052924_Cam2_TrNum8_Coop_EB001R-EB031B.predictions.h5,-0.0002678362181525
052924_EB007R-005Y-019Y_TimeOut_CNO_TrNum10,2024-05-29,EB007R-EB019Y,Unfamiliar,transparent,cooperation,0.1466419856085097,0.0940313553724754,0.0046581152014461,0.0921194424166579,0.001807626794591,467.2955420605868,9.948726883596883,8.711984460658648,9.330355672127766,/gpfs/radev/pi/saxena/aj764/PairedTestingSessions/052924_EB007R-005Y-019Y_TimeOut_CNO/Tracking/h5/052924_Cam4_TrNum10_Coop_EB007R-EB019Y.predictions.h5,-0.004553829040219604
052924_EB015R-011Y_017B_TimeOut_CNO_TrNum10,2024-05-29,EB015R-EB017B,Unfamiliar,transparent,cooperation,0.0568214564707924,0.0198246679975696,0.0060411422619564,0.0160576338859474,0.0046870931342765,562.0126935679855,11.165623473277757,8.463019074176364,9.81432127372706,/gpfs/radev/pi/saxena/aj764/PairedTestingSessions/052924_EB015R-011Y_017B_TimeOut_CNO/Tracking/h5/052924_Cam3_TrNum10_Coop_EB015R-EB017B.predictions.h5,-0.006961201284610701
052924_EB015R-011Y_017B_TimeOut_CNO_TrNum12,2024-05-29,EB011Y-EB015R,Training Partner,transparent,cooperation,0.06002079002079,0.0009355509355509,0.0,5.197505197505198e-05,0.0008835758835758,449.0666228410528,7.662906614048117,9.742145209414783,8.702525911731449,/gpfs/radev/pi/saxena/aj764/PairedTestingSessions/052924_EB015R-011Y_017B_TimeOut_CNO/Tracking/h5/052924_Cam3_TrNum12_Coop_EB015R-EB011Y.predictions.h5,4.8030156241107846e-17
052924_EB029R-027Y-023B_TimeOut_CNO_TrNum10,2024-05-29,EB023B-EB029R,Unfamiliar,transparent,cooperation,0.0755351917449561,0.0060834745110118,0.0023871862005236,0.0055444324657323,0.0001925150161712,483.7905972823331,10.10853636888992,9.844337881551276,9.976437125220595,/gpfs/radev/pi/saxena/aj764/PairedTestingSessions/052924_EB029R-027Y-023B_TimeOut_CNO/Tracking/h5/052924_Cam1_TrNum10_Coop_EB029R-EB023B.predictions.h5,-0.0020406591714153
052924_EB029R-027Y-023B_TimeOut_CNO_TrNum7,2024-05-29,EB027Y-EB029R,Training Partner,transparent,cooperation,0.1457184414941355,0.0185064834586698,0.0042397796552471,0.0153189118930461,9.284189026088572e-05,537.5722854134361,13.480977410985457,11.435063623072912,12.458020517029183,/gpfs/radev/pi/saxena/aj764/PairedTestingSessions/052924_EB029R-027Y-023B_TimeOut_CNO/Tracking/h5/052924_Cam1_TrNum7_Coop_EB029R-EB027Y.predictions.h5,-0.0011450499798842837
053124_EB005Y-007R-003B_TimeOut_CNO_TrNum12,2024-05-31,EB003B-EB005Y,Unfamiliar,transparent,cooperation,0.0488104845217728,0.0249039672035895,0.0161561057490558,0.0079570031311533,0.003615352335453,546.6667680701642,7.388939418897487,8.080026090431598,7.734482754664542,/gpfs/radev/pi/saxena/aj764/PairedTestingSessions/053124_EB005Y-007R-003B_TimeOut_CNO/Tracking/h5/053124_Cam2_TrNum12_Coop_EB005Y-EB003B.predictions.h5,-0.0028244940120726028
053124_EB011Y-015R-017B_TimeOut_CNO_TrNum8,2024-05-31,EB011Y-EB015R,Training Partner,transparent,cooperation,0.0647600154295475,0.0023695376646277,0.0023695376646277,0.0003857386895905,0.0,430.65202596091007,8.543909394637938,8.447866748280191,8.495888071459063,/gpfs/radev/pi/saxena/aj764/PairedTestingSessions/053124_EB011Y-015R-017B_TimeOut_CNO/Tracking/h5/053124_Cam4_TrNum8_Coop_EB011Y-EB015R.predictions.h5,-0.0003857386895905
053124_EB011Y-015R-017B_TimeOut_CNO_TrNum10,2024-05-31,EB011Y-EB017B,Unfamiliar,transparent,cooperation,0.1199582434726747,0.0400128481622539,0.0141329784793282,0.0074794658835405,0.0215436149222227,493.1788767006708,17.13195290573264,15.361372086756107,16.246662496244372,/gpfs/radev/pi/saxena/aj764/PairedTestingSessions/053124_EB011Y-015R-017B_TimeOut_CNO/Tracking/h5/053124_Cam4_TrNum10_Coop_EB011Y-EB017B.predictions.h5,-0.003143211122837497
053124_EB027Y-029R-023B_TimeOut_CNO_TrNum12,2024-05-31,EB003B-EB027Y,Training Partner,transparent,cooperation,0.0332582996447384,0.0254655151292417,0.0016384907509494,0.0191871860835477,0.0073961778757809,511.1640337562011,6.5509982386576855,4.622115842842297,5.586557040749991,/gpfs/radev/pi/saxena/aj764/PairedTestingSessions/053124_EB027Y-029R-023B_TimeOut_CNO/Tracking/h5/053124_Cam1_TrNum12_Coop_EB027Y-EB003B.predictions.h5,-0.0027563395810363
053124_EB027Y-029R-023B_TimeOut_CNO_TrNum7,2024-05-31,EB027Y-EB029R,Training Partner,transparent,cooperation,0.1177835989230881,0.0156807101797278,0.0006184966892236,0.0150622134905042,0.0006548788474132,479.07308568128,10.96597915633328,8.200270626091168,9.583124891212224,/gpfs/radev/pi/saxena/aj764/PairedTestingSessions/053124_EB027Y-029R-023B_TimeOut_CNO/Tracking/h5/053124_Cam1_TrNum7_Coop_EB027Y-EB029R.predictions.h5,-0.0006548788474132
053124_EB031B-001R-033Y_TimeOut_CNO_TrNum7,2024-05-31,EB001R-EB031B,Training Partner,transparent,cooperation,0.0313918031939635,0.007907385394594,0.0028942064189363,0.0049098144606956,0.000620187089772,386.5198579676071,10.091528980558495,11.768917431222604,10.930223205890549,/gpfs/radev/pi/saxena/aj764/PairedTestingSessions/053124_EB031B-001R-033Y_TimeOut_CNO/Tracking/h5/053124_Cam3_TrNum7_Coop_EB031B-EB001R.predictions.h5,-0.0005168225748099011
053124_EB031B-001R-033Y_TimeOut_CNO_TrNum12,2024-05-31,EB031B-EB033Y,Unfamiliar,transparent,cooperation,0.032983468905799,0.0485062038460096,0.0167934925216478,0.0330247029276155,0.0083967462608239,436.3921028829031,7.296711272411713,8.148161019786047,7.72243614609888,/gpfs/radev/pi/saxena/aj764/PairedTestingSessions/053124_EB031B-001R-033Y_TimeOut_CNO/Tracking/h5/053124_Cam3_TrNum12_Coop_EB031B-EB033Y.predictions.h5,-0.009708737864077603
090324_FiberPho_KL002B-KL003_TimeOut_TrNum14,2024-09-03,KL002B-KL002Y,Training Partner,transparent,cooperation,0.0474993001772884,0.0182887001959503,0.0134832509097695,0.0030792199309508,0.0018661938975459,461.5596988685151,9.412653551162592,10.111362310309222,9.762007930735908,/gpfs/radev/pi/saxena/aj764/PairedTestingSessions/090324_FiberPho_KL002B-KL003_TimeOut/Tracking/h5/090324_Cam1_TrNum14_Coop_KL002B-KL002Y.predictions.h5,-0.00013996454231590075
090924_FiberPho_KL007G-KL002_TimeOut_TrNum10,2024-09-09,KL002Y-KL007G,Unfamiliar,transparent,cooperation,0.1215540784253104,0.0169526459524913,0.0111815324367496,0.0009275003864584,0.0051527799247694,502.9490628640978,12.0211791925934,11.799897970081016,11.910538581337208,/gpfs/radev/pi/saxena/aj764/PairedTestingSessions/090924_FiberPho_KL007G-KL002_TimeOut/Tracking/h5/090924_Cam1_TrNum10_Coop_KL007G-KL002Y.predictions.h5,-0.00030916679548609934
090924_FiberPho_KL007G-KL002_TimeOut_TrNum8,2024-09-09,KL007G-KL007Y,Training Partner,transparent,cooperation,0.128582427396754,0.0197098949832157,0.0120415139663083,0.0045271165039573,0.0048350836130701,521.6481911600731,11.660569706494805,12.171225259487214,11.915897482991008,/gpfs/radev/pi/saxena/aj764/PairedTestingSessions/090924_FiberPho_KL007G-KL002_TimeOut/Tracking/h5/090924_Cam1_TrNum8_Coop_KL007G-KL007Y.predictions.h5,-0.0016938191001200009
090924_FiberPho_KL008B-KL003_TimeOut_TrNum14,2024-09-09,KL002Y-KL008B,Unfamiliar,transparent,cooperation,0.0466842763798137,0.0157444737939663,0.0093841234533574,0.0047615737522591,0.002293896844154,572.9505992534499,10.315320095098562,9.038971005585042,9.677145550341802,/gpfs/radev/pi/saxena/aj764/PairedTestingSessions/090924_FiberPho_KL008B-KL003_TimeOut/Tracking/h5/090924_Cam2_TrNum14_Coop_KL008B-KL002Y.predictions.h5,-0.000695120255804199
091024_FiberPho_KL007Y-KL002_TimeOut_TrNum8,2024-09-10,KL007G-KL007Y,Training Partner,transparent,cooperation,0.1039813174424223,0.0191657271702367,0.0116604928329843,0.0086970526654855,0.0017394105330971,489.2929645991453,11.776985612926936,8.277750948516816,10.027368280721875,/gpfs/radev/pi/saxena/aj764/PairedTestingSessions/091024_FiberPho_KL007Y-KL002_TimeOut/Tracking/h5/091024_Cam1_TrNum8_Coop_KL007Y-KL007G.predictions.h5,-0.002931228861330199
091024_FiberPho_KL007Y-KL002_TimeOut_TrNum14,2024-09-10,KL002B-KL007Y,Unfamiliar,transparent,cooperation,0.0744354160829364,0.0186046511627906,0.0049313533202577,0.0125525357242925,0.0031381339310731,513.1945304568798,12.193259086923938,10.672473132486552,11.432866109705245,/gpfs/radev/pi/saxena/aj764/PairedTestingSessions/091024_FiberPho_KL007Y-KL002_TimeOut/Tracking/h5/091024_Cam1_TrNum14_Coop_KL007Y-KL002B.predictions.h5,-0.002017371812832699
091124_FiberPho_KL002Y-KL005_TimeOut_TrNum8,2024-09-11,KL002B-KL002Y,Training Partner,transparent,cooperation,0.0934364593404232,0.014340960360941,0.0001074229240519,0.0060156837469115,0.0109034267912772,510.6617996702704,12.35821111319934,9.943384600564103,11.15079785688172,/gpfs/radev/pi/saxena/aj764/PairedTestingSessions/091124_FiberPho_KL002Y-KL005_TimeOut/Tracking/h5/091124_Cam1_TrNum8_Coop_KL002Y-KL002B.predictions.h5,-0.0026855731012996008
091124_FiberPho_KL002Y-KL005_TimeOut_TrNum14,2024-09-11,KL002Y-KL005B,Unfamiliar,transparent,cooperation,0.1456251732043433,0.1152596175648099,0.018416345451339,0.0984304537323961,0.0233290504622981,630.3524424502256,18.594228523322737,17.989897127184186,18.29206282525346,/gpfs/radev/pi/saxena/aj764/PairedTestingSessions/091124_FiberPho_KL002Y-KL005_TimeOut/Tracking/h5/091124_Cam1_TrNum14_Coop_KL002Y-KL005B.predictions.h5,-0.024916232081223295
091224_FiberPho_KL002B-KL005_TimeOut_NoTTL_TrNum14,2024-09-12,KL002B-KL002Y,Training Partner,transparent,cooperation,0.0412754786905497,0.0026250772081531,0.0,0.0010037059913526,0.0016985793699814,390.5853235204534,9.96889544252832,9.67091105764136,9.81990325008484,/gpfs/radev/pi/saxena/aj764/PairedTestingSessions/091224_FiberPho_KL002B-KL005_TimeOut_NoTTL/Tracking/h5/091224_Cam1_TrNum14_Coop_KL002B-KL002Y.predictions.h5,-7.720815318089987e-05
091224_FiberPho_KL002B-KL005_TimeOut_NoTTL_TrNum8,2024-09-12,KL002B-KL005Y,Unfamiliar,transparent,cooperation,0.0959668405365126,0.0217958271236959,0.0033532041728763,0.0161140089418777,0.0024683308494783,409.8136011687578,11.96087016268889,13.526182320394652,12.743526241541772,/gpfs/radev/pi/saxena/aj764/PairedTestingSessions/091224_FiberPho_KL002B-KL005_TimeOut_NoTTL/Tracking/h5/091224_Cam1_TrNum8_Coop_KL002B-KL005Y.predictions.h5,-0.00013971684053639766
091324_FiberPho_KL005Y_KL007_TimeOut_TrNum10,2024-09-13,KL005B-KL005Y,Training Partner,transparent,cooperation,0.0341160773849232,0.0033355570380253,0.0007560595952857,0.0025794974427396,0.0,424.41304469039767,7.644246137445522,9.48758873854761,8.565917437996566,/gpfs/radev/pi/saxena/aj764/PairedTestingSessions/091324_FiberPho_KL005Y_KL007_TimeOut/Tracking/h5/091324_Cam2_TrNum10_Coop_KL005Y-KL005B.predictions.h5,4.336808689942018e-19
091324_FiberPho_KL006G-KL002_TimeOut_TrNum8,2024-09-13,KL006G-KL006R,Training Partner,transparent,cooperation,0.1895783954607484,0.0205415499533146,0.0140056022408963,0.0061409179056237,0.000790059613589,491.184078740952,12.1806847071169,17.723987937506898,14.9523363223119,/gpfs/radev/pi/saxena/aj764/PairedTestingSessions/091324_FiberPho_KL006G-KL002_TimeOut/Tracking/h5/091324_Cam1_TrNum8_Coop_KL006G-KL006R.predictions.h5,-0.00039502980679440025
091324_FiberPho_KL006G-KL002_TimeOut_TrNum12,2024-09-13,KL002Y-KL006G,Unfamiliar,transparent,cooperation,0.1851858645145512,0.0147346539496209,0.0,0.0042186353631694,0.0105160185864514,1364.8530057871235,12.119048293715576,139.37838690499487,75.74871759935522,/gpfs/radev/pi/saxena/aj764/PairedTestingSessions/091324_FiberPho_KL006G-KL002_TimeOut/Tracking/h5/091324_Cam1_TrNum12_Coop_KL006G-KL002Y.predictions.h5,1.0061396160665481e-16
091624_FiberPho_KL003B-KL005_TimeOut_TrNum8,2024-09-16,KL003B-KL005Y,Unfamiliar,transparent,cooperation,0.0500863557858376,0.0417797516243112,0.0238917674150834,0.017559009786989,0.0018916029278723,443.4726795876029,10.041190490902707,11.483138380844087,10.762164435873398,/gpfs/radev/pi/saxena/aj764/PairedTestingSessions/091624_FiberPho_KL003B-KL005_TimeOut/Tracking/h5/091624_Cam2_TrNum8_Coop_KL003B-KL005Y.predictions.h5,-0.0015626285056335014
091624_FiberPho_KL006G-KL007_TimeOut_TrNum14,2024-09-16,KL006G-KL007Y,Unfamiliar,transparent,cooperation,0.0953950841790344,0.0075086525488355,0.0013492110048688,0.0055728280635889,0.0032263741420777,531.2664513783615,11.234403613156417,11.253728839100589,11.244066226128504,/gpfs/radev/pi/saxena/aj764/PairedTestingSessions/091624_FiberPho_KL006G-KL007_TimeOut/Tracking/h5/091624_Cam1_TrNum14_Coop_KL006G-KL007Y.predictions.h5,-0.0026397606616999003
091624_FiberPho_KL006G-KL007_TimeOut_TrNum8,2024-09-16,KL006G-KL006R,Training Partner,transparent,cooperation,0.1113495782567947,0.0214151827553889,0.0126522961574507,0.0087628865979381,0.0011246485473289,507.443652335488,10.061681217165791,9.958016622105536,10.009848919635663,/gpfs/radev/pi/saxena/aj764/PairedTestingSessions/091624_FiberPho_KL006G-KL007_TimeOut/Tracking/h5/091624_Cam1_TrNum8_Coop_KL006G-KL006R.predictions.h5,-0.0011246485473288012
091624_FiberPho_KL006G-KL007_TimeOut_TrNum12,2024-09-16,KL005Y-KL006G,Unfamiliar,transparent,cooperation,0.1007986723368945,0.00731251944819,0.0028524012031946,0.0054454932060989,0.0008297894409293,437.8673400782719,11.348224290794196,14.276988753781442,12.81260652228782,/gpfs/radev/pi/saxena/aj764/PairedTestingSessions/091624_FiberPho_KL006G-KL007_TimeOut/Tracking/h5/091624_Cam1_TrNum12_Coop_KL006G-KL005Y.predictions.h5,-0.0018151644020328005
091724_FiberPho_KL003G-KL006_TimeOut_TrNum10,2024-09-17,KL002Y-KL003G,Unfamiliar,transparent,cooperation,0.1351745363246132,0.0109338300801814,0.0062363327123997,0.0046165060338543,0.0009718960071272,375.72607342333623,17.477091597191674,14.200280255817264,15.838685926504468,/gpfs/radev/pi/saxena/aj764/PairedTestingSessions/091724_FiberPho_KL003G-KL006_TimeOut/Tracking/h5/091724_Cam1_TrNum10_Coop_KL003G-KL002Y.predictions.h5,-0.0008909046731997996
091724_FiberPho_KL003G-KL006_TimeOut_TrNum8,2024-09-17,KL003G-KL006R,Unfamiliar,transparent,cooperation,0.1339652548820694,0.0232056809535886,0.0165483134669033,0.0086228759827542,0.0,433.323726548162,10.856273242624658,10.776988927534305,10.816631085079482,/gpfs/radev/pi/saxena/aj764/PairedTestingSessions/091724_FiberPho_KL003G-KL006_TimeOut/Tracking/h5/091724_Cam1_TrNum8_Coop_KL003G-KL006R.predictions.h5,-0.001965508496068899
091724_FiberPho_KL004G-KL002_TimeOut_TrNum14,2024-09-17,KL002Y-KL004G,Unfamiliar,transparent,cooperation,0.1053141287505282,0.030285955768418,0.0151781941118467,0.0087688406817861,0.0079236512184814,515.7935491448477,8.074000706923172,9.923993530425015,8.998997118674094,/gpfs/radev/pi/saxena/aj764/PairedTestingSessions/091724_FiberPho_KL004G-KL002_TimeOut/Tracking/h5/091724_Cam2_TrNum14_Coop_KL004G-KL002Y.predictions.h5,-0.0015847302436961998
091724_FiberPho_KL004G-KL002_TimeOut_TrNum11,2024-09-17,KL004G-KL006R,Unfamiliar,transparent,cooperation,0.0939662761562944,0.0244802600392767,0.0042324101036093,0.0200446942506941,0.0016591047606148,498.76444585740694,10.395852038422966,7.969640186854106,9.182746112638537,/gpfs/radev/pi/saxena/aj764/PairedTestingSessions/091724_FiberPho_KL004G-KL002_TimeOut/Tracking/h5/091724_Cam2_TrNum11_Coop_KL004G-KL006R.predictions.h5,-0.0014559490756414998
091824_FiberPho_KL006G-KL003_TimeOut_TrNum8,2024-09-18,KL006G-KL006R,Training Partner,transparent,cooperation,0.1121427150341534,0.0063001525300086,0.001657934876318,0.0060348829497977,0.0,443.3337009474622,9.3444660339029,11.68826027037571,10.516363152139306,/gpfs/radev/pi/saxena/aj764/PairedTestingSessions/091824_FiberPho_KL006G-KL003_TimeOut/Tracking/h5/091824_Cam1_TrNum8_Coop_KL006G-KL006R.predictions.h5,-0.0013926652961070993
091924_FiberPho_KL003B-KL004_TimeOut_TrNum8,2024-09-19,KL001Y-KL003B,Unfamiliar,transparent,cooperation,0.1619999027757522,0.0174031403432015,0.0073890428272811,0.009139079286374,0.0017014243352292,445.5613624397195,16.15657727650488,19.338696785565407,17.747637031035143,/gpfs/radev/pi/saxena/aj764/PairedTestingSessions/091924_FiberPho_KL003B-KL004_TimeOut/Tracking/h5/091924_Cam1_TrNum8_Coop_KL003B-KL001Y.predictions.h5,-0.0008264061056828009
092424_FiberPho_KL002B-KL001_TimeOut_TrNum8,2024-09-24,KL002B-KL002Y,Training Partner,transparent,cooperation,0.0768648579308575,0.0210377782053748,0.0061573984991341,0.0139824257584503,0.0032069783849656,405.8956404698149,10.713173510457931,9.596182380663842,10.154677945560888,/gpfs/radev/pi/saxena/aj764/PairedTestingSessions/092424_FiberPho_KL002B-KL001_TimeOut/Tracking/h5/092424_Cam1_TrNum8_Coop_KL002B-KL002Y.predictions.h5,-0.0023090244371752
092424_FiberPho_KL002B-KL001_TimeOut_TrNum14,2024-09-24,KL002B-KL006R,Unfamiliar,transparent,cooperation,0.1370663941094261,0.0598443920652468,0.0093448196741828,0.0555057257879476,0.0026282305333639,11799.861346729846,348.5785905454774,5.938532683533337,177.25856161450537,/gpfs/radev/pi/saxena/aj764/PairedTestingSessions/092424_FiberPho_KL002B-KL001_TimeOut/Tracking/h5/092424_Cam1_TrNum14_Coop_KL002B-KL006R.predictions.h5,-0.007634383930247509
092424_FiberPho_KL005Y-KL008_TimeOut_TrNum14,2024-09-24,KL005B-KL005Y,Training Partner,transparent,cooperation,0.0422532056666106,0.0035276331261548,0.0,0.0024077495940422,0.0012878660619295,426.2319947590124,9.19748210948343,10.99995097550888,10.098716542496156,/gpfs/radev/pi/saxena/aj764/PairedTestingSessions/092424_FiberPho_KL005Y-KL008_TimeOut/Tracking/h5/092424_Cam2_TrNum14_Coop_KL005Y-KL005B.predictions.h5,-0.0001679825298169001
092524_FiberPho_KL005Y-KL003_2X_TimeOut_TrNum10,2024-09-25,KL005B-KL005Y,Training Partner,transparent,cooperation,0.0763290004482294,0.0116539668310174,0.0043030031376064,0.002689376961004,0.0059166293142088,415.4678933737491,11.053637326804145,13.539887905655275,12.29676261622971,/gpfs/radev/pi/saxena/aj764/PairedTestingSessions/092524_FiberPho_KL005Y-KL003_2X_TimeOut/Tracking/h5/092524_Cam1_TrNum10_Coop_KL005Y-KL005B.predictions.h5,-0.0012550425818018
092524_FiberPho_KL006G-KL002_2X_TimeOut_TrNum14,2024-09-25,KL002Y-KL006G,Unfamiliar,transparent,cooperation,0.1395004970178926,0.0195079522862823,0.0132331013916501,0.0063369781312127,0.0,491.14468337624214,10.118553395645185,11.02586615404394,10.57220977484456,/gpfs/radev/pi/saxena/aj764/PairedTestingSessions/092524_FiberPho_KL006G-KL002_2X_TimeOut/Tracking/h5/092524_Cam2_TrNum14_Coop_KL006G-KL002Y.predictions.h5,-6.212723658050121e-05
092524_FiberPho_KL006G-KL002_2X_TimeOut_TrNum12,2024-09-25,KL006G-KL006R,Training Partner,transparent,cooperation,0.077848610924708,0.0035565695879747,0.0020802576835324,0.0030197288954502,0.0,408.6780568826349,12.762441297202722,10.359130306124491,11.560785801663606,/gpfs/radev/pi/saxena/aj764/PairedTestingSessions/092524_FiberPho_KL006G-KL002_2X_TimeOut/Tracking/h5/092524_Cam2_TrNum12_Coop_KL006G-KL006R.predictions.h5,-0.0015434169910078996
092624_FiberPho_KL002B-KL006_2X_TimeOut_TrNum14,2024-09-26,KL002B-KL006R,Unfamiliar,transparent,cooperation,0.1184537224492914,0.0525230146300469,0.0147828412086023,0.0416364261430917,0.0059589747507544,463.7060504437197,16.54432866465296,8.552709022007225,12.548518843330092,/gpfs/radev/pi/saxena/aj764/PairedTestingSessions/092624_FiberPho_KL002B-KL006_2X_TimeOut/Tracking/h5/092624_Cam2_TrNum14_Coop_KL002B-KL006R.predictions.h5,-0.0098552274724015
092624_FiberPho_KL002B-KL006_2X_TimeOut_TrNum12,2024-09-26,KL002B-KL002Y,Training Partner,transparent,cooperation,0.0395764736264445,0.0030344115178513,0.0010329911550132,0.0020014203628381,0.0001291238943766,427.85175238283415,10.820185662232795,9.755511270790045,10.28784846651142,/gpfs/radev/pi/saxena/aj764/PairedTestingSessions/092624_FiberPho_KL002B-KL006_2X_TimeOut/Tracking/h5/092624_Cam2_TrNum12_Coop_KL002B-KL002Y.predictions.h5,-0.0001291238943766
092624_FiberPho_KL003B-KL005_2X_TimeOut_TrNum12,2024-09-26,KL001Y-KL003B,Unfamiliar,transparent,cooperation,0.1832164642836782,0.0237728749786215,0.0137392394960378,0.0084373752921726,0.0035345761359101,462.2557830547116,14.57909010570576,26.974492970755467,20.77679153823061,/gpfs/radev/pi/saxena/aj764/PairedTestingSessions/092624_FiberPho_KL003B-KL005_2X_TimeOut/Tracking/h5/092624_Cam1_TrNum12_Coop_KL003B-KL001Y.predictions.h5,-0.001938315945499001
092624_FiberPho_KL003B-KL005_2X_TimeOut_TrNum10,2024-09-26,KL003B-KL005Y,Unfamiliar,transparent,cooperation,0.0688363208933294,0.0205700852189244,0.0113625232637868,0.0189538642374375,0.0,440.7465285030467,9.937450118951988,14.436656057245951,12.18705308809897,/gpfs/radev/pi/saxena/aj764/PairedTestingSessions/092624_FiberPho_KL003B-KL005_2X_TimeOut/Tracking/h5/092624_Cam1_TrNum10_Coop_KL003B-KL005Y.predictions.h5,-0.0097463022822999
092724_FiberPho_KL007Y_KL003_TimeOut_TrNum11,2024-09-27,KL003G-KL007Y,Unfamiliar,transparent,cooperation,0.1989557972190661,0.0090894335335172,0.0070875940053021,0.0015690093599523,0.0005410377103284,568.7405555936657,35.46282791650345,14.109373739849326,24.786100828176387,/gpfs/radev/pi/saxena/aj764/PairedTestingSessions/092724_FiberPho_KL007Y_KL003_TimeOut/Tracking/h5/092724_Cam2_TrNum11_Coop_KL007Y-KL003G.predictions.h5,-0.0001082075420655999
092724_FiberPho_KL007Y_KL003_TimeOut_TrNum15,2024-09-27,KL003B-KL007Y,Unfamiliar,transparent,cooperation,0.0228269181748661,0.0230690797858781,0.0010196278358399,0.0230690797858781,0.0035049706856997,461.8059553413132,10.197550746310243,10.12622099412244,10.16188587021634,/gpfs/radev/pi/saxena/aj764/PairedTestingSessions/092724_FiberPho_KL007Y_KL003_TimeOut/Tracking/h5/092724_Cam2_TrNum15_Coop_KL007Y-KL003B.predictions.h5,-0.004524598521539599
092724_FiberPho_KL008G_KL002_TimeOut_TrNum9,2024-09-27,KL006R-KL008G,Unfamiliar,transparent,cooperation,0.1400374591535825,0.0090858372519327,0.0008767035944847,0.0082091336574479,0.0003188013070853,541.0197769707198,9.042004526223664,9.865669856850191,9.453837191536929,/gpfs/radev/pi/saxena/aj764/PairedTestingSessions/092724_FiberPho_KL008G_KL002_TimeOut/Tracking/h5/092724_Cam1_TrNum9_Coop_KL008G-KL006R.predictions.h5,-0.00031880130708520114
093024_FiberPho_KL004G-KL001_TimeOut_TrNum13,2024-09-30,KL001Y-KL004G,Unfamiliar,transparent,cooperation,0.1840930178612851,0.0151356993736951,0.0064950127580607,0.0026675945256321,0.0062050568313616,1435.2597007567051,19.34603816426245,253.2208168816468,136.28342752295464,/gpfs/radev/pi/saxena/aj764/PairedTestingSessions/093024_FiberPho_KL004G-KL001_TimeOut/Tracking/h5/093024_Cam2_TrNum13_Coop_KL004G-KL001Y.predictions.h5,-0.00023196474135930064
093024_FiberPho_KL007Y_KL003_2X_TimeOut_TrNum9,2024-09-30,KL003G-KL007Y,Unfamiliar,transparent,cooperation,0.1204972444889779,0.0073897795591182,0.002567635270541,0.0038827655310621,0.002191883767535,452.07816461122286,14.35139920607806,12.157620061935567,13.254509634006814,/gpfs/radev/pi/saxena/aj764/PairedTestingSessions/093024_FiberPho_KL007Y_KL003_2X_TimeOut/Tracking/h5/093024_Cam1_TrNum9_Coop_KL007Y-KL003G.predictions.h5,-0.0012525050100199008
093024_FiberPho_KL007Y_KL003_2X_TimeOut_TrNum14,2024-09-30,KL003B-KL007Y,Unfamiliar,transparent,cooperation,0.0602576950608446,0.02705798138869,0.0168217609162491,0.0170365068002863,7.158196134574088e-05,422.25369496719384,10.064674617576786,13.42759141269163,11.746133015134207,/gpfs/radev/pi/saxena/aj764/PairedTestingSessions/093024_FiberPho_KL007Y_KL003_2X_TimeOut/Tracking/h5/093024_Cam1_TrNum14_Coop_KL007Y-KL003B.predictions.h5,-0.00687186828919114
100224_FiberPho_KL002Y-KL003_TimeOut_TrNum12,2024-10-02,KL002B-KL002Y,Training Partner,transparent,cooperation,0.0378654770075497,0.0104323953328757,0.0041866849691146,0.0062457103637611,0.0,434.9880827784358,9.99592111536306,10.430568298350646,10.213244706856852,/gpfs/radev/pi/saxena/aj764/PairedTestingSessions/100224_FiberPho_KL002Y-KL003_TimeOut/Tracking/h5/100224_Cam2_TrNum12_Coop_KL002Y-KL002B.predictions.h5,0.0
100224_FiberPho_KL002Y-KL003_TimeOut_TrNum10,2024-10-02,KL002Y-KL003B,Unfamiliar,transparent,cooperation,0.0386741154562383,0.0061824953445065,0.0010428305400372,0.0061824953445065,0.0014897579143389,376.7938921497543,10.980198846706127,10.045202843258185,10.512700844982156,/gpfs/radev/pi/saxena/aj764/PairedTestingSessions/100224_FiberPho_KL002Y-KL003_TimeOut/Tracking/h5/100224_Cam2_TrNum10_Coop_KL002Y-KL003B.predictions.h5,-0.0025325884543761
100224_FiberPho_KL006G-KL008_TimeOut_TrNum12,2024-10-02,KL006G-KL006R,Training Partner,transparent,cooperation,0.1015709245823071,0.0005325168075617,0.0,0.0005325168075617,0.0,462.4663498016558,8.722404675848166,12.498703620370556,10.610554148109362,/gpfs/radev/pi/saxena/aj764/PairedTestingSessions/100224_FiberPho_KL006G-KL008_TimeOut/Tracking/h5/100224_Cam1_TrNum12_Coop_KL006G-KL006R.predictions.h5,0.0
100324_FiberPho_KL002B_TimeOut_Opaque_TrNum5,2024-10-03,KL002B-KL002Y,Training Partner,opaque,cooperation,0.0633358447918628,0.0167168958372574,0.0098417781126389,0.003107929930307,0.005321152759465,438.22765293985685,11.699246935762709,10.890894150243144,11.295070543002923,/gpfs/radev/pi/saxena/aj764/PairedTestingSessions/100324_FiberPho_KL002B_TimeOut_Opaque/Tracking/h5/100324_Cam1_TrNum5_Coop_KL002B-KL002Y.predictions.h5,-0.001553964965153499
100324_FiberPho_KL005Y_TimeOut_Opaque_TrNum6,2024-10-03,KL005B-KL005Y,Training Partner,opaque,cooperation,0.0691043406041001,0.013157319578616,0.0099663417406128,0.0048083227695939,4.37120251781265e-05,411.36192026719755,10.26989749517084,13.331996174078126,11.800946834624485,/gpfs/radev/pi/saxena/aj764/PairedTestingSessions/100324_FiberPho_KL005Y_TimeOut_Opaque/Tracking/h5/100324_Cam1_TrNum6_Coop_KL005Y-KL005B.predictions.h5,-0.0016610569567688275
100324_FiberPho_KL006G_TimeOut_Opaque_TrNum6,2024-10-03,KL006G-KL006R,Training Partner,opaque,cooperation,0.0954419154596512,0.004670410877919,0.0043156961276973,0.0,0.0003547147502216,399.2305292039414,13.652672597363834,13.37309012086918,13.512881359116506,/gpfs/radev/pi/saxena/aj764/PairedTestingSessions/100324_FiberPho_KL006G_TimeOut_Opaque/Tracking/h5/100324_Cam2_TrNum6_Coop_KL006G-KL006R.predictions.h5,1.0061396160665481e-16
040124_TrNum1,2024-04-01,KL005B-KL005Y,Training Partner,transparent,cooperation,0.1234566933454576,0.0413273025155408,0.0098066114277203,0.0256022325523058,0.0095871189257409,710.0375440640013,7.860010453216808,15.848363549954197,11.854187001585505,/gpfs/radev/pi/saxena/aj764/Training_COOPERATION/040124/Tracking/h5/040124_COOPTRAIN_LARGEARENA_KL005B-KL005Y_Camera1.predictions.h5,-0.0036686603902261958
040124_TrNum2,2024-04-01,KL002B-KL002Y,Training Partner,transparent,cooperation,0.1381167916680313,0.0733959977729014,0.0036616120263321,0.0677758490813218,0.0086463826024301,486.3878767739477,6.684137665324163,11.493611850611256,9.088874757967709,/gpfs/radev/pi/saxena/aj764/Training_COOPERATION/040124/Tracking/h5/040124_COOPTRAIN_LARGEARENA_KL002B-KL002Y_Camera2.predictions.h5,-0.006687845937182593
040124_TrNum2,2024-04-01,KL006G-KL006R,Training Partner,transparent,cooperation,0.1373198135629842,0.0283822576164459,0.0069759545636941,0.0209278636910825,0.0018751736271877,786.8418450346459,6.391084198205132,14.97720108653166,10.684142642368396,/gpfs/radev/pi/saxena/aj764/Training_COOPERATION/040124/Tracking/h5/040124_COOPTRAIN_LARGEARENA_KL006R-KL006G_Camera2.predictions.h5,-0.001396734265518404
040124_TrNum4,2024-04-01,KL004G-KL004R,Training Partner,transparent,cooperation,0.152368711941343,0.0509977827050997,0.0032049395312939,0.0320036104624923,0.0182681553283754,718.4147971960232,7.830618535363988,22.53646875376803,15.18354364456601,/gpfs/radev/pi/saxena/aj764/Training_COOPERATION/040124/Tracking/h5/040124_COOPTRAIN_LARGEARENA_KL004R-KL004G_Camera4.predictions.h5,-0.0024789226170619065
040224_TrNum2,2024-04-02,KL002B-KL002Y,Training Partner,transparent,cooperation,0.0673203563317328,0.0272745185477096,0.005828243126925,0.021975172928744,0.0011096477127775,538.2977349532827,6.9354495092083654,15.470609487027732,11.203029498118047,/gpfs/radev/pi/saxena/aj764/Training_COOPERATION/040224/Tracking/h5/040224_COOPTRAIN_LARGEARENA_KL002B-KL002Y_Camera2.predictions.h5,-0.0016385452207368972
040224_TrNum4,2024-04-02,KL004G-KL004R,Training Partner,transparent,cooperation,0.1441683398604457,0.0403653857622805,0.0081009084945231,0.0250979066854859,0.0111822356519491,524.039782626395,8.716403922998389,8.339709413216731,8.52805666810756,/gpfs/radev/pi/saxena/aj764/Training_COOPERATION/040224/Tracking/h5/040224_COOPTRAIN_LARGEARENA_KL004R-KL004G_Camera4.predictions.h5,-0.0040156650696776
040224_TrNum1,2024-04-02,KL005B-KL005Y,Training Partner,transparent,cooperation,0.1413429978118162,0.0446003346634058,0.004529218689664,0.0276338653623374,0.0158241086368902,1050.1026881482285,8.16618808682195,17.18142242909163,12.67380525795679,/gpfs/radev/pi/saxena/aj764/Training_COOPERATION/040224/Tracking/h5/040224_COOPTRAIN_LARGEARENA_KL005B-KL005Y_Camera1.predictions.h5,-0.0033868580254858005
040224_TrNum2,2024-04-02,KL006G-KL006R,Training Partner,transparent,cooperation,0.0781676136363636,0.0133522727272727,0.0034258021390374,0.0093917112299465,0.0018298796791443,438.2694361538312,6.999521934644585,8.584258353206785,7.791890143925685,/gpfs/radev/pi/saxena/aj764/Training_COOPERATION/040224/Tracking/h5/040224_COOPTRAIN_LARGEARENA_KL006R-KL006G_Camera2.predictions.h5,-0.0012951203208554994
040224_TrNum1,2024-04-02,KL001B-KL001Y,Training Partner,transparent,cooperation,0.1889524843877274,0.0299321205538962,0.0082541406462123,0.0136519142003801,0.0102525115395058,691.5042644854727,9.269750266208618,23.80227265429482,16.53601146025172,/gpfs/radev/pi/saxena/aj764/Training_COOPERATION/040224/Tracking/h5/040224_COOPTRAIN_LARGEARENA_KL001B-KL001Y_Camera1.predictions.h5,-0.0022264458322020005
040324_TrNum2,2024-04-03,KL006G-KL006R,Training Partner,transparent,cooperation,0.0990779168220665,0.0258849855974099,0.0022218871757433,0.0209016100746712,0.0041104912751251,458.9301877114682,7.258780297572489,12.539186868692292,9.898983583132392,/gpfs/radev/pi/saxena/aj764/Training_COOPERATION/040324/Tracking/h5/040324_COOPTRAIN_LARGEARENA_KL006R-KL006G_Camera2.predictions.h5,-0.0013490029281297026
040324_TrNum2,2024-04-03,KL002B-KL002Y,Training Partner,transparent,cooperation,0.1144409958842183,0.046683759530396,0.0064165710815734,0.040840699008164,0.0049321908103366,467.4726791502336,6.12209253483219,7.794120373521827,6.958106454177009,/gpfs/radev/pi/saxena/aj764/Training_COOPERATION/040324/Tracking/h5/040324_COOPTRAIN_LARGEARENA_KL002B-KL002Y_Camera2.predictions.h5,-0.005505701369677999
040324_TrNum4,2024-04-03,KL004G-KL004R,Training Partner,transparent,cooperation,0.0833752689951994,0.0222728025161397,0.0012332395298791,0.0173481211719913,0.0061661976493957,489.8479854631666,8.919016142349896,8.588154112148056,8.753585127248975,/gpfs/radev/pi/saxena/aj764/Training_COOPERATION/040324/Tracking/h5/040324_COOPTRAIN_LARGEARENA_KL004R-KL004G_Camera4.predictions.h5,-0.002474755835126399
040324_TrNum1,2024-04-03,KL005B-KL005Y,Training Partner,transparent,cooperation,0.0772326336512157,0.0210075081601172,0.0052667910924756,0.0108233409181942,0.0059911879255831,490.1416028825408,7.593314910561626,10.560014023010416,9.076664466786022,/gpfs/radev/pi/saxena/aj764/Training_COOPERATION/040324/Tracking/h5/040324_COOPTRAIN_LARGEARENA_KL005B-KL005Y_Camera1.predictions.h5,-0.0010738117761357018
040424_TrNum1,2024-04-04,KL005B-KL005Y,Training Partner,transparent,cooperation,0.0620448737698678,0.0124599017706653,0.0056092212334849,0.0067419395762727,0.0008971129274879,394.862994519496,7.923144055175053,7.726108946114559,7.824626500644806,/gpfs/radev/pi/saxena/aj764/Training_COOPERATION/040424/Tracking/h5/040424_COOPTRAIN_LARGEARENA_KL005B-KL005Y_Camera1.predictions.h5,-0.0007883719665802007
040424_TrNum2,2024-04-04,KL006G-KL006R,Training Partner,transparent,cooperation,0.0914135102223931,0.0145645068256104,0.0067695315003524,0.0084599115554701,0.0011616355829007,491.61979810910304,6.927652061711052,10.522664126196048,8.72515809395355,/gpfs/radev/pi/saxena/aj764/Training_COOPERATION/040424/Tracking/h5/040424_COOPTRAIN_LARGEARENA_KL006R-KL006G_Camera2.predictions.h5,-0.0018265718131127982
040524_TrNum1,2024-04-05,KL005B-KL005Y,Training Partner,transparent,cooperation,0.1136036379747458,0.0378135230265586,0.0042397912718143,0.0306938735323799,0.0058704802225121,1986.5213131007984,7.426179332025947,22.674765834517142,15.050472583271546,/gpfs/radev/pi/saxena/aj764/Training_COOPERATION/040524/Tracking/h5/040524_COOPTRAIN_LARGEARENA_KL005B-KL005Y_Camera1.predictions.h5,-0.002990622000147703
040524_TrNum2,2024-04-05,KL006G-KL006R,Training Partner,transparent,cooperation,0.1365668245279537,0.0319023310166676,0.0026016360169752,0.0277200319822867,0.0051171658773602,914.7209857569572,8.569452185277079,41.06503844621695,24.817245315747016,/gpfs/radev/pi/saxena/aj764/Training_COOPERATION/040524/Tracking/h5/040524_COOPTRAIN_LARGEARENA_KL006R-KL006G_Camera2.predictions.h5,-0.003536502859954502
040524_TrNum2,2024-04-05,KL002B-KL002Y,Training Partner,transparent,cooperation,0.0359377119448739,0.0212962209381188,0.0060090610672526,0.0147445809934619,0.0024144760044491,460.7613974520621,6.959902634549247,9.579193309672478,8.269547972110862,/gpfs/radev/pi/saxena/aj764/Training_COOPERATION/040524/Tracking/h5/040524_COOPTRAIN_LARGEARENA_KL002B-KL002Y_Camera2.predictions.h5,-0.0018718971270447996
040524_TrNum1,2024-04-05,KL001B-KL001Y,Training Partner,transparent,cooperation,0.0919978321251947,0.0134137253573606,0.0063003861526996,0.0053112932728134,0.0039157238669466,581.4196478593841,7.8995954104798916,8.750387048118345,8.324991229299119,/gpfs/radev/pi/saxena/aj764/Training_COOPERATION/040524/Tracking/h5/040524_COOPTRAIN_LARGEARENA_KL001B-KL001Y_Camera1.predictions.h5,-0.0021136779350989995
040724_TrNum1,2024-04-07,KL001B-KL001Y,Training Partner,transparent,cooperation,0.0943821542732578,0.0175368283169923,0.0051515655089492,0.0078006627630768,0.0058553847056178,530.0649169216331,9.206085378573414,9.330066470820414,9.268075924696914,/gpfs/radev/pi/saxena/aj764/Training_COOPERATION/040724/Tracking/h5/040724_COOPTRAIN_LARGEARENA_KL001B-KL001Y_Camera1.predictions.h5,-0.0012707846606514984
040724_TrNum4,2024-04-07,KL004G-KL004R,Training Partner,transparent,cooperation,0.1867934878435828,0.0253119918500088,0.0054855709891659,0.0186411457006837,0.0023215720079148,700.7592852660322,12.895444534141197,27.67725861507678,20.286351574608982,/gpfs/radev/pi/saxena/aj764/Training_COOPERATION/040724/Tracking/h5/040724_COOPTRAIN_LARGEARENA_KL004R-KL004G_Camera4.predictions.h5,-0.001136296847755602
040724_TrNum2,2024-04-07,KL002B-KL002Y,Training Partner,transparent,cooperation,0.0799680836482543,0.0258659513226684,0.0076755888860605,0.0172798652855828,0.0026825399933426,860.1527019700741,7.642769681569987,16.31789863981146,11.980334160690724,/gpfs/radev/pi/saxena/aj764/Training_COOPERATION/040724/Tracking/h5/040724_COOPTRAIN_LARGEARENA_KL002B-KL002Y_Camera2.predictions.h5,-0.001772042842317498
040824_TrNum1,2024-04-08,KL001B-KL001Y,Training Partner,transparent,cooperation,0.0575819373634377,0.0126597364761967,0.0047407799774879,0.0059061113686022,0.0031516917168774,503.561480323623,8.763915890616925,13.328766092152224,11.046340991384575,/gpfs/radev/pi/saxena/aj764/Training_COOPERATION/040824/Tracking/h5/040824_COOPTRAIN_LARGEARENA_KL001B-KL001Y_Camera1.predictions.h5,-0.001138846586770801
040824_TrNum2,2024-04-08,KL006G-KL006R,Training Partner,transparent,cooperation,0.1859945676204914,0.0615501231760469,0.0081485692628387,0.0335544185458909,0.0291579811761733,501.09671707289505,11.527799603920917,7.222887003556266,9.37534330373859,/gpfs/radev/pi/saxena/aj764/Training_COOPERATION/040824/Tracking/h5/040824_COOPTRAIN_LARGEARENA_KL006R-KL006G_Camera2.predictions.h5,-0.009310845808856005
040824_TrNum2,2024-04-08,KL002B-KL002Y,Training Partner,transparent,cooperation,0.0636332294636345,0.0125704435457137,0.0038851687330106,0.0080753165815819,0.0019889942319167,459.02937051799813,9.614374928768076,9.158959957463448,9.386667443115762,/gpfs/radev/pi/saxena/aj764/Training_COOPERATION/040824/Tracking/h5/040824_COOPTRAIN_LARGEARENA_KL002B-KL002Y_Camera2.predictions.h5,-0.0013790360007954988
040924_TrNum3,2024-04-09,EB021R-EB023B,Training Partner,transparent,cooperation,0.1030071995569503,0.0652575226139929,0.0115869792628145,0.0499969232662605,0.0154882776444526,615.1963451853015,5.8771680428793385,14.92930876493877,10.403238403909054,/gpfs/radev/pi/saxena/aj764/Training_COOPERATION/040924/Tracking/h5/040924_COOPTRAIN_LARGEARENA_EB021R-EB023B_Camera3.predictions.h5,-0.011814657559534706
040924_TrNum4,2024-04-09,EB027Y-EB029R,Training Partner,transparent,cooperation,0.1721641106466289,0.0429731510155331,0.0089332438572404,0.0288191002727379,0.0099059885363886,640.4736083004416,15.78274546442688,16.443180461863616,16.11296296314525,/gpfs/radev/pi/saxena/aj764/Training_COOPERATION/040924/Tracking/h5/040924_COOPTRAIN_LARGEARENA_EB027Y-EB029R_Camera4.predictions.h5,-0.004685181650833805
040924_TrNum2,2024-04-09,EB011Y-EB015R,Training Partner,transparent,cooperation,0.1376615392182178,0.0587320324123599,0.0080047216791471,0.0459380033691148,0.0112570241125333,499.8731920778187,10.200277807435423,12.089023212948398,11.14465051019191,/gpfs/radev/pi/saxena/aj764/Training_COOPERATION/040924/Tracking/h5/040924_COOPTRAIN_LARGEARENA_EB011Y-EB015R_Camera2.predictions.h5,-0.006467716748435298
041024_TrNum2,2024-04-10,EB009B-EB019Y,Training Partner,transparent,cooperation,0.1223668655448214,0.0464839204241092,0.0101455566433308,0.0329811404399948,0.0070099931654875,571.5238175302089,9.459036541244462,8.550859250135563,9.004947895690012,/gpfs/radev/pi/saxena/aj764/Training_COOPERATION/041024/Tracking/h5/041024_COOPTRAIN_LARGEARENA_EB009B-EB019Y_Camera2.predictions.h5,-0.003652769824703898
041024_TrNum2,2024-04-10,EB011Y-EB015R,Training Partner,transparent,cooperation,0.1468113238422516,0.0667910325642284,0.0067157584683357,0.0512518409425625,0.0179414171166748,508.24290327386086,7.694386728380724,9.459603632908582,8.576995180644653,/gpfs/radev/pi/saxena/aj764/Training_COOPERATION/041024/Tracking/h5/041024_COOPTRAIN_LARGEARENA_EB011Y-EB015R_Camera2.predictions.h5,-0.009117983963344598
041024_TrNum1,2024-04-10,EB001R-EB003B,Training Partner,transparent,cooperation,0.1131587579522196,0.1649672671160412,0.0091522714357654,0.1483859939292859,0.032252401258495,549.3993837335445,17.029874939390492,4.473793648714676,10.751834294052584,/gpfs/radev/pi/saxena/aj764/Training_COOPERATION/041024/Tracking/h5/041024_COOPTRAIN_LARGEARENA_EB001R-EB003B_Camera1.predictions.h5,-0.024823399507505103
041024_TrNum3,2024-04-10,EB021R-EB023B,Training Partner,transparent,cooperation,0.0916205822631087,0.0619152395191987,0.0089774812125802,0.040813261861701,0.0238833645640861,547.2165257226204,5.011287198026738,5.872390239563968,5.441838718795353,/gpfs/radev/pi/saxena/aj764/Training_COOPERATION/041024/Tracking/h5/041024_COOPTRAIN_LARGEARENA_EB021R-EB023B_Camera3.predictions.h5,-0.011758868119168597
041124_TrNum2,2024-04-11,EB005Y-EB007R,Training Partner,transparent,cooperation,0.1726707699126633,0.0492540621128023,0.0061901260186761,0.0361031922716604,0.0110052281129433,513.1699735406651,10.87838969025542,11.182478874775704,11.03043428251556,/gpfs/radev/pi/saxena/aj764/Training_COOPERATION/041124/Tracking/h5/041124_COOPTRAIN_LARGEARENA_EB005Y-EB007R_Camera2.predictions.h5,-0.004044484290477497
041124_TrNum3,2024-04-11,EB031B-EB033Y,Training Partner,transparent,cooperation,0.182979959999772,0.0693109362446509,0.0146895423905549,0.057014569883589,0.0115499233613866,1054.6979202529362,10.469181605323817,21.451077607952033,15.960129606637924,/gpfs/radev/pi/saxena/aj764/Training_COOPERATION/041124/Tracking/h5/041124_COOPTRAIN_LARGEARENA_EB031B-EB033Y_Camera3.predictions.h5,-0.013943099390879602
041124_TrNum3,2024-04-11,EB011Y-EB015R,Training Partner,transparent,cooperation,0.1124603885194611,0.0597517177549973,0.011302475780409,0.0424936873132601,0.0149995472973652,481.35631764757994,6.893285404939327,7.810925293192543,7.352105349065935,/gpfs/radev/pi/saxena/aj764/Training_COOPERATION/041124/Tracking/h5/041124_COOPTRAIN_LARGEARENA_EB011Y-EB015R_Camera3.predictions.h5,-0.009043992636037005
041124_TrNum2,2024-04-11,EB027Y-EB029R,Training Partner,transparent,cooperation,0.1655454944854304,0.0484700136366489,0.00477567997809,0.0272390635787359,0.0204492676720129,960.8384822360284,58.87050301950377,10.814133740559749,34.84231838003176,/gpfs/radev/pi/saxena/aj764/Training_COOPERATION/041124/Tracking/h5/041124_COOPTRAIN_LARGEARENA_EB027Y-EB029R_Camera2.predictions.h5,-0.003993997592189904
041124_TrNum1,2024-04-11,EB021R-EB023B,Training Partner,transparent,cooperation,0.0912170060385578,0.0672851579205465,0.0038261305902276,0.0501730597070244,0.0205561859579296,453.90959078455194,5.509930725801957,5.302546218904648,5.406238472353302,/gpfs/radev/pi/saxena/aj764/Training_COOPERATION/041124/Tracking/h5/041124_COOPTRAIN_LARGEARENA_EB021R-EB023B_Camera1.predictions.h5,-0.007270218334635106
041124_TrNum1,2024-04-11,EB001R-EB003B,Training Partner,transparent,cooperation,0.0889782832254552,0.1292218659891517,0.0106214586736031,0.1140735587683745,0.0173461980521444,443.7314565191856,7.815952022831694,4.399426365671918,6.107689194251806,/gpfs/radev/pi/saxena/aj764/Training_COOPERATION/041124/Tracking/h5/041124_COOPTRAIN_LARGEARENA_EB001R-EB003B_Camera1.predictions.h5,-0.012819349504970302
041124_TrNum4,2024-04-11,EB009B-EB019Y,Training Partner,transparent,cooperation,0.1785044188996034,0.0606365631228232,0.005641898013005,0.0388138425301471,0.019547842892517,691.4117373179095,11.482563586739984,23.316844385427167,17.399703986083576,/gpfs/radev/pi/saxena/aj764/Training_COOPERATION/041124/Tracking/h5/041124_COOPTRAIN_LARGEARENA_EB009B-EB019Y_Camera4.predictions.h5,-0.0033670203128459003
041224_TrNum3,2024-04-12,EB011Y-EB015R,Training Partner,transparent,cooperation,0.1276085780310576,0.0503638229984678,0.0129499749697867,0.032665692426717,0.0115391811327814,502.0221987036731,10.53539530192252,8.500055561628178,9.51772543177535,/gpfs/radev/pi/saxena/aj764/Training_COOPERATION/041224/Tracking/h5/041224_COOPTRAIN_LARGEARENA_EB011Y-EB015R_Camera3.predictions.h5,-0.006791025530817299
041224_TrNum1,2024-04-12,EB001R-EB003B,Training Partner,transparent,cooperation,0.1128766416415403,0.0859269077442985,0.0044822631887811,0.0697634417305785,0.0207165550316692,489.06577584460064,6.136464694414749,3.8429220604837457,4.989693377449247,/gpfs/radev/pi/saxena/aj764/Training_COOPERATION/041224/Tracking/h5/041224_COOPTRAIN_LARGEARENA_EB001R-EB003B_Camera1.predictions.h5,-0.009035352206730303
041324_TrNum1,2024-04-13,EB001R-EB003B,Training Partner,transparent,cooperation,0.151886339504178,0.1114399150547066,0.0081067356077743,0.0852315220903928,0.030395641937122,461.81174765023206,7.826977555628992,4.565756320166496,6.196366937897745,/gpfs/radev/pi/saxena/aj764/Training_COOPERATION/041324/Tracking/h5/041324_COOPTRAIN_LARGEARENA_EB001R-EB003B_Camera1.predictions.h5,-0.0122939845805825
041424_TrNum3,2024-04-14,EB031B-EB033Y,Training Partner,transparent,cooperation,0.1465775954466496,0.0918108068152419,0.0185580441290608,0.0624838304320508,0.0223047640167054,819.7854532330666,6.8155993220353555,18.993500145980576,12.904549734007963,/gpfs/radev/pi/saxena/aj764/Training_COOPERATION/041424/Tracking/h5/041424_COOPTRAIN_LARGEARENA_EB031B-EB033Y_Camera3.predictions.h5,-0.011535831762575104
041424_TrNum1,2024-04-14,EB001R-EB003B,Training Partner,transparent,cooperation,0.1527552794112208,0.0986907799844668,0.0136284625910721,0.0646427382669477,0.0325918118273604,632.4790706460692,10.807674748751964,3.9503277146350646,7.379001231693515,/gpfs/radev/pi/saxena/aj764/Training_COOPERATION/041424/Tracking/h5/041424_COOPTRAIN_LARGEARENA_EB001R-EB003B_Camera1.predictions.h5,-0.012172232700913402
041524_TrNum1,2024-04-15,EB001R-EB003B,Training Partner,transparent,cooperation,0.1765973215751577,0.1156741797030748,0.0092970893824612,0.0806576447686281,0.0407486455426038,631.4018806713285,9.727850757684225,12.474752791759832,11.101301774722028,/gpfs/radev/pi/saxena/aj764/Training_COOPERATION/041524/Tracking/h5/041524_COOPTRAIN_LARGEARENA_EB001R-EB003B_Camera1.predictions.h5,-0.01502919999061831
041524_TrNum3,2024-04-15,EB031B-EB033Y,Training Partner,transparent,cooperation,0.1830527607591853,0.1008468701403331,0.037111460850992,0.0576789762614055,0.0258276656736552,1936.473309967579,7.008718482059678,132.58426694829762,69.79649271517866,/gpfs/radev/pi/saxena/aj764/Training_COOPERATION/041524/Tracking/h5/041524_COOPTRAIN_LARGEARENA_EB031B-EB033Y_Camera3.predictions.h5,-0.019771232645719602
041524_TrNum2,2024-04-15,EB011Y-EB015R,Training Partner,transparent,cooperation,0.1585034767432196,0.0531484610909493,0.0072951584157501,0.0438817630273984,0.0050142671136105,718.6696157353991,9.265147179978252,10.404337480963862,9.834742330471055,/gpfs/radev/pi/saxena/aj764/Training_COOPERATION/041524/Tracking/h5/041524_COOPTRAIN_LARGEARENA_EB011Y-EB015R_Camera2.predictions.h5,-0.0030427274658096993
041524_TrNum3,2024-04-15,EB021R-EB023B,Training Partner,transparent,cooperation,0.0948288033072036,0.0773926243085,0.0053197624792953,0.0570132740300545,0.0393237949792146,416.6013173901595,7.110279184280538,5.02581593934239,6.068047561811464,/gpfs/radev/pi/saxena/aj764/Training_COOPERATION/041524/Tracking/h5/041524_COOPTRAIN_LARGEARENA_EB021R-EB023B_Camera3.predictions.h5,-0.02426420718006441
041624_TrNum2,2024-04-16,EB011Y-EB015R,Training Partner,transparent,cooperation,0.1449529001354854,0.0622326295913033,0.0072330029764127,0.0556343813008737,0.0057394625388053,2010.014689848505,17.67352185286517,7.8973921292855245,12.785456991075348,/gpfs/radev/pi/saxena/aj764/Training_COOPERATION/041624/Tracking/h5/041624_COOPTRAIN_LARGEARENA_EB011Y-EB015R_Camera2.predictions.h5,-0.006374217224788398
041624_TrNum3,2024-04-16,EB021R-EB023B,Training Partner,transparent,cooperation,0.0701331957043889,0.0454109348843056,0.0036392268958717,0.0375700551177455,0.0101766017560923,446.3956145888434,4.440781601961659,3.9982247920101086,4.219503196985883,/gpfs/radev/pi/saxena/aj764/Training_COOPERATION/041624/Tracking/h5/041624_COOPTRAIN_LARGEARENA_EB021R-EB023B_Camera3.predictions.h5,-0.005974948885403897
041624_TrNum3,2024-04-16,EB031B-EB033Y,Training Partner,transparent,cooperation,0.111782112589366,0.1430803465744993,0.0314379054022063,0.0924829948076953,0.0422723040260088,422.48422889710014,5.737394806251519,4.096773975710032,4.917084390980776,/gpfs/radev/pi/saxena/aj764/Training_COOPERATION/041624/Tracking/h5/041624_COOPTRAIN_LARGEARENA_EB031B-EB033Y_Camera3.predictions.h5,-0.023112857661411093
041624_TrNum1,2024-04-16,EB001R-EB003B,Training Partner,transparent,cooperation,0.1049346867596736,0.0787707291392471,0.0040635693603579,0.0689572913924717,0.017447025533035,432.2954743775523,6.71401872064808,3.925096585699441,5.31955765317376,/gpfs/radev/pi/saxena/aj764/Training_COOPERATION/041624/Tracking/h5/041624_COOPTRAIN_LARGEARENA_EB001R-EB003B_Camera1.predictions.h5,-0.011697157146617499
041624_TrNum4,2024-04-16,EB027Y-EB029R,Training Partner,transparent,cooperation,0.1795146480104941,0.053139616541453,0.0042267890977991,0.0197426826198142,0.0331385565316479,645.4887750523333,14.264548041701664,14.747036172406814,14.50579210705424,/gpfs/radev/pi/saxena/aj764/Training_COOPERATION/041624/Tracking/h5/041624_COOPTRAIN_LARGEARENA_EB027Y-EB029R_Camera4.predictions.h5,-0.0039684117078082025
041724_TrNum2,2024-04-17,EB011Y-EB015R,Training Partner,transparent,cooperation,0.1308898697411311,0.0412909199294801,0.0102799233920576,0.0324632497495021,0.0035513615666577,455.8036760623974,8.9255278402453,7.825441016408569,8.375484428326935,/gpfs/radev/pi/saxena/aj764/Training_COOPERATION/041724/Tracking/h5/041724_COOPTRAIN_LARGEARENA_EB011Y-EB015R_Camera2.predictions.h5,-0.005003614778737298
041724_TrNum3,2024-04-17,EB021R-EB023B,Training Partner,transparent,cooperation,0.0690630323679727,0.0387825973004848,0.0035447516708164,0.0283776700301402,0.0152863320665705,475.2253509114435,7.211599717237123,6.561785252177079,6.886692484707101,/gpfs/radev/pi/saxena/aj764/Training_COOPERATION/041724/Tracking/h5/041724_COOPTRAIN_LARGEARENA_EB021R-EB023B_Camera3.predictions.h5,-0.008426156467042303
041824_TrNum2,2024-04-18,EB011Y-EB015R,Training Partner,transparent,cooperation,0.1121332131724942,0.0294090897816435,0.0029433893624585,0.0260192312462277,0.0010913690894509,441.6393168816767,7.421488186408455,7.100995559655324,7.2612418730318895,/gpfs/radev/pi/saxena/aj764/Training_COOPERATION/041824/Tracking/h5/041824_COOPTRAIN_LARGEARENA_EB011Y-EB015R_Camera2.predictions.h5,-0.0006448999164936008
041824_TrNum1,2024-04-18,EB005Y-EB007R,Training Partner,transparent,cooperation,0.1712006821304988,0.0204059669862083,0.0036921141078494,0.0147022301693736,0.0042798721833142,495.84365611612907,9.291073838915244,11.256392991981045,10.273733415448143,/gpfs/radev/pi/saxena/aj764/Training_COOPERATION/041824/Tracking/h5/041824_COOPTRAIN_LARGEARENA_EB005Y-EB007R_Camera1.predictions.h5,-0.0022682494743289
041824_TrNum3,2024-04-18,EB021R-EB023B,Training Partner,transparent,cooperation,0.0534180963883328,0.0279767715037307,0.0021176976655692,0.0210694373211124,0.0138643019042734,464.06118183336247,6.470201627922107,6.504567259796175,6.48738444385914,/gpfs/radev/pi/saxena/aj764/Training_COOPERATION/041824/Tracking/h5/041824_COOPTRAIN_LARGEARENA_EB021R-EB023B_Camera3.predictions.h5,-0.009074665387224299
041824_TrNum4,2024-04-18,EB027Y-EB029R,Training Partner,transparent,cooperation,0.180099720880923,0.014494314087645,0.0026006940705831,0.0044311188782229,0.0081996405410106,726.6647852077166,13.539857981625488,31.720198583457368,22.630028282541428,/gpfs/radev/pi/saxena/aj764/Training_COOPERATION/041824/Tracking/h5/041824_COOPTRAIN_LARGEARENA_EB027Y-EB029R_Camera4.predictions.h5,-0.0007371394021715993
041824_TrNum2,2024-04-18,EB003B-EB019Y,Training Partner,transparent,cooperation,0.1753567862407195,0.1247274431621348,0.0257103459518941,0.1019719190039193,0.0149846824755293,663.8492001123718,10.230159993284015,13.189113155492969,11.70963657438849,/gpfs/radev/pi/saxena/aj764/Training_COOPERATION/041824/Tracking/h5/041824_COOPTRAIN_LARGEARENA_EB003B-EB019Y_Camera2.predictions.h5,-0.017939504269207904
041924_TrNum4,2024-04-19,EB027Y-EB029R,Training Partner,transparent,cooperation,0.185549558390579,0.0248650637880274,0.001778704612365,0.0104575564278704,0.0135856231599607,1069.7897838080155,12.4371134607427,62.43853753152949,37.4378254961361,/gpfs/radev/pi/saxena/aj764/Training_COOPERATION/041924/Tracking/h5/041924_COOPTRAIN_LARGEARENA_EB027Y-EB029R_Camera4.predictions.h5,-0.0009568204121687025
041924_TrNum2,2024-04-19,EB011Y-EB015R,Training Partner,transparent,cooperation,0.1146320324881141,0.0278575673534072,0.0096634805863708,0.0182931358954041,0.0037267234548335,503.1237037342535,8.256558333707662,13.729811581132225,10.993184957419944,/gpfs/radev/pi/saxena/aj764/Training_COOPERATION/041924/Tracking/h5/041924_COOPTRAIN_LARGEARENA_EB011Y-EB015R_Camera2.predictions.h5,-0.003825772583201202
041924_TrNum1,2024-04-19,EB005Y-EB007R,Training Partner,transparent,cooperation,0.1800499831787379,0.0217303242727378,0.0030690221010786,0.0171576873167683,0.0028355841784014,477.9364818694863,11.238154601451608,11.434612775669896,11.336383688560751,/gpfs/radev/pi/saxena/aj764/Training_COOPERATION/041924/Tracking/h5/041924_COOPTRAIN_LARGEARENA_EB005Y-EB007R_Camera1.predictions.h5,-0.001331969323510502
041924_TrNum2,2024-04-19,EB003B-EB019Y,Training Partner,transparent,cooperation,0.1691528354080221,0.1252697095435684,0.0332641770401106,0.084460580912863,0.0233056708160442,651.8245117225486,8.976247837910575,50.904766771285075,29.940507304597823,/gpfs/radev/pi/saxena/aj764/Training_COOPERATION/041924/Tracking/h5/041924_COOPTRAIN_LARGEARENA_EB003B-EB019Y_Camera2.predictions.h5,-0.015760719225449412
041924_TrNum3,2024-04-19,EB009B-EB033Y,Training Partner,transparent,cooperation,0.1305438694658018,0.0775910306094957,0.0062794023169543,0.0517549858730717,0.0430854040163305,705.0148854364181,5.037858001536953,18.073532005923617,11.555695003730284,/gpfs/radev/pi/saxena/aj764/Training_COOPERATION/041924/Tracking/h5/041924_COOPTRAIN_LARGEARENA_EB009B-EB033Y_Camera3.predictions.h5,-0.023528761596860806
041924_TrNum3,2024-04-19,EB021R-EB023B,Training Partner,transparent,cooperation,0.0726429552253445,0.0243183267127654,0.0038436074738855,0.019162865970281,0.0052412829189348,513.0540144901533,5.666558876481472,7.842217990023818,6.754388433252645,/gpfs/radev/pi/saxena/aj764/Training_COOPERATION/041924/Tracking/h5/041924_COOPTRAIN_LARGEARENA_EB021R-EB023B_Camera3.predictions.h5,-0.003929429650335898
042224_TrNum3,2024-04-22,EB027Y-EB029R,Training Partner,transparent,cooperation,0.1449890212123182,0.0221976581920762,0.0043865133471047,0.0158554701371973,0.0053918601917661,704.6543774469897,15.576048067014,9.704468921067653,12.640258494040824,/gpfs/radev/pi/saxena/aj764/Training_COOPERATION/042224/Tracking/h5/042224_COOPTRAIN_LARGEARENA_EB027Y-EB029R_Camera3.predictions.h5,-0.0034361854839918982
042224_TrNum4,2024-04-22,EB021R-EB023B,Training Partner,transparent,cooperation,0.0741929255875867,0.0192864618792614,0.0020729390007214,0.0162278607066283,0.0021135848634807,456.4346792266452,6.689920876920064,6.825870521596751,6.757895699258407,/gpfs/radev/pi/saxena/aj764/Training_COOPERATION/042224/Tracking/h5/042224_COOPTRAIN_LARGEARENA_EB021R-EB023B_Camera4.predictions.h5,-0.0011279226915690017
042224_TrNum2,2024-04-22,EB011Y-EB015R,Training Partner,transparent,cooperation,0.1159053278480369,0.0295698105541165,0.0076997308141601,0.0214028137538727,0.0016760627761694,609.2954924940449,9.493497368127892,8.194073697518427,8.843785532823158,/gpfs/radev/pi/saxena/aj764/Training_COOPERATION/042224/Tracking/h5/042224_COOPTRAIN_LARGEARENA_EB011Y-EB015R_Camera2.predictions.h5,-0.0012087967900856979
042224_TrNum2,2024-04-22,EB003B-EB019Y,Training Partner,transparent,cooperation,0.1786890482603113,0.13174657856002,0.0344743352854592,0.1049387742319376,0.0105414800663931,577.5947952588937,9.056371888941936,37.46594282643932,23.261157357690628,/gpfs/radev/pi/saxena/aj764/Training_COOPERATION/042224/Tracking/h5/042224_COOPTRAIN_LARGEARENA_EB003B-EB019Y_Camera2.predictions.h5,-0.018208011023769906
042224_TrNum3,2024-04-22,EB009B-EB033Y,Training Partner,transparent,cooperation,0.1147618875560052,0.0532470973647444,0.0189333718745483,0.0409620850797321,0.0135556679674326,664.6504798903251,3.766730347753874,10.981359056439675,7.374044702096776,/gpfs/radev/pi/saxena/aj764/Training_COOPERATION/042224/Tracking/h5/042224_COOPTRAIN_LARGEARENA_EB009B-EB033Y_Camera3.predictions.h5,-0.020204027556968596
042224_TrNum1,2024-04-22,EB005Y-EB007R,Training Partner,transparent,cooperation,0.1548385128538887,0.0222807517084282,0.0035999023755287,0.019006264236902,0.0004881223560039,522.098702002516,9.750456661205266,17.75305709816774,13.751756879686504,/gpfs/radev/pi/saxena/aj764/Training_COOPERATION/042224/Tracking/h5/042224_COOPTRAIN_LARGEARENA_EB005Y-EB007R_Camera1.predictions.h5,-0.0008135372600064009
042324_TrNum4,2024-04-23,EB027Y-EB029R,Training Partner,transparent,cooperation,0.1443251586644591,0.0180825745033112,0.0015521523178807,0.0064069398454746,0.0119343267108167,587.7001459692681,11.748006461665348,12.488341401277475,12.118173931471413,/gpfs/radev/pi/saxena/aj764/Training_COOPERATION/042324/Tracking/h5/042324_COOPTRAIN_LARGEARENA_EB027Y-EB029R_Camera4.predictions.h5,-0.0018108443708607994
042324_TrNum3,2024-04-23,EB009B-EB033Y,Training Partner,transparent,cooperation,0.169992940641564,0.0956243942711511,0.0448807686325185,0.0612010481352525,0.0120128743553848,5247.6774318526195,4.8816363914178345,385.6813857433854,195.2815110674016,/gpfs/radev/pi/saxena/aj764/Training_COOPERATION/042324/Tracking/h5/042324_COOPTRAIN_LARGEARENA_EB009B-EB033Y_Camera3.predictions.h5,-0.02247029685200469
042324_TrNum3,2024-04-23,EB021R-EB023B,Training Partner,transparent,cooperation,0.053543381832617,0.026691865582768,0.0020193651944286,0.0205733616389651,0.0080602012461381,469.74951308495906,5.793339125241833,5.365524390646908,5.579431757944371,/gpfs/radev/pi/saxena/aj764/Training_COOPERATION/042324/Tracking/h5/042324_COOPTRAIN_LARGEARENA_EB021R-EB023B_Camera3.predictions.h5,-0.003961062496763803
042324_TrNum2,2024-04-23,EB011Y-EB015R,Training Partner,transparent,cooperation,0.1222329536145149,0.0207738675267111,0.0064762036166708,0.0131593697989876,0.0031303088053948,461.6552142396238,9.703479853684165,9.397658392044836,9.550569122864502,/gpfs/radev/pi/saxena/aj764/Training_COOPERATION/042324/Tracking/h5/042324_COOPTRAIN_LARGEARENA_EB011Y-EB015R_Camera2.predictions.h5,-0.001992014694342102
042324_TrNum1,2024-04-23,EB005Y-EB007R,Training Partner,transparent,cooperation,0.1882338756211621,0.0339238500426308,0.0104553323055988,0.0233737824360752,0.0037635751380121,668.1364742160561,18.02399169412575,22.94994911737077,20.48697040574826,/gpfs/radev/pi/saxena/aj764/Training_COOPERATION/042324/Tracking/h5/042324_COOPTRAIN_LARGEARENA_EB005Y-EB007R_Camera1.predictions.h5,-0.0036688398370553
042424_TrNum3,2024-04-24,EB021R-EB023B,Training Partner,transparent,cooperation,0.0673039898205946,0.0583983425156721,0.0076278921036327,0.0515432324941541,0.0064820428094625,430.5946859986234,6.3150278358869185,6.355252211397629,6.335140023642274,/gpfs/radev/pi/saxena/aj764/Training_COOPERATION/042424/Tracking/h5/042424_COOPTRAIN_LARGEARENA_EB021R-EB023B_Camera3.predictions.h5,-0.0072548248915772036
042424_TrNum4,2024-04-24,EB027Y-EB029R,Training Partner,transparent,cooperation,0.1678709917723665,0.0298908524945625,0.0052146035504532,0.0116530426280537,0.0169075538587401,874.4124938902429,13.43946377135717,32.73861053494736,23.089037153152265,/gpfs/radev/pi/saxena/aj764/Training_COOPERATION/042424/Tracking/h5/042424_COOPTRAIN_LARGEARENA_EB027Y-EB029R_Camera4.predictions.h5,-0.003884347542684496
042424_TrNum1,2024-04-24,EB005Y-EB007R,Training Partner,transparent,cooperation,0.1679678866713709,0.0254230518313384,0.0034616357560345,0.0152245403347135,0.0089003980881119,458.78043108152735,12.320634308212709,16.516503848282486,14.418569078247597,/gpfs/radev/pi/saxena/aj764/Training_COOPERATION/042424/Tracking/h5/042424_COOPTRAIN_LARGEARENA_EB005Y-EB007R_Camera1.predictions.h5,-0.0021635223475215005
042424_TrNum3,2024-04-24,EB009B-EB033Y,Training Partner,transparent,cooperation,0.1545716036871393,0.0753933818398072,0.0122459630193762,0.0582987942156333,0.0191335586719987,658.1426433388401,6.963969260744691,12.072290196931965,9.518129728838328,/gpfs/radev/pi/saxena/aj764/Training_COOPERATION/042424/Tracking/h5/042424_COOPTRAIN_LARGEARENA_EB009B-EB033Y_Camera3.predictions.h5,-0.014284934067200987
042424_TrNum2,2024-04-24,EB011Y-EB015R,Training Partner,transparent,cooperation,0.11048627367525,0.0176500319216854,0.004322728240051,0.0127354224303043,0.0024007767610129,455.6687692412051,7.643417315284187,8.479256413996344,8.061336864640266,/gpfs/radev/pi/saxena/aj764/Training_COOPERATION/042424/Tracking/h5/042424_COOPTRAIN_LARGEARENA_EB011Y-EB015R_Camera2.predictions.h5,-0.0018088955096828003
042524_TrNum1,2024-04-25,EB005Y-EB007R,Training Partner,transparent,cooperation,0.180796541733244,0.0225490131077327,0.0059273207051787,0.0155409840413188,0.0024332513409402,488.6952984402,11.284811123313036,16.31634488518879,13.800578004250914,/gpfs/radev/pi/saxena/aj764/Training_COOPERATION/042524/Tracking/h5/042524_COOPTRAIN_LARGEARENA_EB005Y-EB007R_Camera1.predictions.h5,-0.001352542979704999
042524_TrNum3,2024-04-25,EB021R-EB023B,Training Partner,transparent,cooperation,0.0546071259180476,0.0249148425485433,0.0070784885809965,0.0178866579473101,0.0065682625005389,465.07240725111194,6.909091785933616,5.88864771349827,6.398869749715943,/gpfs/radev/pi/saxena/aj764/Training_COOPERATION/042524/Tracking/h5/042524_COOPTRAIN_LARGEARENA_EB021R-EB023B_Camera3.predictions.h5,-0.0066185664803022
042524_TrNum2,2024-04-25,EB011Y-EB015R,Training Partner,transparent,cooperation,0.1001514916096954,0.011232390718873,0.0014825460948829,0.0069724984462399,0.0033276362129687,399.2240349377873,8.084699503217438,8.414884822027812,8.249792162622626,/gpfs/radev/pi/saxena/aj764/Training_COOPERATION/042524/Tracking/h5/042524_COOPTRAIN_LARGEARENA_EB011Y-EB015R_Camera2.predictions.h5,-0.0005502900352185001
042524_TrNum4,2024-04-25,EB027Y-EB029R,Training Partner,transparent,cooperation,0.1715864387162707,0.0357624374357427,0.0019454174952134,0.0118879784280287,0.0248964188311488,878.9739237447325,10.589625246713888,17.099534325299704,13.844579786006795,/gpfs/radev/pi/saxena/aj764/Training_COOPERATION/042524/Tracking/h5/042524_COOPTRAIN_LARGEARENA_EB027Y-EB029R_Camera4.predictions.h5,-0.002967377318648202
042624_TrNum4,2024-04-26,EB027Y-EB029R,Training Partner,transparent,cooperation,0.1902785610606214,0.0480016271738025,0.0055518060704677,0.014085223227906,0.0330612131690134,778.8450104575192,13.929532963861783,56.310490183032414,35.1200115734471,/gpfs/radev/pi/saxena/aj764/Training_COOPERATION/042624/Tracking/h5/042624_COOPTRAIN_LARGEARENA_EB027Y-EB029R_Camera4.predictions.h5,-0.004696615293584602
042624_TrNum3,2024-04-26,EB021R-EB023B,Training Partner,transparent,cooperation,0.0589508434848634,0.0275197253309563,0.0068073024990921,0.0200389554653197,0.0078571192763527,413.8940353525206,6.881052272653125,6.747565423491057,6.814308848072091,/gpfs/radev/pi/saxena/aj764/Training_COOPERATION/042624/Tracking/h5/042624_COOPTRAIN_LARGEARENA_EB021R-EB023B_Camera3.predictions.h5,-0.007183651909808204
042624_TrNum1,2024-04-26,EB005Y-EB007R,Training Partner,transparent,cooperation,0.1703904255599126,0.0231202463352369,0.0019738400400031,0.0171066136800273,0.005651761981209,489.5907693808071,12.168059499608557,14.367374441176755,13.267716970392655,/gpfs/radev/pi/saxena/aj764/Training_COOPERATION/042624/Tracking/h5/042624_COOPTRAIN_LARGEARENA_EB005Y-EB007R_Camera1.predictions.h5,-0.0016119693660024996
043024_TrNum3,2024-04-30,EB021R-EB023B,Training Partner,transparent,cooperation,0.0473482051750027,0.0273931691291759,0.0068690321135547,0.0196032885076447,0.0073501961988037,454.6537030212372,6.20811700860097,6.48328616800669,6.345701588303831,/gpfs/radev/pi/saxena/aj764/Training_COOPERATION/043024/Tracking/h5/043024_COOPTRAIN_LARGEARENA_EB021R-EB023B_Camera3.predictions.h5,-0.0064293476908272
043024_TrNum1,2024-04-30,EB005Y-EB007R,Training Partner,transparent,cooperation,0.1604147156081915,0.0251945533353776,0.0040692518709442,0.0212579043767248,0.0012514399847506,455.62758121861754,7.99503888722058,13.944971883606122,10.970005385413351,/gpfs/radev/pi/saxena/aj764/Training_COOPERATION/043024/Tracking/h5/043024_COOPTRAIN_LARGEARENA_EB005Y-EB007R_Camera1.predictions.h5,-0.0013840428970419978
